{
	"credit": "Made with Blockbench",
	"textures": {
		"0": "simplyswords:item/dragonstone_blade",
		"1": "simplyswords:item/dragonstone_handle",
		"particle": "simplyswords:item/dragonstone_handle"
	},
	"elements": [
		{
			"from": [8, 28.54853, 7.9],
			"to": [8.4, 28.94853, 8.1],
			"rotation": {"angle": 45, "axis": "z", "origin": [8, 28.54853, 8]},
			"faces": {
				"north": {"uv": [6.5, 1, 6.6875, 1.1875], "texture": "#0"},
				"east": {"uv": [6.5, 2.5, 6.625, 2.6875], "texture": "#0"},
				"south": {"uv": [1.5, 6.5, 1.6875, 6.6875], "texture": "#0"},
				"west": {"uv": [6.5, 3, 6.625, 3.1875], "texture": "#0"},
				"up": {"uv": [6.6875, 3.625, 6.5, 3.5], "texture": "#0"},
				"down": {"uv": [6.6875, 4, 6.5, 4.125], "texture": "#0"}
			}
		},
		{
			"from": [8.77433, 26.54957, 7.9],
			"to": [9.17433, 28.84957, 8.1],
			"rotation": {"angle": 22.5, "axis": "z", "origin": [8.77433, 26.59957, 8]},
			"faces": {
				"north": {"uv": [5, 0, 5.1875, 1.125], "texture": "#0"},
				"east": {"uv": [2, 5.5, 2.125, 6.625], "texture": "#0"},
				"south": {"uv": [5, 1.5, 5.1875, 2.625], "texture": "#0"},
				"west": {"uv": [5.5, 2, 5.625, 3.125], "texture": "#0"},
				"up": {"uv": [6.6875, 4.625, 6.5, 4.5], "texture": "#0"},
				"down": {"uv": [5.1875, 6.5, 5, 6.625], "texture": "#0"}
			}
		},
		{
			"from": [7.10486, 17.35973, 7.9],
			"to": [7.50486, 17.95973, 8.1],
			"rotation": {"angle": 22.5, "axis": "z", "origin": [7.10486, 17.25973, 8]},
			"faces": {
				"north": {"uv": [6, 2, 6.1875, 2.3125], "texture": "#0"},
				"east": {"uv": [6.5, 0, 6.625, 0.3125], "texture": "#0"},
				"south": {"uv": [6, 2.5, 6.1875, 2.8125], "texture": "#0"},
				"west": {"uv": [0.5, 6.5, 0.625, 6.8125], "texture": "#0"},
				"up": {"uv": [6.6875, 5.125, 6.5, 5], "texture": "#0"},
				"down": {"uv": [5.6875, 6.5, 5.5, 6.625], "texture": "#0"}
			}
		},
		{
			"from": [8.52558, 17.51281, 7.9],
			"to": [8.92558, 18.11281, 8.1],
			"rotation": {"angle": -22.5, "axis": "z", "origin": [8.52558, 17.41281, 8]},
			"faces": {
				"north": {"uv": [6, 3, 6.1875, 3.3125], "texture": "#0"},
				"east": {"uv": [6.5, 0.5, 6.625, 0.8125], "texture": "#0"},
				"south": {"uv": [6, 3.5, 6.1875, 3.8125], "texture": "#0"},
				"west": {"uv": [1, 6.5, 1.125, 6.8125], "texture": "#0"},
				"up": {"uv": [6.6875, 5.625, 6.5, 5.5], "texture": "#0"},
				"down": {"uv": [6.1875, 6.5, 6, 6.625], "texture": "#0"}
			}
		},
		{
			"from": [8.76301, 17.90645, 7.9],
			"to": [9.16301, 26.70645, 8.1],
			"rotation": {"angle": 0, "axis": "z", "origin": [8.76301, 24.45645, 8]},
			"faces": {
				"north": {"uv": [3, 0, 3.1875, 4.375], "texture": "#0"},
				"east": {"uv": [3, 4.5, 3.125, 8.875], "texture": "#0"},
				"south": {"uv": [3.5, 0, 3.6875, 4.375], "texture": "#0"},
				"west": {"uv": [3.5, 4.5, 3.625, 8.875], "texture": "#0"},
				"up": {"uv": [6.6875, 6.125, 6.5, 6], "texture": "#0"},
				"down": {"uv": [6.6875, 6.5, 6.5, 6.625], "texture": "#0"}
			}
		},
		{
			"from": [7.2, 16.64853, 7.8],
			"to": [8.8, 26.74853, 8.2],
			"rotation": {"angle": 0, "axis": "z", "origin": [8, 17.24853, 8]},
			"faces": {
				"north": {"uv": [0, 0, 0.8125, 5.0625], "texture": "#0"},
				"east": {"uv": [2, 0, 2.1875, 5.0625], "texture": "#0"},
				"south": {"uv": [1, 0, 1.8125, 5.0625], "texture": "#0"},
				"west": {"uv": [2.5, 0, 2.6875, 5.0625], "texture": "#0"},
				"up": {"uv": [6.3125, 0.6875, 5.5, 0.5], "texture": "#0"},
				"down": {"uv": [1.8125, 5.5, 1, 5.6875], "texture": "#0"}
			}
		},
		{
			"from": [7.2, 26.74853, 7.8],
			"to": [8.8, 27.24853, 8.2],
			"rotation": {"angle": 0, "axis": "y", "origin": [8, 17.24853, 8]},
			"faces": {
				"north": {"uv": [0, 5.5, 0.8125, 5.75], "texture": "#0"},
				"east": {"uv": [5, 6, 5.1875, 6.25], "texture": "#0"},
				"south": {"uv": [5.5, 0, 6.3125, 0.25], "texture": "#0"},
				"west": {"uv": [6, 5, 6.1875, 5.25], "texture": "#0"},
				"up": {"uv": [6.3125, 1.1875, 5.5, 1], "texture": "#0"},
				"down": {"uv": [6.3125, 1.5, 5.5, 1.6875], "texture": "#0"}
			}
		},
		{
			"from": [7.5, 27.24853, 7.8],
			"to": [8.5, 27.74853, 8.2],
			"rotation": {"angle": 0, "axis": "y", "origin": [8, 17.24853, 8]},
			"faces": {
				"north": {"uv": [5.5, 5, 6, 5.25], "texture": "#0"},
				"east": {"uv": [5.5, 6, 5.6875, 6.25], "texture": "#0"},
				"south": {"uv": [5.5, 5.5, 6, 5.75], "texture": "#0"},
				"west": {"uv": [6, 5.5, 6.1875, 5.75], "texture": "#0"},
				"up": {"uv": [0.5, 6.1875, 0, 6], "texture": "#0"},
				"down": {"uv": [1, 6, 0.5, 6.1875], "texture": "#0"}
			}
		},
		{
			"from": [7.7, 27.74853, 7.8],
			"to": [8.3, 28.24853, 8.2],
			"rotation": {"angle": 0, "axis": "y", "origin": [8, 17.24853, 8]},
			"faces": {
				"north": {"uv": [1, 6, 1.3125, 6.25], "texture": "#0"},
				"east": {"uv": [6, 6, 6.1875, 6.25], "texture": "#0"},
				"south": {"uv": [1.5, 6, 1.8125, 6.25], "texture": "#0"},
				"west": {"uv": [0, 6.5, 0.1875, 6.75], "texture": "#0"},
				"up": {"uv": [6.3125, 4.1875, 6, 4], "texture": "#0"},
				"down": {"uv": [6.3125, 4.5, 6, 4.6875], "texture": "#0"}
			}
		},
		{
			"from": [7.8, 28.24853, 7.8],
			"to": [8.2, 28.54853, 8.2],
			"rotation": {"angle": 0, "axis": "y", "origin": [8, 17.24853, 8]},
			"faces": {
				"north": {"uv": [0, 7, 0.1875, 7.125], "texture": "#0"},
				"east": {"uv": [7, 0, 7.1875, 0.125], "texture": "#0"},
				"south": {"uv": [0.5, 7, 0.6875, 7.125], "texture": "#0"},
				"west": {"uv": [7, 0.5, 7.1875, 0.625], "texture": "#0"},
				"up": {"uv": [6.6875, 1.6875, 6.5, 1.5], "texture": "#0"},
				"down": {"uv": [6.6875, 2, 6.5, 2.1875], "texture": "#0"}
			}
		},
		{
			"from": [6.83699, 17.90645, 7.9],
			"to": [7.23699, 26.70645, 8.1],
			"rotation": {"angle": 0, "axis": "y", "origin": [7.23699, 24.45645, 8]},
			"faces": {
				"north": {"uv": [4, 0, 4.1875, 4.375], "texture": "#0"},
				"east": {"uv": [4, 4.5, 4.125, 8.875], "texture": "#0"},
				"south": {"uv": [4.5, 0, 4.6875, 4.375], "texture": "#0"},
				"west": {"uv": [4.5, 4.5, 4.625, 8.875], "texture": "#0"},
				"up": {"uv": [1.1875, 7.125, 1, 7], "texture": "#0"},
				"down": {"uv": [7.1875, 1, 7, 1.125], "texture": "#0"}
			}
		},
		{
			"from": [6.82567, 26.54957, 7.9],
			"to": [7.22567, 28.84957, 8.1],
			"rotation": {"angle": -22.5, "axis": "z", "origin": [7.22567, 26.59957, 8]},
			"faces": {
				"north": {"uv": [5, 3, 5.1875, 4.125], "texture": "#0"},
				"east": {"uv": [2.5, 5.5, 2.625, 6.625], "texture": "#0"},
				"south": {"uv": [5, 4.5, 5.1875, 5.625], "texture": "#0"},
				"west": {"uv": [5.5, 3.5, 5.625, 4.625], "texture": "#0"},
				"up": {"uv": [1.6875, 7.125, 1.5, 7], "texture": "#0"},
				"down": {"uv": [7.1875, 1.5, 7, 1.625], "texture": "#0"}
			}
		},
		{
			"from": [6.1, 16.84853, 7.6],
			"to": [9.9, 17.64853, 8.4],
			"rotation": {"angle": 0, "axis": "z", "origin": [8, 17.14853, 8]},
			"faces": {
				"north": {"uv": [4, 0, 7.75, 0.75], "texture": "#1"},
				"east": {"uv": [11, 0, 11.75, 0.75], "texture": "#1"},
				"south": {"uv": [4, 1, 7.75, 1.75], "texture": "#1"},
				"west": {"uv": [11, 1, 11.75, 1.75], "texture": "#1"},
				"up": {"uv": [7.75, 2.75, 4, 2], "texture": "#1"},
				"down": {"uv": [7.75, 3, 4, 3.75], "texture": "#1"}
			}
		},
		{
			"from": [5, 16.94853, 7.7],
			"to": [6.1, 17.54853, 8.3],
			"rotation": {"angle": 0, "axis": "y", "origin": [8, 17.14853, 8]},
			"faces": {
				"north": {"uv": [10, 4, 11.125, 4.625], "texture": "#1"},
				"east": {"uv": [2, 12, 2.625, 12.625], "texture": "#1"},
				"south": {"uv": [10, 5, 11.125, 5.625], "texture": "#1"},
				"west": {"uv": [12, 2, 12.625, 2.625], "texture": "#1"},
				"up": {"uv": [11.125, 6.625, 10, 6], "texture": "#1"},
				"down": {"uv": [11.125, 7, 10, 7.625], "texture": "#1"}
			}
		},
		{
			"from": [9.9, 16.94853, 7.7],
			"to": [11, 17.54853, 8.3],
			"rotation": {"angle": 0, "axis": "y", "origin": [14.5, 17.14853, 8]},
			"faces": {
				"north": {"uv": [8, 10, 9.125, 10.625], "texture": "#1"},
				"east": {"uv": [3, 12, 3.625, 12.625], "texture": "#1"},
				"south": {"uv": [10, 8, 11.125, 8.625], "texture": "#1"},
				"west": {"uv": [12, 3, 12.625, 3.625], "texture": "#1"},
				"up": {"uv": [11.125, 9.625, 10, 9], "texture": "#1"},
				"down": {"uv": [11.125, 10, 10, 10.625], "texture": "#1"}
			}
		},
		{
			"from": [11, 16.84853, 7.6],
			"to": [11.3, 17.64853, 8.4],
			"rotation": {"angle": 0, "axis": "y", "origin": [14.5, 17.14853, 8]},
			"faces": {
				"north": {"uv": [9, 12, 9.25, 12.75], "texture": "#1"},
				"east": {"uv": [11, 2, 11.75, 2.75], "texture": "#1"},
				"south": {"uv": [12, 9, 12.25, 9.75], "texture": "#1"},
				"west": {"uv": [11, 3, 11.75, 3.75], "texture": "#1"},
				"up": {"uv": [10.25, 12.75, 10, 12], "texture": "#1"},
				"down": {"uv": [12.25, 10, 12, 10.75], "texture": "#1"}
			}
		},
		{
			"from": [11.3, 16.94853, 7.7],
			"to": [11.6, 17.54853, 8.3],
			"rotation": {"angle": 0, "axis": "y", "origin": [14.5, 17.14853, 8]},
			"faces": {
				"north": {"uv": [13, 0, 13.25, 0.625], "texture": "#1"},
				"east": {"uv": [4, 12, 4.625, 12.625], "texture": "#1"},
				"south": {"uv": [1, 13, 1.25, 13.625], "texture": "#1"},
				"west": {"uv": [12, 4, 12.625, 4.625], "texture": "#1"},
				"up": {"uv": [13.25, 1.625, 13, 1], "texture": "#1"},
				"down": {"uv": [2.25, 13, 2, 13.625], "texture": "#1"}
			}
		},
		{
			"from": [4.7, 16.84853, 7.6],
			"to": [5, 17.64853, 8.4],
			"rotation": {"angle": 0, "axis": "z", "origin": [4.25, 17.24853, 8]},
			"faces": {
				"north": {"uv": [11, 12, 11.25, 12.75], "texture": "#1"},
				"east": {"uv": [4, 11, 4.75, 11.75], "texture": "#1"},
				"south": {"uv": [12, 11, 12.25, 11.75], "texture": "#1"},
				"west": {"uv": [5, 11, 5.75, 11.75], "texture": "#1"},
				"up": {"uv": [12.25, 12.75, 12, 12], "texture": "#1"},
				"down": {"uv": [0.25, 13, 0, 13.75], "texture": "#1"}
			}
		},
		{
			"from": [4.4, 16.94853, 7.7],
			"to": [4.7, 17.54853, 8.3],
			"rotation": {"angle": 0, "axis": "y", "origin": [4.25, 17.24853, 8]},
			"faces": {
				"north": {"uv": [13, 2, 13.25, 2.625], "texture": "#1"},
				"east": {"uv": [5, 12, 5.625, 12.625], "texture": "#1"},
				"south": {"uv": [3, 13, 3.25, 13.625], "texture": "#1"},
				"west": {"uv": [12, 5, 12.625, 5.625], "texture": "#1"},
				"up": {"uv": [13.25, 3.625, 13, 3], "texture": "#1"},
				"down": {"uv": [4.25, 13, 4, 13.625], "texture": "#1"}
			}
		},
		{
			"from": [6.8, 16.04853, 7.6],
			"to": [9.2, 16.84853, 8.4],
			"rotation": {"angle": 0, "axis": "y", "origin": [8, 17.14853, 8]},
			"faces": {
				"north": {"uv": [6, 4, 8.375, 4.75], "texture": "#1"},
				"east": {"uv": [6, 11, 6.75, 11.75], "texture": "#1"},
				"south": {"uv": [6, 5, 8.375, 5.75], "texture": "#1"},
				"west": {"uv": [7, 11, 7.75, 11.75], "texture": "#1"},
				"up": {"uv": [8.375, 6.75, 6, 6], "texture": "#1"},
				"down": {"uv": [8.375, 7, 6, 7.75], "texture": "#1"}
			}
		},
		{
			"from": [7.6, 15.24853, 7.6],
			"to": [8.4, 16.04853, 8.4],
			"rotation": {"angle": 0, "axis": "y", "origin": [8, 17.14853, 8]},
			"faces": {
				"north": {"uv": [8, 11, 8.75, 11.75], "texture": "#1"},
				"east": {"uv": [9, 11, 9.75, 11.75], "texture": "#1"},
				"south": {"uv": [10, 11, 10.75, 11.75], "texture": "#1"},
				"west": {"uv": [11, 11, 11.75, 11.75], "texture": "#1"},
				"up": {"uv": [0.75, 12.75, 0, 12], "texture": "#1"},
				"down": {"uv": [12.75, 0, 12, 0.75], "texture": "#1"}
			}
		},
		{
			"from": [7.7, 3.24853, 7.7],
			"to": [8.3, 15.24853, 8.3],
			"rotation": {"angle": 0, "axis": "y", "origin": [8, 17.14853, 8]},
			"faces": {
				"north": {"uv": [0, 0, 0.625, 12], "texture": "#1"},
				"east": {"uv": [1, 0, 1.625, 12], "texture": "#1"},
				"south": {"uv": [2, 0, 2.625, 12], "texture": "#1"},
				"west": {"uv": [3, 0, 3.625, 12], "texture": "#1"},
				"up": {"uv": [6.625, 12.625, 6, 12], "texture": "#1"},
				"down": {"uv": [12.625, 6, 12, 6.625], "texture": "#1"}
			}
		},
		{
			"from": [7.6, 1.84853, 7.6],
			"to": [8.4, 3.24853, 8.4],
			"rotation": {"angle": 0, "axis": "y", "origin": [8, 17.14853, 8]},
			"faces": {
				"north": {"uv": [8, 8, 8.75, 9.375], "texture": "#1"},
				"east": {"uv": [9, 0, 9.75, 1.375], "texture": "#1"},
				"south": {"uv": [9, 2, 9.75, 3.375], "texture": "#1"},
				"west": {"uv": [4, 9, 4.75, 10.375], "texture": "#1"},
				"up": {"uv": [1.75, 12.75, 1, 12], "texture": "#1"},
				"down": {"uv": [12.75, 1, 12, 1.75], "texture": "#1"}
			}
		},
		{
			"from": [8.38284, 1.85563, 7.7],
			"to": [8.98284, 3.25563, 8.3],
			"rotation": {"angle": -45, "axis": "z", "origin": [8.68284, 2.55563, 8]},
			"faces": {
				"north": {"uv": [9, 4, 9.625, 5.375], "texture": "#1"},
				"east": {"uv": [5, 9, 5.625, 10.375], "texture": "#1"},
				"south": {"uv": [6, 9, 6.625, 10.375], "texture": "#1"},
				"west": {"uv": [9, 6, 9.625, 7.375], "texture": "#1"},
				"up": {"uv": [7.625, 12.625, 7, 12], "texture": "#1"},
				"down": {"uv": [12.625, 7, 12, 7.625], "texture": "#1"}
			}
		},
		{
			"from": [7.01716, 1.85563, 7.7],
			"to": [7.61716, 3.25563, 8.3],
			"rotation": {"angle": 45, "axis": "z", "origin": [7.31716, 2.55563, 8]},
			"faces": {
				"north": {"uv": [7, 9, 7.625, 10.375], "texture": "#1"},
				"east": {"uv": [9, 8, 9.625, 9.375], "texture": "#1"},
				"south": {"uv": [10, 0, 10.625, 1.375], "texture": "#1"},
				"west": {"uv": [10, 2, 10.625, 3.375], "texture": "#1"},
				"up": {"uv": [8.625, 12.625, 8, 12], "texture": "#1"},
				"down": {"uv": [12.625, 8, 12, 8.625], "texture": "#1"}
			}
		},
		{
			"from": [7.3, 16.54853, 7.5],
			"to": [8.7, 17.94853, 8.5],
			"rotation": {"angle": -45, "axis": "z", "origin": [8, 17.24853, 8]},
			"faces": {
				"north": {"uv": [4, 4, 5.375, 5.375], "texture": "#1"},
				"east": {"uv": [8, 0, 9, 1.375], "texture": "#1"},
				"south": {"uv": [4, 6, 5.375, 7.375], "texture": "#1"},
				"west": {"uv": [8, 2, 9, 3.375], "texture": "#1"},
				"up": {"uv": [5.375, 9, 4, 8], "texture": "#1"},
				"down": {"uv": [7.375, 8, 6, 9], "texture": "#1"}
			}
		}
	],
	"display": {
		"thirdperson_righthand": {
			"rotation": [0, 90, 0],
			"translation": [0, 1.5, 1.25],
			"scale": [1.54, 1.54, 1.54]
		},
		"thirdperson_lefthand": {
			"rotation": [0, 90, 0],
			"translation": [0, 1.5, 1.25],
			"scale": [1.54, 1.54, 1.54]
		},
		"firstperson_righthand": {
			"rotation": [0, 90, 0],
			"translation": [0, -5, 0],
			"scale": [1.54, 1.54, 1.54]
		},
		"firstperson_lefthand": {
			"rotation": [0, 90, 0],
			"translation": [0, -5, 0],
			"scale": [1.54, 1.54, 1.54]
		},
		"ground": {
			"rotation": [0, 0, 180],
			"translation": [0, 18.75, 0]
		},
		"gui": {
			"rotation": [0, 0, -30],
			"translation": [-2.5, -4, 0],
			"scale": [0.67, 0.67, 0.67]
		},
		"fixed": {
			"rotation": [0, 0, 45],
			"translation": [4.75, -4.75, 0]
		}
	},
	"groups": [
		{
			"name": "group",
			"origin": [8, 8, 8],
			"color": 0,
			"children": [0, 1, 2, 3, 4, 5, 6, 7, 8, 9, 10, 11]
		},
		{
			"name": "group",
			"origin": [8, 31.54853, 8],
			"color": 0,
			"children": [12, 13, 14, 15, 16, 17, 18, 19, 20, 21, 22, 23, 24, 25]
		}
	]
}