{
	"credit": "Made with Blockbench",
	"texture_size": [32, 32],
	"textures": {
		"0": "simplyswords:item/bee_spur",
		"1": "simplyswords:item/bee_sting_rapier_hilt",
		"particle": "simplyswords:item/bee_sting_rapier_hilt"
	},
	"elements": [
		{
			"from": [8.1, 4.6, 7.6],
			"to": [8.9, 12.2, 8.4],
			"rotation": {"angle": 0, "axis": "y", "origin": [8, 1, 8]},
			"faces": {
				"north": {"uv": [2.5, 0, 2.875, 3.8125], "texture": "#1"},
				"east": {"uv": [3, 0, 3.375, 3.8125], "texture": "#1"},
				"south": {"uv": [3.5, 0, 3.875, 3.8125], "texture": "#1"},
				"west": {"uv": [4, 0, 4.375, 3.8125], "texture": "#1"},
				"up": {"uv": [6.875, 1.375, 6.5, 1], "texture": "#1"},
				"down": {"uv": [7.875, 1, 7.5, 1.375], "texture": "#1"}
			}
		},
		{
			"from": [11.1, 6.5, 7.6],
			"to": [11.9, 10.7, 8.4],
			"rotation": {"angle": 0, "axis": "y", "origin": [8, 3.4, 8]},
			"faces": {
				"north": {"uv": [2, 5, 2.375, 7.125], "texture": "#1"},
				"east": {"uv": [5.5, 1.5, 5.875, 3.625], "texture": "#1"},
				"south": {"uv": [5.5, 4, 5.875, 6.125], "texture": "#1"},
				"west": {"uv": [4.5, 5.5, 4.875, 7.625], "texture": "#1"},
				"up": {"uv": [7.875, 1.875, 7.5, 1.5], "texture": "#1"},
				"down": {"uv": [2.375, 7.5, 2, 7.875], "texture": "#1"}
			}
		},
		{
			"from": [9.72617, 3.74185, 7.7],
			"to": [10.32617, 7.44185, 8.3],
			"rotation": {"angle": -45, "axis": "z", "origin": [10.02617, 5.19185, 8]},
			"faces": {
				"north": {"uv": [5, 5.5, 5.3125, 7.375], "texture": "#1"},
				"east": {"uv": [5.5, 6.5, 5.8125, 8.375], "texture": "#1"},
				"south": {"uv": [6, 6.5, 6.3125, 8.375], "texture": "#1"},
				"west": {"uv": [6.5, 6.5, 6.8125, 8.375], "texture": "#1"},
				"up": {"uv": [7.8125, 2.3125, 7.5, 2], "texture": "#1"},
				"down": {"uv": [7.8125, 2.5, 7.5, 2.8125], "texture": "#1"}
			}
		},
		{
			"from": [10.50901, 9.70962, 7.7],
			"to": [11.10901, 13.40962, 8.3],
			"rotation": {"angle": 45, "axis": "z", "origin": [10.30901, 11.15962, 7.9]},
			"faces": {
				"north": {"uv": [7, 1, 7.3125, 2.875], "texture": "#1"},
				"east": {"uv": [2.5, 7, 2.8125, 8.875], "texture": "#1"},
				"south": {"uv": [3, 7, 3.3125, 8.875], "texture": "#1"},
				"west": {"uv": [7, 3, 7.3125, 4.875], "texture": "#1"},
				"up": {"uv": [7.8125, 3.3125, 7.5, 3], "texture": "#1"},
				"down": {"uv": [7.8125, 3.5, 7.5, 3.8125], "texture": "#1"}
			}
		},
		{
			"from": [7.7, 12.2, 7.2],
			"to": [9.3, 13.7, 8.8],
			"rotation": {"angle": 0, "axis": "y", "origin": [8, 1, 8]},
			"faces": {
				"north": {"uv": [6, 5.5, 6.8125, 6.25], "texture": "#1"},
				"east": {"uv": [0, 6.5, 0.8125, 7.25], "texture": "#1"},
				"south": {"uv": [6.5, 0, 7.3125, 0.75], "texture": "#1"},
				"west": {"uv": [1, 6.5, 1.8125, 7.25], "texture": "#1"},
				"up": {"uv": [6.8125, 2.3125, 6, 1.5], "texture": "#1"},
				"down": {"uv": [3.3125, 6, 2.5, 6.8125], "texture": "#1"}
			}
		},
		{
			"from": [6.4, 13.7, 5.9],
			"to": [10.6, 14.2, 10.1],
			"rotation": {"angle": 0, "axis": "y", "origin": [8, 1, 8]},
			"faces": {
				"north": {"uv": [7, 5, 9.125, 5.25], "texture": "#1"},
				"east": {"uv": [7, 5.5, 9.125, 5.75], "texture": "#1"},
				"south": {"uv": [7, 6, 9.125, 6.25], "texture": "#1"},
				"west": {"uv": [7, 6.5, 9.125, 6.75], "texture": "#1"},
				"up": {"uv": [2.125, 2.125, 0, 0], "texture": "#1"},
				"down": {"uv": [2.125, 2.5, 0, 4.625], "texture": "#1"}
			}
		},
		{
			"from": [7.7, 14.2, 7.2],
			"to": [9.3, 17.6, 8.8],
			"rotation": {"angle": 0, "axis": "y", "origin": [8, 1, 8]},
			"faces": {
				"north": {"uv": [2.5, 4, 3.3125, 5.6875], "texture": "#1"},
				"east": {"uv": [3.5, 4, 4.3125, 5.6875], "texture": "#1"},
				"south": {"uv": [4.5, 0, 5.3125, 1.6875], "texture": "#1"},
				"west": {"uv": [4.5, 2, 5.3125, 3.6875], "texture": "#1"},
				"up": {"uv": [6.8125, 3.3125, 6, 2.5], "texture": "#1"},
				"down": {"uv": [4.3125, 6, 3.5, 6.8125], "texture": "#1"}
			}
		},
		{
			"from": [7.9, 17.6, 7.4],
			"to": [9.1, 20.2, 8.6],
			"rotation": {"angle": 0, "axis": "y", "origin": [8, 1, 8]},
			"faces": {
				"north": {"uv": [4.5, 4, 5.125, 5.3125], "texture": "#1"},
				"east": {"uv": [0, 5, 0.625, 6.3125], "texture": "#1"},
				"south": {"uv": [1, 5, 1.625, 6.3125], "texture": "#1"},
				"west": {"uv": [5.5, 0, 6.125, 1.3125], "texture": "#1"},
				"up": {"uv": [4.125, 7.625, 3.5, 7], "texture": "#1"},
				"down": {"uv": [7.625, 7, 7, 7.625], "texture": "#1"}
			}
		},
		{
			"from": [7.7, 3.9, 7.2],
			"to": [9.3, 4.6, 8.8],
			"rotation": {"angle": 0, "axis": "y", "origin": [8, 1, 8]},
			"faces": {
				"north": {"uv": [0, 7.5, 0.8125, 7.875], "texture": "#1"},
				"east": {"uv": [7.5, 0, 8.3125, 0.375], "texture": "#1"},
				"south": {"uv": [7.5, 0.5, 8.3125, 0.875], "texture": "#1"},
				"west": {"uv": [1, 7.5, 1.8125, 7.875], "texture": "#1"},
				"up": {"uv": [6.8125, 4.3125, 6, 3.5], "texture": "#1"},
				"down": {"uv": [6.8125, 4.5, 6, 5.3125], "texture": "#1"}
			}
		},
		{
			"from": [8.1, 20.2, 7.6],
			"to": [8.9, 28.2, 8.4],
			"rotation": {"angle": 0, "axis": "y", "origin": [8, 1, 8]},
			"faces": {
				"north": {"uv": [0, 0, 1.5, 16], "texture": "#0"},
				"east": {"uv": [2, 0, 3.5, 16], "texture": "#0"},
				"south": {"uv": [4, 0, 5.5, 16], "texture": "#0"},
				"west": {"uv": [6, 0, 7.5, 16], "texture": "#0"},
				"up": {"uv": [13.5, 1.5, 12, 0], "texture": "#0"},
				"down": {"uv": [13.5, 2, 12, 3.5], "texture": "#0"}
			}
		},
		{
			"from": [8.3, 28.2, 7.8],
			"to": [8.7, 31.7, 8.2],
			"rotation": {"angle": 0, "axis": "y", "origin": [8, 1, 8]},
			"faces": {
				"north": {"uv": [8, 0, 8.75, 7], "texture": "#0"},
				"east": {"uv": [8, 8, 8.75, 15], "texture": "#0"},
				"south": {"uv": [10, 0, 10.75, 7], "texture": "#0"},
				"west": {"uv": [10, 8, 10.75, 15], "texture": "#0"},
				"up": {"uv": [12.75, 4.75, 12, 4], "texture": "#0"},
				"down": {"uv": [12.75, 6, 12, 6.75], "texture": "#0"}
			}
		}
	],
	"display": {
		"thirdperson_righthand": {
			"rotation": [0, 90, 0],
			"translation": [0, -3.25, 1.5]
		},
		"thirdperson_lefthand": {
			"rotation": [0, -90, 0],
			"translation": [0, -3.25, 1.5]
		},
		"firstperson_righthand": {
			"rotation": [0, 90, -11],
			"translation": [0, -2.25, 2.5]
		},
		"firstperson_lefthand": {
			"rotation": [0, -90, 11],
			"translation": [0, -2.25, 2.5]
		},
		"ground": {
			"rotation": [0, 0, 180],
			"translation": [0, 16.25, 0],
			"scale": [0.72, 0.72, 0.72]
		},
		"gui": {
			"rotation": [0, -41, -42],
			"translation": [-1.75, -3.25, 0],
			"scale": [0.59, 0.59, 0.59]
		},
		"fixed": {
			"rotation": [0, 0, 46.5],
			"translation": [3.75, -4.25, 0],
			"scale": [1.51, 1.51, 1.51]
		}
	},
	"groups": [
		{
			"name": "group",
			"origin": [8, 8, 8],
			"color": 0,
			"children": [0, 1, 2, 3, 4, 5, 6, 7, 8]
		},
		{
			"name": "group",
			"origin": [8, 8, 8],
			"color": 0,
			"children": [9, 10]
		}
	]
}