{
	"credit": "Made with Blockbench",
	"texture_size": [8, 8],
	"textures": {
		"0": "simplyswords:item/dragon_king_blade",
		"1": "simplyswords:item/dragon_king_guard",
		"2": "simplyswords:item/dragon_king_gem",
		"particle": "simplyswords:item/dragon_king_guard"
	},
	"elements": [
		{
			"from": [7.9, 27.6, 7.7],
			"to": [8.1, 28.2, 8.3],
			"rotation": {"angle": -45, "axis": "x", "origin": [8, 27.9, 8]},
			"faces": {
				"north": {"uv": [10, 8.5, 10.125, 8.75], "texture": "#0"},
				"east": {"uv": [6.5, 10, 6.75, 10.25], "texture": "#0"},
				"south": {"uv": [9, 10, 9.125, 10.25], "texture": "#0"},
				"west": {"uv": [10, 6.5, 10.25, 6.75], "texture": "#0"},
				"up": {"uv": [10.125, 9.25, 10, 9], "texture": "#0"},
				"down": {"uv": [9.625, 10, 9.5, 10.25], "texture": "#0"}
			}
		},
		{
			"from": [7.9, 24.41841, 6.8832],
			"to": [8.1, 27.91841, 7.4832],
			"rotation": {"angle": 22.5, "axis": "x", "origin": [8, 26.16841, 7.1832]},
			"faces": {
				"north": {"uv": [3, 9, 3.125, 10.75], "texture": "#0"},
				"east": {"uv": [7.5, 3.5, 7.75, 5.25], "texture": "#0"},
				"south": {"uv": [9, 4, 9.125, 5.75], "texture": "#0"},
				"west": {"uv": [7.5, 5.5, 7.75, 7.25], "texture": "#0"},
				"up": {"uv": [10.125, 9.75, 10, 9.5], "texture": "#0"},
				"down": {"uv": [10.125, 10, 10, 10.25], "texture": "#0"}
			}
		},
		{
			"from": [7.9, 11.47956, 10.23517],
			"to": [8.1, 22.07956, 10.83517],
			"rotation": {"angle": 0, "axis": "y", "origin": [8, 20.32956, 10.53517]},
			"faces": {
				"north": {"uv": [3.5, 6, 3.625, 11.25], "texture": "#0"},
				"east": {"uv": [5, 0, 5.25, 5.25], "texture": "#0"},
				"south": {"uv": [4, 6, 4.125, 11.25], "texture": "#0"},
				"west": {"uv": [0, 5.5, 0.25, 10.75], "texture": "#0"},
				"up": {"uv": [10.625, 0.25, 10.5, 0], "texture": "#0"},
				"down": {"uv": [10.625, 0.5, 10.5, 0.75], "texture": "#0"}
			}
		},
		{
			"from": [7.9, 11.47956, 5.16483],
			"to": [8.1, 22.07956, 5.76483],
			"rotation": {"angle": 0, "axis": "y", "origin": [8, 20.32956, 5.46483]},
			"faces": {
				"north": {"uv": [4.5, 6, 4.625, 11.25], "texture": "#0"},
				"east": {"uv": [5.5, 0, 5.75, 5.25], "texture": "#0"},
				"south": {"uv": [5, 6, 5.125, 11.25], "texture": "#0"},
				"west": {"uv": [0.5, 5.5, 0.75, 10.75], "texture": "#0"},
				"up": {"uv": [10.625, 1.25, 10.5, 1], "texture": "#0"},
				"down": {"uv": [10.625, 1.5, 10.5, 1.75], "texture": "#0"}
			}
		},
		{
			"from": [7.9, 9.1428, 9.51177],
			"to": [8.1, 11.7428, 10.11177],
			"rotation": {"angle": 22.5, "axis": "x", "origin": [8, 9.7928, 9.81177]},
			"faces": {
				"north": {"uv": [9.5, 6, 9.625, 7.25], "texture": "#0"},
				"east": {"uv": [8, 8.5, 8.25, 9.75], "texture": "#0"},
				"south": {"uv": [7, 9.5, 7.125, 10.75], "texture": "#0"},
				"west": {"uv": [2, 9, 2.25, 10.25], "texture": "#0"},
				"up": {"uv": [2.125, 10.75, 2, 10.5], "texture": "#0"},
				"down": {"uv": [10.625, 2, 10.5, 2.25], "texture": "#0"}
			}
		},
		{
			"from": [7.9, 9.09332, 5.63948],
			"to": [8.1, 11.69332, 6.23948],
			"rotation": {"angle": -22.5, "axis": "x", "origin": [8, 10.39332, 5.93948]},
			"faces": {
				"north": {"uv": [7.5, 9.5, 7.625, 10.75], "texture": "#0"},
				"east": {"uv": [2.5, 9, 2.75, 10.25], "texture": "#0"},
				"south": {"uv": [9.5, 7.5, 9.625, 8.75], "texture": "#0"},
				"west": {"uv": [9, 2.5, 9.25, 3.75], "texture": "#0"},
				"up": {"uv": [2.625, 10.75, 2.5, 10.5], "texture": "#0"},
				"down": {"uv": [10.625, 2.5, 10.5, 2.75], "texture": "#0"}
			}
		},
		{
			"from": [7.8, 11.62426, 5.7],
			"to": [8.2, 22.02426, 10.3],
			"rotation": {"angle": 0, "axis": "y", "origin": [8, 9.02426, 8]},
			"faces": {
				"north": {"uv": [1, 5.5, 1.25, 10.75], "texture": "#0"},
				"east": {"uv": [0, 0, 2.25, 5.25], "texture": "#0"},
				"south": {"uv": [1.5, 5.5, 1.75, 10.75], "texture": "#0"},
				"west": {"uv": [2.5, 0, 4.75, 5.25], "texture": "#0"},
				"up": {"uv": [5.75, 8.25, 5.5, 6], "texture": "#0"},
				"down": {"uv": [6.25, 6, 6, 8.25], "texture": "#0"}
			}
		},
		{
			"from": [7.8, 22.02426, 5.7],
			"to": [8.2, 23.02426, 10.3],
			"rotation": {"angle": 0, "axis": "y", "origin": [8, 9.02426, 8]},
			"faces": {
				"north": {"uv": [8.5, 0.5, 8.75, 1], "texture": "#0"},
				"east": {"uv": [2, 5.5, 4.25, 6], "texture": "#0"},
				"south": {"uv": [9, 0.5, 9.25, 1], "texture": "#0"},
				"west": {"uv": [4.5, 5.5, 6.75, 6], "texture": "#0"},
				"up": {"uv": [2.25, 8.75, 2, 6.5], "texture": "#0"},
				"down": {"uv": [2.75, 6.5, 2.5, 8.75], "texture": "#0"}
			}
		},
		{
			"from": [7.8, 23.02426, 6.2],
			"to": [8.2, 24.02426, 9.8],
			"rotation": {"angle": 0, "axis": "y", "origin": [8, 9.02426, 8]},
			"faces": {
				"north": {"uv": [9, 1.5, 9.25, 2], "texture": "#0"},
				"east": {"uv": [6, 1, 7.75, 1.5], "texture": "#0"},
				"south": {"uv": [10, 0, 10.25, 0.5], "texture": "#0"},
				"west": {"uv": [6, 1.5, 7.75, 2], "texture": "#0"},
				"up": {"uv": [7.25, 9.25, 7, 7.5], "texture": "#0"},
				"down": {"uv": [7.75, 7.5, 7.5, 9.25], "texture": "#0"}
			}
		},
		{
			"from": [7.8, 24.02426, 6.5],
			"to": [8.2, 25.02426, 9.5],
			"rotation": {"angle": 0, "axis": "y", "origin": [8, 9.02426, 8]},
			"faces": {
				"north": {"uv": [10, 0.5, 10.25, 1], "texture": "#0"},
				"east": {"uv": [2, 6, 3.5, 6.5], "texture": "#0"},
				"south": {"uv": [10, 1, 10.25, 1.5], "texture": "#0"},
				"west": {"uv": [6, 2, 7.5, 2.5], "texture": "#0"},
				"up": {"uv": [8.75, 6, 8.5, 4.5], "texture": "#0"},
				"down": {"uv": [5.75, 8.5, 5.5, 10], "texture": "#0"}
			}
		},
		{
			"from": [7.8, 25.02426, 7],
			"to": [8.2, 26.02426, 9],
			"rotation": {"angle": 0, "axis": "y", "origin": [8, 9.02426, 8]},
			"faces": {
				"north": {"uv": [10, 1.5, 10.25, 2], "texture": "#0"},
				"east": {"uv": [6, 3.5, 7, 4], "texture": "#0"},
				"south": {"uv": [10, 2, 10.25, 2.5], "texture": "#0"},
				"west": {"uv": [6, 4, 7, 4.5], "texture": "#0"},
				"up": {"uv": [6.25, 5.5, 6, 4.5], "texture": "#0"},
				"down": {"uv": [6.75, 4.5, 6.5, 5.5], "texture": "#0"}
			}
		},
		{
			"from": [7.8, 26.02426, 7.4],
			"to": [8.2, 26.72426, 8.6],
			"rotation": {"angle": 0, "axis": "y", "origin": [8, 9.02426, 8]},
			"faces": {
				"north": {"uv": [10, 3.5, 10.25, 3.875], "texture": "#0"},
				"east": {"uv": [8, 1.5, 8.625, 1.875], "texture": "#0"},
				"south": {"uv": [10, 4, 10.25, 4.375], "texture": "#0"},
				"west": {"uv": [8.5, 0, 9.125, 0.375], "texture": "#0"},
				"up": {"uv": [9.75, 0.625, 9.5, 0], "texture": "#0"},
				"down": {"uv": [9.75, 9, 9.5, 9.625], "texture": "#0"}
			}
		},
		{
			"from": [7.8, 26.72426, 7.7],
			"to": [8.2, 27.42426, 8.3],
			"rotation": {"angle": 0, "axis": "y", "origin": [8, 9.02426, 8]},
			"faces": {
				"north": {"uv": [10, 4.5, 10.25, 4.875], "texture": "#0"},
				"east": {"uv": [10, 5, 10.25, 5.375], "texture": "#0"},
				"south": {"uv": [5.5, 10, 5.75, 10.375], "texture": "#0"},
				"west": {"uv": [10, 5.5, 10.25, 5.875], "texture": "#0"},
				"up": {"uv": [10.25, 7.25, 10, 7], "texture": "#0"},
				"down": {"uv": [10.25, 7.5, 10, 7.75], "texture": "#0"}
			}
		},
		{
			"from": [7.8, 10.52426, 5.7],
			"to": [8.2, 11.62426, 10.3],
			"rotation": {"angle": 0, "axis": "y", "origin": [8, 9.02426, 8]},
			"faces": {
				"north": {"uv": [10, 2.5, 10.25, 3], "texture": "#0"},
				"east": {"uv": [6, 0, 8.25, 0.5], "texture": "#0"},
				"south": {"uv": [10, 3, 10.25, 3.5], "texture": "#0"},
				"west": {"uv": [6, 0.5, 8.25, 1], "texture": "#0"},
				"up": {"uv": [3.25, 8.75, 3, 6.5], "texture": "#0"},
				"down": {"uv": [6.75, 6, 6.5, 8.25], "texture": "#0"}
			}
		},
		{
			"from": [7.8, 9.72426, 6.1],
			"to": [8.2, 10.52426, 9.9],
			"rotation": {"angle": 0, "axis": "y", "origin": [8, 9.02426, 8]},
			"faces": {
				"north": {"uv": [6, 10, 6.25, 10.375], "texture": "#0"},
				"east": {"uv": [6, 2.5, 7.875, 2.875], "texture": "#0"},
				"south": {"uv": [10, 6, 10.25, 6.375], "texture": "#0"},
				"west": {"uv": [6, 3, 7.875, 3.375], "texture": "#0"},
				"up": {"uv": [7.25, 5.375, 7, 3.5], "texture": "#0"},
				"down": {"uv": [7.25, 5.5, 7, 7.375], "texture": "#0"}
			}
		},
		{
			"from": [7.8, 9.22426, 6.3],
			"to": [8.2, 9.72426, 9.7],
			"rotation": {"angle": 0, "axis": "y", "origin": [8, 9.02426, 8]},
			"faces": {
				"north": {"uv": [8, 10, 8.25, 10.25], "texture": "#0"},
				"east": {"uv": [7.5, 2, 9.25, 2.25], "texture": "#0"},
				"south": {"uv": [10, 8, 10.25, 8.25], "texture": "#0"},
				"west": {"uv": [8, 1, 9.75, 1.25], "texture": "#0"},
				"up": {"uv": [8.25, 4.25, 8, 2.5], "texture": "#0"},
				"down": {"uv": [8.25, 4.5, 8, 6.25], "texture": "#0"}
			}
		},
		{
			"from": [7.9, 21.85819, 9.72225],
			"to": [8.1, 24.65819, 10.32225],
			"rotation": {"angle": -22.5, "axis": "x", "origin": [8, 23.25819, 10.02225]},
			"faces": {
				"north": {"uv": [8.5, 9, 8.625, 10.375], "texture": "#0"},
				"east": {"uv": [6, 8.5, 6.25, 9.875], "texture": "#0"},
				"south": {"uv": [9.5, 1.5, 9.625, 2.875], "texture": "#0"},
				"west": {"uv": [8.5, 6, 8.75, 7.375], "texture": "#0"},
				"up": {"uv": [10.625, 3.25, 10.5, 3], "texture": "#0"},
				"down": {"uv": [10.625, 3.5, 10.5, 3.75], "texture": "#0"}
			}
		},
		{
			"from": [7.9, 21.85819, 5.67775],
			"to": [8.1, 24.65819, 6.27775],
			"rotation": {"angle": 22.5, "axis": "x", "origin": [8, 23.25819, 5.97775]},
			"faces": {
				"north": {"uv": [9.5, 3, 9.625, 4.375], "texture": "#0"},
				"east": {"uv": [6.5, 8.5, 6.75, 9.875], "texture": "#0"},
				"south": {"uv": [9.5, 4.5, 9.625, 5.875], "texture": "#0"},
				"west": {"uv": [8.5, 7.5, 8.75, 8.875], "texture": "#0"},
				"up": {"uv": [10.625, 4.25, 10.5, 4], "texture": "#0"},
				"down": {"uv": [10.625, 4.5, 10.5, 4.75], "texture": "#0"}
			}
		},
		{
			"from": [7.9, 24.41841, 8.5168],
			"to": [8.1, 27.91841, 9.1168],
			"rotation": {"angle": -22.5, "axis": "x", "origin": [8, 26.16841, 8.8168]},
			"faces": {
				"north": {"uv": [9, 6, 9.125, 7.75], "texture": "#0"},
				"east": {"uv": [8, 6.5, 8.25, 8.25], "texture": "#0"},
				"south": {"uv": [9, 8, 9.125, 9.75], "texture": "#0"},
				"west": {"uv": [8.5, 2.5, 8.75, 4.25], "texture": "#0"},
				"up": {"uv": [10.625, 5.25, 10.5, 5], "texture": "#0"},
				"down": {"uv": [5.625, 10.5, 5.5, 10.75], "texture": "#0"}
			}
		},
		{
			"from": [7.4, 7.5, 6.9],
			"to": [8.6, 10.3, 9.7],
			"rotation": {"angle": -45, "axis": "x", "origin": [8, 8.6, 8]},
			"faces": {
				"north": {"uv": [3.5, 3, 4.125, 4.375], "texture": "#1"},
				"east": {"uv": [1, 0, 2.375, 1.375], "texture": "#1"},
				"south": {"uv": [2, 4, 2.625, 5.375], "texture": "#1"},
				"west": {"uv": [1, 1.5, 2.375, 2.875], "texture": "#1"},
				"up": {"uv": [0.625, 5.875, 0, 4.5], "texture": "#1"},
				"down": {"uv": [3.625, 4.5, 3, 5.875], "texture": "#1"}
			}
		},
		{
			"from": [7.6, 8.5, 4.4],
			"to": [8.4, 9, 11.6],
			"rotation": {"angle": 0, "axis": "y", "origin": [8, 8.6, 8]},
			"faces": {
				"north": {"uv": [5, 7, 5.375, 7.25], "texture": "#1"},
				"east": {"uv": [3.5, 1, 7.125, 1.25], "texture": "#1"},
				"south": {"uv": [7, 5, 7.375, 5.25], "texture": "#1"},
				"west": {"uv": [3.5, 1.5, 7.125, 1.75], "texture": "#1"},
				"up": {"uv": [2.875, 3.625, 2.5, 0], "texture": "#1"},
				"down": {"uv": [3.375, 0, 3, 3.625], "texture": "#1"}
			}
		},
		{
			"from": [7.6, 7.6, 4.4],
			"to": [8.4, 8.1, 11.6],
			"rotation": {"angle": 0, "axis": "y", "origin": [8, 8.6, 8]},
			"faces": {
				"north": {"uv": [5.5, 7, 5.875, 7.25], "texture": "#1"},
				"east": {"uv": [3.5, 2, 7.125, 2.25], "texture": "#1"},
				"south": {"uv": [7, 5.5, 7.375, 5.75], "texture": "#1"},
				"west": {"uv": [3.5, 2.5, 7.125, 2.75], "texture": "#1"},
				"up": {"uv": [1.375, 6.625, 1, 3], "texture": "#1"},
				"down": {"uv": [1.875, 3, 1.5, 6.625], "texture": "#1"}
			}
		},
		{
			"from": [7.7, 9.06317, 11.15962],
			"to": [8.3, 9.56317, 12.95962],
			"rotation": {"angle": -45, "axis": "x", "origin": [8, 9.31317, 12.05962]},
			"faces": {
				"north": {"uv": [6, 7, 6.25, 7.25], "texture": "#1"},
				"east": {"uv": [4.5, 4, 5.375, 4.25], "texture": "#1"},
				"south": {"uv": [7, 6, 7.25, 6.25], "texture": "#1"},
				"west": {"uv": [0.5, 7, 1.375, 7.25], "texture": "#1"},
				"up": {"uv": [1.75, 7.875, 1.5, 7], "texture": "#1"},
				"down": {"uv": [3.25, 7, 3, 7.875], "texture": "#1"}
			}
		},
		{
			"from": [7.7, 9.06317, 3.04038],
			"to": [8.3, 9.56317, 4.84038],
			"rotation": {"angle": 45, "axis": "x", "origin": [8, 9.31317, 3.94038]},
			"faces": {
				"north": {"uv": [6.5, 7, 6.75, 7.25], "texture": "#1"},
				"east": {"uv": [7, 3, 7.875, 3.25], "texture": "#1"},
				"south": {"uv": [7, 6.5, 7.25, 6.75], "texture": "#1"},
				"west": {"uv": [7, 3.5, 7.875, 3.75], "texture": "#1"},
				"up": {"uv": [3.75, 7.875, 3.5, 7], "texture": "#1"},
				"down": {"uv": [7.25, 4, 7, 4.875], "texture": "#1"}
			}
		},
		{
			"from": [7.5, 8.1, 3.6],
			"to": [8.5, 8.5, 12.4],
			"rotation": {"angle": 0, "axis": "y", "origin": [8, 8.6, 8]},
			"faces": {
				"north": {"uv": [3, 4, 3.5, 4.25], "texture": "#1"},
				"east": {"uv": [3.5, 0, 7.875, 0.25], "texture": "#1"},
				"south": {"uv": [4.5, 7, 5, 7.25], "texture": "#1"},
				"west": {"uv": [3.5, 0.5, 7.875, 0.75], "texture": "#1"},
				"up": {"uv": [0.5, 4.375, 0, 0], "texture": "#1"},
				"down": {"uv": [1, 0, 0.5, 4.375], "texture": "#1"}
			}
		},
		{
			"from": [7.5, 6.8, 6.8],
			"to": [8.5, 8.1, 9.2],
			"rotation": {"angle": 0, "axis": "y", "origin": [8, 8.6, 8]},
			"faces": {
				"north": {"uv": [2, 3, 2.5, 3.625], "texture": "#1"},
				"east": {"uv": [4.5, 3, 5.75, 3.625], "texture": "#1"},
				"south": {"uv": [0, 7, 0.5, 7.625], "texture": "#1"},
				"west": {"uv": [4, 4.5, 5.25, 5.125], "texture": "#1"},
				"up": {"uv": [5, 6.75, 4.5, 5.5], "texture": "#1"},
				"down": {"uv": [5.5, 5.5, 5, 6.75], "texture": "#1"}
			}
		},
		{
			"from": [7.7, 1.6, 7.7],
			"to": [8.3, 6.8, 8.3],
			"rotation": {"angle": 0, "axis": "y", "origin": [8, 8.6, 8]},
			"faces": {
				"north": {"uv": [2, 5.5, 2.25, 8.125], "texture": "#1"},
				"east": {"uv": [2.5, 5.5, 2.75, 8.125], "texture": "#1"},
				"south": {"uv": [4, 5.5, 4.25, 8.125], "texture": "#1"},
				"west": {"uv": [5.5, 4, 5.75, 6.625], "texture": "#1"},
				"up": {"uv": [7.25, 7.25, 7, 7], "texture": "#1"},
				"down": {"uv": [0.75, 7.5, 0.5, 7.75], "texture": "#1"}
			}
		},
		{
			"from": [7.3, 0.2, 7.3],
			"to": [8.7, 1.6, 8.7],
			"rotation": {"angle": 0, "axis": "y", "origin": [8, 8.6, 8]},
			"faces": {
				"north": {"uv": [0, 6, 0.75, 6.75], "texture": "#1"},
				"east": {"uv": [3, 6, 3.75, 6.75], "texture": "#1"},
				"south": {"uv": [6, 3, 6.75, 3.75], "texture": "#1"},
				"west": {"uv": [6, 4, 6.75, 4.75], "texture": "#1"},
				"up": {"uv": [6.75, 5.75, 6, 5], "texture": "#1"},
				"down": {"uv": [6.75, 6, 6, 6.75], "texture": "#1"}
			}
		},
		{
			"from": [7.3, 8.2, 7.6],
			"to": [8.7, 9.6, 9],
			"rotation": {"angle": -45, "axis": "x", "origin": [8, 8.6, 8]},
			"faces": {
				"north": {"uv": [0, 0, 2.75, 2.75], "texture": "#2"},
				"east": {"uv": [0, 4, 2.75, 6.75], "texture": "#2"},
				"south": {"uv": [4, 0, 6.75, 2.75], "texture": "#2"},
				"west": {"uv": [4, 4, 6.75, 6.75], "texture": "#2"},
				"up": {"uv": [2.75, 10.75, 0, 8], "texture": "#2"},
				"down": {"uv": [10.75, 0, 8, 2.75], "texture": "#2"}
			}
		}
	],
	"display": {
		"thirdperson_righthand": {
			"translation": [0, 2, 1.25],
			"scale": [1.25, 1.25, 1.25]
		},
		"thirdperson_lefthand": {
			"translation": [0, 2, 1.25],
			"scale": [1.25, 1.25, 1.25]
		},
		"firstperson_righthand": {
			"translation": [0, 1.5, 0],
			"scale": [1.25, 1.25, 1.25]
		},
		"firstperson_lefthand": {
			"translation": [0, 1.5, 0],
			"scale": [1.25, 1.25, 1.25]
		},
		"ground": {
			"rotation": [0, 0, 180],
			"translation": [0, 19.5, 0]
		},
		"gui": {
			"rotation": [0, -55, 25],
			"translation": [0, -3.75, 0],
			"scale": [0.65, 0.65, 0.65]
		},
		"fixed": {
			"rotation": [0, -90, 0],
			"translation": [0, -6.25, -0.75]
		}
	},
	"groups": [
		{
			"name": "group",
			"origin": [8, 8, 8],
			"color": 0,
			"children": [0, 1, 2, 3, 4, 5, 6, 7, 8, 9, 10, 11, 12, 13, 14, 15, 16, 17, 18]
		},
		{
			"name": "group",
			"origin": [8, 8, 8],
			"color": 0,
			"children": [19, 20, 21, 22, 23, 24, 25, 26, 27]
		},
		{
			"name": "group",
			"origin": [8, 8, 8],
			"color": 0,
			"children": [28]
		}
	]
}