{
	"credit": "Made with Blockbench",
	"texture_size": [32, 32],
	"textures": {
		"0": "simplyswords:item/anvil_gavel_head",
		"1": "simplyswords:item/anvil_gavel_shaft",
		"particle": "simplyswords:item/anvil_gavel_shaft"
	},
	"elements": [
		{
			"from": [6.2, 21.6, 6.4],
			"to": [9.8, 28.5, 11.1],
			"faces": {
				"north": {"uv": [7.75, 3.5, 8.625, 5.25], "texture": "#0"},
				"east": {"uv": [5, 7, 6.1875, 8.75], "texture": "#0"},
				"south": {"uv": [7.75, 5.25, 8.625, 7], "texture": "#0"},
				"west": {"uv": [6.25, 7, 7.4375, 8.75], "texture": "#0"},
				"up": {"uv": [0.875, 9.9375, 0, 8.75], "texture": "#0"},
				"down": {"uv": [9.625, 0, 8.75, 1.1875], "texture": "#0"}
			}
		},
		{
			"from": [4.4, 20.6, 11.1],
			"to": [11.6, 29.5, 13.1],
			"faces": {
				"north": {"uv": [5.75, 2.5, 7.5625, 4.75], "texture": "#0"},
				"east": {"uv": [8.25, 0, 8.75, 2.25], "texture": "#0"},
				"south": {"uv": [5.75, 4.75, 7.5625, 7], "texture": "#0"},
				"west": {"uv": [8.5, 7, 9, 9.25], "texture": "#0"},
				"up": {"uv": [2.8125, 9.25, 1, 8.75], "texture": "#0"},
				"down": {"uv": [10.5625, 1.25, 8.75, 1.75], "texture": "#0"}
			}
		},
		{
			"from": [3.8, 20.2, 13],
			"to": [12.2, 29.9, 16.3],
			"faces": {
				"north": {"uv": [3.5, 3.5, 5.625, 5.9375], "texture": "#0"},
				"east": {"uv": [7.25, 0, 8.0625, 2.4375], "texture": "#0"},
				"south": {"uv": [5, 0, 7.125, 2.4375], "texture": "#0"},
				"west": {"uv": [7.5, 7, 8.3125, 9.4375], "texture": "#0"},
				"up": {"uv": [5.625, 6.8125, 3.5, 6], "texture": "#0"},
				"down": {"uv": [9.875, 2.5, 7.75, 3.3125], "texture": "#0"}
			}
		},
		{
			"from": [3, 18.2, 0.2],
			"to": [13, 31.9, 6.4],
			"faces": {
				"north": {"uv": [0, 0, 2.5, 3.4375], "texture": "#0"},
				"east": {"uv": [0, 3.5, 1.5625, 6.9375], "texture": "#0"},
				"south": {"uv": [2.5, 0, 5, 3.4375], "texture": "#0"},
				"west": {"uv": [1.75, 3.5, 3.3125, 6.9375], "texture": "#0"},
				"up": {"uv": [2.5, 8.5625, 0, 7], "texture": "#0"},
				"down": {"uv": [5, 7, 2.5, 8.5625], "texture": "#0"}
			}
		},
		{
			"from": [7.4, 0, 8.4],
			"to": [8.6, 32, 9.6],
			"faces": {
				"north": {"uv": [0, 0, 0.625, 16], "texture": "#1"},
				"east": {"uv": [1, 0, 1.625, 16], "texture": "#1"},
				"south": {"uv": [2, 0, 2.625, 16], "texture": "#1"},
				"west": {"uv": [3, 0, 3.625, 16], "texture": "#1"},
				"up": {"uv": [7.625, 8.625, 7, 8], "texture": "#1"},
				"down": {"uv": [8.625, 7, 8, 7.625], "texture": "#1"}
			}
		},
		{
			"from": [7, 28.5, 8],
			"to": [9, 29.7, 10],
			"faces": {
				"north": {"uv": [7, 7, 8, 7.625], "texture": "#1"},
				"east": {"uv": [8, 3, 9, 3.625], "texture": "#1"},
				"south": {"uv": [4, 8, 5, 8.625], "texture": "#1"},
				"west": {"uv": [8, 4, 9, 4.625], "texture": "#1"},
				"up": {"uv": [8, 4, 7, 3], "texture": "#1"},
				"down": {"uv": [8, 4, 7, 5], "texture": "#1"}
			}
		},
		{
			"from": [6.8, 21.2, 7.9],
			"to": [9.2, 29, 10.1],
			"faces": {
				"north": {"uv": [4, 0, 5.25, 3.875], "texture": "#1"},
				"east": {"uv": [5.5, 0, 6.625, 3.875], "texture": "#1"},
				"south": {"uv": [4, 4, 5.25, 7.875], "texture": "#1"},
				"west": {"uv": [5.5, 4, 6.625, 7.875], "texture": "#1"},
				"up": {"uv": [8.25, 1.125, 7, 0], "texture": "#1"},
				"down": {"uv": [8.25, 1.5, 7, 2.625], "texture": "#1"}
			}
		},
		{
			"from": [7, 20.4, 8],
			"to": [9, 21.6, 10],
			"faces": {
				"north": {"uv": [5, 8, 6, 8.625], "texture": "#1"},
				"east": {"uv": [8, 5, 9, 5.625], "texture": "#1"},
				"south": {"uv": [6, 8, 7, 8.625], "texture": "#1"},
				"west": {"uv": [8, 6, 9, 6.625], "texture": "#1"},
				"up": {"uv": [8, 6, 7, 5], "texture": "#1"},
				"down": {"uv": [8, 6, 7, 7], "texture": "#1"}
			}
		}
	],
	"display": {
		"thirdperson_righthand": {
			"translation": [0, 0.75, 1]
		},
		"thirdperson_lefthand": {
			"translation": [0, 0.75, 1]
		},
		"firstperson_righthand": {
			"translation": [0, 0.75, 0]
		},
		"firstperson_lefthand": {
			"translation": [0, 0.75, 0]
		},
		"ground": {
			"rotation": [0, 0, -180],
			"translation": [0, 9.5, 0],
			"scale": [0.52, 0.52, 0.52]
		},
		"gui": {
			"rotation": [0, -51, -33],
			"translation": [-2, -4.25, 0],
			"scale": [0.52, 0.52, 0.52]
		},
		"fixed": {
			"rotation": [0, 90, 0],
			"translation": [0, -4.75, -1.75],
			"scale": [0.52, 0.52, 0.52]
		}
	},
	"groups": [
		{
			"name": "group",
			"origin": [8, 8, 8],
			"color": 0,
			"children": [0, 1, 2, 3]
		},
		{
			"name": "group",
			"origin": [8, 8, 8],
			"color": 0,
			"children": [4, 5, 6, 7]
		}
	]
}