{
	"credit": "Made with Blockbench",
	"texture_size": [32, 32],
	"textures": {
		"0": "simplyswords:item/holy_grail_sword_hilt",
		"1": "simplyswords:item/holy_grail_sword_blade",
		"particle": "simplyswords:item/holy_grail_sword_hilt"
	},
	"elements": [
		{
			"from": [6.3, 8.8, 6.3],
			"to": [9.7, 9.9, 9.7],
			"faces": {
				"north": {"uv": [2, 5, 3.6875, 5.5625], "texture": "#0"},
				"east": {"uv": [4, 5, 5.6875, 5.5625], "texture": "#0"},
				"south": {"uv": [5.5, 0, 7.1875, 0.5625], "texture": "#0"},
				"west": {"uv": [5.5, 1, 7.1875, 1.5625], "texture": "#0"},
				"up": {"uv": [1.6875, 1.6875, 0, 0], "texture": "#0"},
				"down": {"uv": [1.6875, 2, 0, 3.6875], "texture": "#0"}
			}
		},
		{
			"from": [9.7, 9.9, 6.3],
			"to": [10.8, 11.4, 9.7],
			"rotation": {"angle": 0, "axis": "y", "origin": [10.25, 11.6, 8]},
			"faces": {
				"north": {"uv": [5, 8.5, 5.5625, 9.25], "texture": "#0"},
				"east": {"uv": [2, 3, 3.6875, 3.75], "texture": "#0"},
				"south": {"uv": [8.5, 6, 9.0625, 6.75], "texture": "#0"},
				"west": {"uv": [3.5, 0, 5.1875, 0.75], "texture": "#0"},
				"up": {"uv": [2.5625, 7.6875, 2, 6], "texture": "#0"},
				"down": {"uv": [6.5625, 2, 6, 3.6875], "texture": "#0"}
			}
		},
		{
			"from": [9.7, 9.2, 5.7],
			"to": [10.3, 9.9, 6.3],
			"rotation": {"angle": 0, "axis": "y", "origin": [7.7, 10.65, 8.1]},
			"faces": {
				"north": {"uv": [6, 11, 6.3125, 11.375], "texture": "#0"},
				"east": {"uv": [11, 6, 11.3125, 6.375], "texture": "#0"},
				"south": {"uv": [6.5, 11, 6.8125, 11.375], "texture": "#0"},
				"west": {"uv": [11, 6.5, 11.3125, 6.875], "texture": "#0"},
				"up": {"uv": [10.3125, 11.3125, 10, 11], "texture": "#0"},
				"down": {"uv": [11.3125, 10, 11, 10.3125], "texture": "#0"}
			}
		},
		{
			"from": [6.3, 9.2, 5.5],
			"to": [9.7, 9.9, 6.3],
			"rotation": {"angle": 0, "axis": "y", "origin": [8, 10.65, 8]},
			"faces": {
				"north": {"uv": [0, 8, 1.6875, 8.375], "texture": "#0"},
				"east": {"uv": [8, 10.5, 8.375, 10.875], "texture": "#0"},
				"south": {"uv": [2, 8, 3.6875, 8.375], "texture": "#0"},
				"west": {"uv": [10.5, 8, 10.875, 8.375], "texture": "#0"},
				"up": {"uv": [5.6875, 8.375, 4, 8], "texture": "#0"},
				"down": {"uv": [9.6875, 4, 8, 4.375], "texture": "#0"}
			}
		},
		{
			"from": [5.7, 9.2, 5.7],
			"to": [6.3, 9.9, 6.3],
			"rotation": {"angle": 0, "axis": "y", "origin": [7.7, 10.65, 8.1]},
			"faces": {
				"north": {"uv": [7, 11, 7.3125, 11.375], "texture": "#0"},
				"east": {"uv": [11, 7, 11.3125, 7.375], "texture": "#0"},
				"south": {"uv": [7.5, 11, 7.8125, 11.375], "texture": "#0"},
				"west": {"uv": [11, 7.5, 11.3125, 7.875], "texture": "#0"},
				"up": {"uv": [10.8125, 11.3125, 10.5, 11], "texture": "#0"},
				"down": {"uv": [11.3125, 10.5, 11, 10.8125], "texture": "#0"}
			}
		},
		{
			"from": [5.5, 9.2, 6.3],
			"to": [6.3, 9.9, 9.7],
			"rotation": {"angle": 0, "axis": "y", "origin": [5.75, 11.6, 8]},
			"faces": {
				"north": {"uv": [8.5, 10.5, 8.875, 10.875], "texture": "#0"},
				"east": {"uv": [8, 4.5, 9.6875, 4.875], "texture": "#0"},
				"south": {"uv": [10.5, 8.5, 10.875, 8.875], "texture": "#0"},
				"west": {"uv": [8, 5, 9.6875, 5.375], "texture": "#0"},
				"up": {"uv": [6.375, 9.6875, 6, 8], "texture": "#0"},
				"down": {"uv": [6.875, 8, 6.5, 9.6875], "texture": "#0"}
			}
		},
		{
			"from": [5.7, 9.2, 9.7],
			"to": [6.3, 9.9, 10.3],
			"rotation": {"angle": 0, "axis": "y", "origin": [7.7, 10.65, 8.1]},
			"faces": {
				"north": {"uv": [8, 11, 8.3125, 11.375], "texture": "#0"},
				"east": {"uv": [11, 8, 11.3125, 8.375], "texture": "#0"},
				"south": {"uv": [8.5, 11, 8.8125, 11.375], "texture": "#0"},
				"west": {"uv": [11, 8.5, 11.3125, 8.875], "texture": "#0"},
				"up": {"uv": [11.3125, 11.3125, 11, 11], "texture": "#0"},
				"down": {"uv": [0.3125, 11.5, 0, 11.8125], "texture": "#0"}
			}
		},
		{
			"from": [6.3, 9.2, 9.7],
			"to": [9.7, 9.9, 10.5],
			"rotation": {"angle": 0, "axis": "y", "origin": [8, 10.65, 8]},
			"faces": {
				"north": {"uv": [8, 5.5, 9.6875, 5.875], "texture": "#0"},
				"east": {"uv": [10.5, 9, 10.875, 9.375], "texture": "#0"},
				"south": {"uv": [7, 8, 8.6875, 8.375], "texture": "#0"},
				"west": {"uv": [10.5, 9.5, 10.875, 9.875], "texture": "#0"},
				"up": {"uv": [9.6875, 7.375, 8, 7], "texture": "#0"},
				"down": {"uv": [9.6875, 7.5, 8, 7.875], "texture": "#0"}
			}
		},
		{
			"from": [9.7, 9.2, 9.7],
			"to": [10.3, 9.9, 10.3],
			"rotation": {"angle": 0, "axis": "y", "origin": [7.7, 10.65, 8.1]},
			"faces": {
				"north": {"uv": [9, 11, 9.3125, 11.375], "texture": "#0"},
				"east": {"uv": [11, 9, 11.3125, 9.375], "texture": "#0"},
				"south": {"uv": [9.5, 11, 9.8125, 11.375], "texture": "#0"},
				"west": {"uv": [11, 9.5, 11.3125, 9.875], "texture": "#0"},
				"up": {"uv": [11.8125, 0.3125, 11.5, 0], "texture": "#0"},
				"down": {"uv": [0.8125, 11.5, 0.5, 11.8125], "texture": "#0"}
			}
		},
		{
			"from": [9.7, 9.2, 6.3],
			"to": [10.5, 9.9, 9.7],
			"rotation": {"angle": 0, "axis": "y", "origin": [10.25, 11.6, 8]},
			"faces": {
				"north": {"uv": [10.5, 10, 10.875, 10.375], "texture": "#0"},
				"east": {"uv": [0, 8.5, 1.6875, 8.875], "texture": "#0"},
				"south": {"uv": [10.5, 10.5, 10.875, 10.875], "texture": "#0"},
				"west": {"uv": [8.5, 0, 10.1875, 0.375], "texture": "#0"},
				"up": {"uv": [2.375, 10.1875, 2, 8.5], "texture": "#0"},
				"down": {"uv": [2.875, 8.5, 2.5, 10.1875], "texture": "#0"}
			}
		},
		{
			"from": [5.2, 9.9, 6.3],
			"to": [6.3, 11.4, 9.7],
			"rotation": {"angle": 0, "axis": "y", "origin": [5.75, 11.6, 8]},
			"faces": {
				"north": {"uv": [7, 8.5, 7.5625, 9.25], "texture": "#0"},
				"east": {"uv": [3.5, 1, 5.1875, 1.75], "texture": "#0"},
				"south": {"uv": [8, 8.5, 8.5625, 9.25], "texture": "#0"},
				"west": {"uv": [3.5, 2, 5.1875, 2.75], "texture": "#0"},
				"up": {"uv": [3.5625, 7.6875, 3, 6], "texture": "#0"},
				"down": {"uv": [4.5625, 6, 4, 7.6875], "texture": "#0"}
			}
		},
		{
			"from": [6.3, 9.9, 5.2],
			"to": [9.7, 11.4, 6.3],
			"rotation": {"angle": 0, "axis": "y", "origin": [8, 10.65, 8]},
			"faces": {
				"north": {"uv": [0, 4, 1.6875, 4.75], "texture": "#0"},
				"east": {"uv": [0, 9, 0.5625, 9.75], "texture": "#0"},
				"south": {"uv": [2, 4, 3.6875, 4.75], "texture": "#0"},
				"west": {"uv": [1, 9, 1.5625, 9.75], "texture": "#0"},
				"up": {"uv": [7.6875, 4.5625, 6, 4], "texture": "#0"},
				"down": {"uv": [6.6875, 6, 5, 6.5625], "texture": "#0"}
			}
		},
		{
			"from": [7.5, 10.4, 5],
			"to": [8.5, 11.6, 5.6],
			"rotation": {"angle": 0, "axis": "y", "origin": [8, 10.65, 8]},
			"faces": {
				"north": {"uv": [5.5, 2, 6, 2.625], "texture": "#0"},
				"east": {"uv": [10, 6, 10.3125, 6.625], "texture": "#0"},
				"south": {"uv": [9, 9, 9.5, 9.625], "texture": "#0"},
				"west": {"uv": [10, 7, 10.3125, 7.625], "texture": "#0"},
				"up": {"uv": [9, 1.8125, 8.5, 1.5], "texture": "#0"},
				"down": {"uv": [9.5, 2.5, 9, 2.8125], "texture": "#0"}
			}
		},
		{
			"from": [7.7, 9.4, 5.1],
			"to": [8.3, 10.4, 5.6],
			"rotation": {"angle": 0, "axis": "y", "origin": [8, 10.65, 8]},
			"faces": {
				"north": {"uv": [9.5, 3.5, 9.8125, 4], "texture": "#0"},
				"east": {"uv": [4, 11, 4.25, 11.5], "texture": "#0"},
				"south": {"uv": [4, 10.5, 4.3125, 11], "texture": "#0"},
				"west": {"uv": [11, 4, 11.25, 4.5], "texture": "#0"},
				"up": {"uv": [11.8125, 0.75, 11.5, 0.5], "texture": "#0"},
				"down": {"uv": [1.3125, 11.5, 1, 11.75], "texture": "#0"}
			}
		},
		{
			"from": [7.5, 10.4, 10.4],
			"to": [8.5, 11.6, 11],
			"rotation": {"angle": 0, "axis": "y", "origin": [8, 10.65, 8]},
			"faces": {
				"north": {"uv": [9.5, 0.5, 10, 1.125], "texture": "#0"},
				"east": {"uv": [10, 8, 10.3125, 8.625], "texture": "#0"},
				"south": {"uv": [9.5, 2.5, 10, 3.125], "texture": "#0"},
				"west": {"uv": [9, 10, 9.3125, 10.625], "texture": "#0"},
				"up": {"uv": [11, 4.3125, 10.5, 4], "texture": "#0"},
				"down": {"uv": [5, 10.5, 4.5, 10.8125], "texture": "#0"}
			}
		},
		{
			"from": [7.7, 9.4, 10.5],
			"to": [8.3, 10.4, 11],
			"rotation": {"angle": 0, "axis": "y", "origin": [8, 10.65, 8]},
			"faces": {
				"north": {"uv": [5, 10.5, 5.3125, 11], "texture": "#0"},
				"east": {"uv": [4.5, 11, 4.75, 11.5], "texture": "#0"},
				"south": {"uv": [5.5, 10.5, 5.8125, 11], "texture": "#0"},
				"west": {"uv": [11, 4.5, 11.25, 5], "texture": "#0"},
				"up": {"uv": [11.8125, 1.25, 11.5, 1], "texture": "#0"},
				"down": {"uv": [1.8125, 11.5, 1.5, 11.75], "texture": "#0"}
			}
		},
		{
			"from": [10.425, 9.4, 7.725],
			"to": [10.925, 10.4, 8.325],
			"rotation": {"angle": 0, "axis": "y", "origin": [8, 10.45, 8.025]},
			"faces": {
				"north": {"uv": [11, 4, 11.25, 4.5], "texture": "#0"},
				"east": {"uv": [9.5, 3.5, 9.8125, 4], "texture": "#0"},
				"south": {"uv": [4, 11, 4.25, 11.5], "texture": "#0"},
				"west": {"uv": [4, 10.5, 4.3125, 11], "texture": "#0"},
				"up": {"uv": [11.8125, 0.75, 11.5, 0.5], "rotation": 90, "texture": "#0"},
				"down": {"uv": [1.3125, 11.5, 1, 11.75], "rotation": 270, "texture": "#0"}
			}
		},
		{
			"from": [10.425, 10.4, 7.525],
			"to": [11.025, 11.6, 8.525],
			"rotation": {"angle": 0, "axis": "y", "origin": [8, 10.45, 8.025]},
			"faces": {
				"north": {"uv": [10, 7, 10.3125, 7.625], "texture": "#0"},
				"east": {"uv": [5.5, 2, 6, 2.625], "texture": "#0"},
				"south": {"uv": [10, 6, 10.3125, 6.625], "texture": "#0"},
				"west": {"uv": [9, 9, 9.5, 9.625], "texture": "#0"},
				"up": {"uv": [9, 1.8125, 8.5, 1.5], "rotation": 90, "texture": "#0"},
				"down": {"uv": [9.5, 2.5, 9, 2.8125], "rotation": 270, "texture": "#0"}
			}
		},
		{
			"from": [5.025, 10.4, 7.525],
			"to": [5.625, 11.6, 8.525],
			"rotation": {"angle": 0, "axis": "y", "origin": [8, 10.45, 8.025]},
			"faces": {
				"north": {"uv": [9, 10, 9.3125, 10.625], "texture": "#0"},
				"east": {"uv": [9.5, 0.5, 10, 1.125], "texture": "#0"},
				"south": {"uv": [10, 8, 10.3125, 8.625], "texture": "#0"},
				"west": {"uv": [9.5, 2.5, 10, 3.125], "texture": "#0"},
				"up": {"uv": [11, 4.3125, 10.5, 4], "rotation": 90, "texture": "#0"},
				"down": {"uv": [5, 10.5, 4.5, 10.8125], "rotation": 270, "texture": "#0"}
			}
		},
		{
			"from": [5.025, 9.4, 7.725],
			"to": [5.525, 10.4, 8.325],
			"rotation": {"angle": 0, "axis": "y", "origin": [8, 10.45, 8.025]},
			"faces": {
				"north": {"uv": [11, 4.5, 11.25, 5], "texture": "#0"},
				"east": {"uv": [5, 10.5, 5.3125, 11], "texture": "#0"},
				"south": {"uv": [4.5, 11, 4.75, 11.5], "texture": "#0"},
				"west": {"uv": [5.5, 10.5, 5.8125, 11], "texture": "#0"},
				"up": {"uv": [11.8125, 1.25, 11.5, 1], "rotation": 90, "texture": "#0"},
				"down": {"uv": [1.8125, 11.5, 1.5, 11.75], "rotation": 270, "texture": "#0"}
			}
		},
		{
			"from": [9.7, 9.9, 5.5],
			"to": [10.5, 11.4, 6.3],
			"rotation": {"angle": 0, "axis": "y", "origin": [7.7, 10.65, 8.1]},
			"faces": {
				"north": {"uv": [5, 9.5, 5.375, 10.25], "texture": "#0"},
				"east": {"uv": [5.5, 9.5, 5.875, 10.25], "texture": "#0"},
				"south": {"uv": [9.5, 6, 9.875, 6.75], "texture": "#0"},
				"west": {"uv": [7, 9.5, 7.375, 10.25], "texture": "#0"},
				"up": {"uv": [0.375, 11.375, 0, 11], "texture": "#0"},
				"down": {"uv": [11.375, 0, 11, 0.375], "texture": "#0"}
			}
		},
		{
			"from": [5.5, 9.9, 5.5],
			"to": [6.3, 11.4, 6.3],
			"rotation": {"angle": 0, "axis": "y", "origin": [7.7, 10.65, 8.1]},
			"faces": {
				"north": {"uv": [7.5, 9.5, 7.875, 10.25], "texture": "#0"},
				"east": {"uv": [8, 9.5, 8.375, 10.25], "texture": "#0"},
				"south": {"uv": [8.5, 9.5, 8.875, 10.25], "texture": "#0"},
				"west": {"uv": [9.5, 9, 9.875, 9.75], "texture": "#0"},
				"up": {"uv": [0.875, 11.375, 0.5, 11], "texture": "#0"},
				"down": {"uv": [11.375, 0.5, 11, 0.875], "texture": "#0"}
			}
		},
		{
			"from": [5.5, 9.9, 9.7],
			"to": [6.3, 11.4, 10.5],
			"rotation": {"angle": 0, "axis": "y", "origin": [7.7, 10.65, 8.1]},
			"faces": {
				"north": {"uv": [0, 10, 0.375, 10.75], "texture": "#0"},
				"east": {"uv": [0.5, 10, 0.875, 10.75], "texture": "#0"},
				"south": {"uv": [10, 0.5, 10.375, 1.25], "texture": "#0"},
				"west": {"uv": [1, 10, 1.375, 10.75], "texture": "#0"},
				"up": {"uv": [1.375, 11.375, 1, 11], "texture": "#0"},
				"down": {"uv": [1.875, 11, 1.5, 11.375], "texture": "#0"}
			}
		},
		{
			"from": [9.7, 9.9, 9.7],
			"to": [10.5, 11.4, 10.5],
			"rotation": {"angle": 0, "axis": "y", "origin": [7.7, 10.65, 8.1]},
			"faces": {
				"north": {"uv": [1.5, 10, 1.875, 10.75], "texture": "#0"},
				"east": {"uv": [10, 1.5, 10.375, 2.25], "texture": "#0"},
				"south": {"uv": [10, 2.5, 10.375, 3.25], "texture": "#0"},
				"west": {"uv": [10, 3.5, 10.375, 4.25], "texture": "#0"},
				"up": {"uv": [2.375, 11.375, 2, 11], "texture": "#0"},
				"down": {"uv": [2.875, 11, 2.5, 11.375], "texture": "#0"}
			}
		},
		{
			"from": [6.3, 9.9, 9.7],
			"to": [9.7, 11.4, 10.8],
			"rotation": {"angle": 0, "axis": "y", "origin": [8, 10.65, 8]},
			"faces": {
				"north": {"uv": [4, 3, 5.6875, 3.75], "texture": "#0"},
				"east": {"uv": [9, 1.5, 9.5625, 2.25], "texture": "#0"},
				"south": {"uv": [4, 4, 5.6875, 4.75], "texture": "#0"},
				"west": {"uv": [9, 8, 9.5625, 8.75], "texture": "#0"},
				"up": {"uv": [7.6875, 5.5625, 6, 5], "texture": "#0"},
				"down": {"uv": [8.6875, 2, 7, 2.5625], "texture": "#0"}
			}
		},
		{
			"from": [6.5, 7.7, 6.6],
			"to": [9.5, 8.8, 9.4],
			"faces": {
				"north": {"uv": [7, 3, 8.5, 3.5625], "texture": "#0"},
				"east": {"uv": [7, 6, 8.375, 6.5625], "texture": "#0"},
				"south": {"uv": [5, 7, 6.5, 7.5625], "texture": "#0"},
				"west": {"uv": [6.5, 7, 7.875, 7.5625], "texture": "#0"},
				"up": {"uv": [3.5, 1.375, 2, 0], "texture": "#0"},
				"down": {"uv": [3.5, 1.5, 2, 2.875], "texture": "#0"}
			}
		},
		{
			"from": [7.3, 7.2, 7.3],
			"to": [8.7, 7.7, 8.7],
			"faces": {
				"north": {"uv": [10.5, 1, 11.1875, 1.25], "texture": "#0"},
				"east": {"uv": [10.5, 1.5, 11.1875, 1.75], "texture": "#0"},
				"south": {"uv": [2, 10.5, 2.6875, 10.75], "texture": "#0"},
				"west": {"uv": [10.5, 2, 11.1875, 2.25], "texture": "#0"},
				"up": {"uv": [9.1875, 1.1875, 8.5, 0.5], "texture": "#0"},
				"down": {"uv": [3.6875, 8.5, 3, 9.1875], "texture": "#0"}
			}
		},
		{
			"from": [7.3, 1.2, 7.3],
			"to": [8.7, 1.7, 8.7],
			"faces": {
				"north": {"uv": [10.5, 2.5, 11.1875, 2.75], "texture": "#0"},
				"east": {"uv": [3, 10.5, 3.6875, 10.75], "texture": "#0"},
				"south": {"uv": [10.5, 3, 11.1875, 3.25], "texture": "#0"},
				"west": {"uv": [10.5, 3.5, 11.1875, 3.75], "texture": "#0"},
				"up": {"uv": [9.1875, 3.6875, 8.5, 3], "texture": "#0"},
				"down": {"uv": [4.6875, 8.5, 4, 9.1875], "texture": "#0"}
			}
		},
		{
			"from": [7.1, 0.7, 7.1],
			"to": [8.9, 1.2, 8.9],
			"faces": {
				"north": {"uv": [10, 4.5, 10.875, 4.75], "texture": "#0"},
				"east": {"uv": [10, 5, 10.875, 5.25], "texture": "#0"},
				"south": {"uv": [10, 5.5, 10.875, 5.75], "texture": "#0"},
				"west": {"uv": [6, 10, 6.875, 10.25], "texture": "#0"},
				"up": {"uv": [8.375, 0.875, 7.5, 0], "texture": "#0"},
				"down": {"uv": [8.375, 1, 7.5, 1.875], "texture": "#0"}
			}
		},
		{
			"from": [7.6, 1.7, 7.6],
			"to": [8.4, 7.2, 8.4],
			"faces": {
				"north": {"uv": [0, 5, 0.375, 7.75], "texture": "#0"},
				"east": {"uv": [0.5, 5, 0.875, 7.75], "texture": "#0"},
				"south": {"uv": [1, 5, 1.375, 7.75], "texture": "#0"},
				"west": {"uv": [1.5, 5, 1.875, 7.75], "texture": "#0"},
				"up": {"uv": [3.375, 11.375, 3, 11], "texture": "#0"},
				"down": {"uv": [3.875, 11, 3.5, 11.375], "texture": "#0"}
			}
		},
		{
			"from": [6.4, 9.9, 7.4],
			"to": [9.6, 11, 8.6],
			"faces": {
				"north": {"uv": [7.5, 0, 9.125, 0.5625], "texture": "#1"},
				"east": {"uv": [8, 8, 8.625, 8.5625], "texture": "#1"},
				"south": {"uv": [0.5, 7.5, 2.125, 8.0625], "texture": "#1"},
				"west": {"uv": [0.5, 8.5, 1.125, 9.0625], "texture": "#1"},
				"up": {"uv": [7.625, 3.625, 6, 3], "texture": "#1"},
				"down": {"uv": [7.625, 4, 6, 4.625], "texture": "#1"}
			}
		},
		{
			"from": [6.9, 11, 7.7],
			"to": [9.1, 13.2, 8.3],
			"faces": {
				"north": {"uv": [6, 0, 7.125, 1.125], "texture": "#1"},
				"east": {"uv": [8.5, 1, 8.8125, 2.125], "texture": "#1"},
				"south": {"uv": [6, 1.5, 7.125, 2.625], "texture": "#1"},
				"west": {"uv": [1.5, 8.5, 1.8125, 9.625], "texture": "#1"},
				"up": {"uv": [9.625, 2.8125, 8.5, 2.5], "texture": "#1"},
				"down": {"uv": [9.625, 3, 8.5, 3.3125], "texture": "#1"}
			}
		},
		{
			"from": [6.5, 13.2, 7.7],
			"to": [9.5, 28, 8.3],
			"faces": {
				"north": {"uv": [0, 0, 1.5, 7.375], "texture": "#1"},
				"east": {"uv": [5, 0, 5.3125, 7.375], "texture": "#1"},
				"south": {"uv": [1.5, 0, 3, 7.375], "texture": "#1"},
				"west": {"uv": [5.5, 0, 5.8125, 7.375], "texture": "#1"},
				"up": {"uv": [9.5, 4.3125, 8, 4], "texture": "#1"},
				"down": {"uv": [9.5, 4.5, 8, 4.8125], "texture": "#1"}
			}
		},
		{
			"from": [7, 28, 7.7],
			"to": [9, 29.5, 8.3],
			"faces": {
				"north": {"uv": [4, 7.5, 5, 8.25], "texture": "#1"},
				"east": {"uv": [8.5, 5.5, 8.8125, 6.25], "texture": "#1"},
				"south": {"uv": [5, 7.5, 6, 8.25], "texture": "#1"},
				"west": {"uv": [8.5, 6.5, 8.8125, 7.25], "texture": "#1"},
				"up": {"uv": [9.5, 3.8125, 8.5, 3.5], "texture": "#1"},
				"down": {"uv": [5, 8.5, 4, 8.8125], "texture": "#1"}
			}
		},
		{
			"from": [7.6, 29.5, 7.7],
			"to": [8.4, 31, 8.3],
			"faces": {
				"north": {"uv": [2, 8.5, 2.375, 9.25], "texture": "#1"},
				"east": {"uv": [9, 1, 9.3125, 1.75], "texture": "#1"},
				"south": {"uv": [5, 8.5, 5.375, 9.25], "texture": "#1"},
				"west": {"uv": [4, 9, 4.3125, 9.75], "texture": "#1"},
				"up": {"uv": [8.875, 7.8125, 8.5, 7.5], "texture": "#1"},
				"down": {"uv": [9.375, 2, 9, 2.3125], "texture": "#1"}
			}
		},
		{
			"from": [8.4914, 11.76053, 7.9],
			"to": [9.4914, 13.26053, 8.1],
			"rotation": {"angle": -22.5, "axis": "z", "origin": [8.9914, 11.81053, 8]},
			"faces": {
				"north": {"uv": [8, 5, 8.5, 5.75], "texture": "#1"},
				"east": {"uv": [9.5, 0, 9.625, 0.75], "texture": "#1"},
				"south": {"uv": [8, 6, 8.5, 6.75], "texture": "#1"},
				"west": {"uv": [0.5, 9.5, 0.625, 10.25], "texture": "#1"},
				"up": {"uv": [2.5, 9.625, 2, 9.5], "texture": "#1"},
				"down": {"uv": [10, 2, 9.5, 2.125], "texture": "#1"}
			}
		},
		{
			"from": [6.48967, 9.85567, 7.9],
			"to": [7.48967, 11.95567, 8.1],
			"rotation": {"angle": 0, "axis": "y", "origin": [6.98967, 11.20567, 8]},
			"faces": {
				"north": {"uv": [7.5, 5, 8, 6.0625], "texture": "#1"},
				"east": {"uv": [7.5, 9, 7.625, 10.0625], "texture": "#1"},
				"south": {"uv": [7.5, 6.5, 8, 7.5625], "texture": "#1"},
				"west": {"uv": [8, 9, 8.125, 10.0625], "texture": "#1"},
				"up": {"uv": [3, 9.625, 2.5, 9.5], "texture": "#1"},
				"down": {"uv": [3.5, 9.5, 3, 9.625], "texture": "#1"}
			}
		},
		{
			"from": [6.5086, 11.76053, 7.9],
			"to": [7.5086, 13.26053, 8.1],
			"rotation": {"angle": 22.5, "axis": "z", "origin": [7.0086, 11.81053, 8]},
			"faces": {
				"north": {"uv": [8, 7, 8.5, 7.75], "texture": "#1"},
				"east": {"uv": [1, 9.5, 1.125, 10.25], "texture": "#1"},
				"south": {"uv": [7.5, 8, 8, 8.75], "texture": "#1"},
				"west": {"uv": [9.5, 1, 9.625, 1.75], "texture": "#1"},
				"up": {"uv": [4, 9.625, 3.5, 9.5], "texture": "#1"},
				"down": {"uv": [10, 3.5, 9.5, 3.625], "texture": "#1"}
			}
		},
		{
			"from": [8.51033, 9.85567, 7.9],
			"to": [9.51033, 11.95567, 8.1],
			"rotation": {"angle": 0, "axis": "y", "origin": [9.01033, 11.20567, 8]},
			"faces": {
				"north": {"uv": [8, 1, 8.5, 2.0625], "texture": "#1"},
				"east": {"uv": [8.5, 9, 8.625, 10.0625], "texture": "#1"},
				"south": {"uv": [8, 2.5, 8.5, 3.5625], "texture": "#1"},
				"west": {"uv": [9, 9, 9.125, 10.0625], "texture": "#1"},
				"up": {"uv": [10, 4.125, 9.5, 4], "texture": "#1"},
				"down": {"uv": [10, 4.5, 9.5, 4.625], "texture": "#1"}
			}
		},
		{
			"from": [9.00823, 12.95881, 7.9],
			"to": [10.00823, 27.75881, 8.1],
			"rotation": {"angle": 0, "axis": "y", "origin": [9.50823, 26.30881, 8]},
			"faces": {
				"north": {"uv": [3, 0, 3.5, 7.375], "texture": "#1"},
				"east": {"uv": [6, 5, 6.125, 12.375], "texture": "#1"},
				"south": {"uv": [3.5, 0, 4, 7.375], "texture": "#1"},
				"west": {"uv": [6.5, 5, 6.625, 12.375], "texture": "#1"},
				"up": {"uv": [5.5, 9.625, 5, 9.5], "texture": "#1"},
				"down": {"uv": [10, 5, 9.5, 5.125], "texture": "#1"}
			}
		},
		{
			"from": [5.99177, 12.95881, 7.9],
			"to": [6.99177, 27.75881, 8.1],
			"rotation": {"angle": 0, "axis": "y", "origin": [6.49177, 26.30881, 8]},
			"faces": {
				"north": {"uv": [4, 0, 4.5, 7.375], "texture": "#1"},
				"east": {"uv": [7, 5, 7.125, 12.375], "texture": "#1"},
				"south": {"uv": [4.5, 0, 5, 7.375], "texture": "#1"},
				"west": {"uv": [0, 7.5, 0.125, 14.875], "texture": "#1"},
				"up": {"uv": [10, 5.625, 9.5, 5.5], "texture": "#1"},
				"down": {"uv": [10, 6, 9.5, 6.125], "texture": "#1"}
			}
		},
		{
			"from": [6.69994, 27.41903, 7.9],
			"to": [7.69994, 30.81903, 8.1],
			"rotation": {"angle": -22.5, "axis": "z", "origin": [7.19994, 29.36903, 8]},
			"faces": {
				"north": {"uv": [7.5, 1, 8, 2.6875], "texture": "#1"},
				"east": {"uv": [4.5, 9, 4.625, 10.6875], "texture": "#1"},
				"south": {"uv": [2.5, 7.5, 3, 9.1875], "texture": "#1"},
				"west": {"uv": [9, 5, 9.125, 6.6875], "texture": "#1"},
				"up": {"uv": [10, 6.625, 9.5, 6.5], "texture": "#1"},
				"down": {"uv": [10, 7, 9.5, 7.125], "texture": "#1"}
			}
		},
		{
			"from": [8.30006, 27.41903, 7.9],
			"to": [9.30006, 30.81903, 8.1],
			"rotation": {"angle": 22.5, "axis": "z", "origin": [8.80006, 29.36903, 8]},
			"faces": {
				"north": {"uv": [3, 7.5, 3.5, 9.1875], "texture": "#1"},
				"east": {"uv": [5.5, 9, 5.625, 10.6875], "texture": "#1"},
				"south": {"uv": [3.5, 7.5, 4, 9.1875], "texture": "#1"},
				"west": {"uv": [9, 7, 9.125, 8.6875], "texture": "#1"},
				"up": {"uv": [10, 7.625, 9.5, 7.5], "texture": "#1"},
				"down": {"uv": [10, 8, 9.5, 8.125], "texture": "#1"}
			}
		},
		{
			"from": [7.5, 30.4, 7.9],
			"to": [8.5, 31.4, 8.1],
			"rotation": {"angle": 45, "axis": "z", "origin": [8, 30.9, 8]},
			"faces": {
				"north": {"uv": [8.5, 5, 9, 5.5], "texture": "#1"},
				"east": {"uv": [9.5, 8.5, 9.625, 9], "texture": "#1"},
				"south": {"uv": [5.5, 8.5, 6, 9], "texture": "#1"},
				"west": {"uv": [9.5, 9, 9.625, 9.5], "texture": "#1"},
				"up": {"uv": [10, 9.625, 9.5, 9.5], "texture": "#1"},
				"down": {"uv": [10.5, 0, 10, 0.125], "texture": "#1"}
			}
		}
	],
	"display": {
		"thirdperson_righthand": {
			"rotation": [0, 90, 0],
			"translation": [0, 1.5, 1.5],
			"scale": [1.6, 1.6, 1.6]
		},
		"thirdperson_lefthand": {
			"rotation": [0, 90, 0],
			"translation": [0, 1.5, 1.5],
			"scale": [1.6, 1.6, 1.6]
		},
		"firstperson_righthand": {
			"rotation": [0, 90, -20],
			"translation": [1.5, 0.25, 0],
			"scale": [1.6, 1.6, 1.6]
		},
		"firstperson_lefthand": {
			"rotation": [0, 90, -20],
			"translation": [1.5, 0.25, 0],
			"scale": [1.6, 1.6, 1.6]
		},
		"ground": {
			"translation": [0, -1, 0],
			"scale": [0.62, 0.62, 0.62]
		},
		"gui": {
			"rotation": [0, -32, -28],
			"translation": [-1.25, -3.75, 0],
			"scale": [0.55, 0.55, 0.55]
		},
		"fixed": {
			"rotation": [0, 0, 47],
			"translation": [3.25, -3, 0],
			"scale": [1.28, 1.28, 1.28]
		}
	},
	"groups": [
		{
			"name": "group",
			"origin": [8, 8, 8],
			"color": 0,
			"children": [0, 1, 2, 3, 4, 5, 6, 7, 8, 9, 10, 11, 12, 13, 14, 15, 16, 17, 18, 19, 20, 21, 22, 23, 24, 25, 26, 27, 28, 29]
		},
		{
			"name": "group",
			"origin": [8, 8, 8],
			"color": 0,
			"children": [30, 31, 32, 33, 34, 35, 36, 37, 38, 39, 40, 41, 42, 43]
		}
	]
}