{
	"credit": "Made with Blockbench",
	"texture_size": [32, 32],
	"textures": {
		"0": "simplyswords:item/horsemans_axe_handle",
		"1": "simplyswords:item/horsemans_axe_head",
		"particle": "simplyswords:item/horsemans_axe_handle"
	},
	"elements": [
		{
			"from": [7.6, 0, 7.6],
			"to": [8.4, 27.2, 8.4],
			"faces": {
				"north": {"uv": [0, 0, 0.375, 13.625], "texture": "#0"},
				"east": {"uv": [0.5, 0, 0.875, 13.625], "texture": "#0"},
				"south": {"uv": [1, 0, 1.375, 13.625], "texture": "#0"},
				"west": {"uv": [1.5, 0, 1.875, 13.625], "texture": "#0"},
				"up": {"uv": [4.375, 2.375, 4, 2], "texture": "#0"},
				"down": {"uv": [4.375, 2.5, 4, 2.875], "texture": "#0"}
			}
		},
		{
			"from": [7.5, 1.6, 7.5],
			"to": [8.5, 8.6, 8.5],
			"faces": {
				"north": {"uv": [2, 0, 2.5, 3.5], "texture": "#0"},
				"east": {"uv": [2.5, 0, 3, 3.5], "texture": "#0"},
				"south": {"uv": [3, 0, 3.5, 3.5], "texture": "#0"},
				"west": {"uv": [3.5, 0, 4, 3.5], "texture": "#0"},
				"up": {"uv": [4.5, 0.5, 4, 0], "texture": "#0"},
				"down": {"uv": [4.5, 0.5, 4, 1], "texture": "#0"}
			}
		},
		{
			"from": [7.5, 16.6, 7.5],
			"to": [8.5, 23.6, 8.5],
			"faces": {
				"north": {"uv": [2, 3.5, 2.5, 7], "texture": "#0"},
				"east": {"uv": [2.5, 3.5, 3, 7], "texture": "#0"},
				"south": {"uv": [3, 3.5, 3.5, 7], "texture": "#0"},
				"west": {"uv": [3.5, 3.5, 4, 7], "texture": "#0"},
				"up": {"uv": [4.5, 1.5, 4, 1], "texture": "#0"},
				"down": {"uv": [4.5, 1.5, 4, 2], "texture": "#0"}
			}
		},
		{
			"from": [7.5, 27.2, 7.5],
			"to": [8.5, 30.4, 8.5],
			"faces": {
				"north": {"uv": [2.5, 5.5, 3, 7.125], "texture": "#1"},
				"east": {"uv": [3, 5.5, 3.5, 7.125], "texture": "#1"},
				"south": {"uv": [3.5, 5.5, 4, 7.125], "texture": "#1"},
				"west": {"uv": [4, 5.5, 4.5, 7.125], "texture": "#1"},
				"up": {"uv": [7, 6.5, 6.5, 6], "texture": "#1"},
				"down": {"uv": [8.5, 0.5, 8, 1], "texture": "#1"}
			}
		},
		{
			"from": [7.4, 30.4, 7.4],
			"to": [8.6, 31.3, 8.6],
			"faces": {
				"north": {"uv": [7.5, 5, 8.125, 5.5], "texture": "#1"},
				"east": {"uv": [7.5, 7, 8.125, 7.5], "texture": "#1"},
				"south": {"uv": [7.5, 7.5, 8.125, 8], "texture": "#1"},
				"west": {"uv": [8, 0, 8.625, 0.5], "texture": "#1"},
				"up": {"uv": [8.125, 1.625, 7.5, 1], "texture": "#1"},
				"down": {"uv": [8.125, 2, 7.5, 2.625], "texture": "#1"}
			}
		},
		{
			"from": [7.5, 27.4, -0.2],
			"to": [8.5, 30.4, 7.5],
			"faces": {
				"north": {"uv": [5, 3, 5.5, 4.5], "texture": "#1"},
				"east": {"uv": [0, 0, 3.875, 1.5], "texture": "#1"},
				"south": {"uv": [5.5, 4, 6, 5.5], "texture": "#1"},
				"west": {"uv": [0, 1.5, 3.875, 3], "texture": "#1"},
				"up": {"uv": [0.5, 6.875, 0, 3], "texture": "#1"},
				"down": {"uv": [1, 3, 0.5, 6.875], "texture": "#1"}
			}
		},
		{
			"from": [7.5, 28, 8.5],
			"to": [8.5, 30.4, 11],
			"faces": {
				"north": {"uv": [6, 1, 6.5, 2.25], "texture": "#1"},
				"east": {"uv": [2, 3, 3.25, 4.25], "texture": "#1"},
				"south": {"uv": [6, 2.5, 6.5, 3.75], "texture": "#1"},
				"west": {"uv": [3.5, 3, 4.75, 4.25], "texture": "#1"},
				"up": {"uv": [6.5, 5.25, 6, 4], "texture": "#1"},
				"down": {"uv": [7, 1, 6.5, 2.25], "texture": "#1"}
			}
		},
		{
			"from": [7.5, 28.6, 11],
			"to": [8.5, 30.4, 13.5],
			"faces": {
				"north": {"uv": [7, 7, 7.5, 7.875], "texture": "#1"},
				"east": {"uv": [4, 2, 5.25, 2.875], "texture": "#1"},
				"south": {"uv": [7.5, 0, 8, 0.875], "texture": "#1"},
				"west": {"uv": [2, 4.5, 3.25, 5.375], "texture": "#1"},
				"up": {"uv": [7, 3.75, 6.5, 2.5], "texture": "#1"},
				"down": {"uv": [7, 4, 6.5, 5.25], "texture": "#1"}
			}
		},
		{
			"from": [7.5, 29.3, 13.5],
			"to": [8.5, 30.4, 16],
			"faces": {
				"north": {"uv": [1.5, 8, 2, 8.5], "texture": "#1"},
				"east": {"uv": [5.5, 6.5, 6.75, 7], "texture": "#1"},
				"south": {"uv": [8, 3, 8.5, 3.5], "texture": "#1"},
				"west": {"uv": [6.5, 5.5, 7.75, 6], "texture": "#1"},
				"up": {"uv": [0.5, 8.25, 0, 7], "texture": "#1"},
				"down": {"uv": [7.5, 0, 7, 1.25], "texture": "#1"}
			}
		},
		{
			"from": [7.5, 30.07779, 0.21983],
			"to": [8.5, 31.57779, 1.41983],
			"rotation": {"angle": 22.5, "axis": "x", "origin": [8, 31.29422, 0.81983]},
			"faces": {
				"north": {"uv": [2.5, 7.5, 3, 8.25], "texture": "#1"},
				"east": {"uv": [6, 7, 6.625, 7.75], "texture": "#1"},
				"south": {"uv": [3, 7.5, 3.5, 8.25], "texture": "#1"},
				"west": {"uv": [7, 6, 7.625, 6.75], "texture": "#1"},
				"up": {"uv": [1, 8.625, 0.5, 8], "texture": "#1"},
				"down": {"uv": [1.5, 8, 1, 8.625], "texture": "#1"}
			}
		},
		{
			"from": [7.5, 25.3, -0.2],
			"to": [8.5, 27.4, 2.8],
			"rotation": {"angle": 0, "axis": "x", "origin": [8, 26.54046, 0.4]},
			"faces": {
				"north": {"uv": [0.5, 7, 1, 8], "texture": "#1"},
				"east": {"uv": [4, 0, 5.5, 1], "texture": "#1"},
				"south": {"uv": [1, 7, 1.5, 8], "texture": "#1"},
				"west": {"uv": [4, 1, 5.5, 2], "texture": "#1"},
				"up": {"uv": [5, 7, 4.5, 5.5], "texture": "#1"},
				"down": {"uv": [5.5, 5.5, 5, 7], "texture": "#1"}
			}
		},
		{
			"from": [7.5, 23.2, -0.2],
			"to": [8.5, 25.3, 1.9],
			"rotation": {"angle": 0, "axis": "y", "origin": [8, 26.54046, 0.4]},
			"faces": {
				"north": {"uv": [1.5, 7, 2, 8], "texture": "#1"},
				"east": {"uv": [3.5, 4.5, 4.5, 5.5], "texture": "#1"},
				"south": {"uv": [7, 1.5, 7.5, 2.5], "texture": "#1"},
				"west": {"uv": [4.5, 4.5, 5.5, 5.5], "texture": "#1"},
				"up": {"uv": [7.5, 3.5, 7, 2.5], "texture": "#1"},
				"down": {"uv": [7.5, 3.5, 7, 4.5], "texture": "#1"}
			}
		},
		{
			"from": [7.5, 21.1, -0.2],
			"to": [8.5, 23.2, 1.3],
			"rotation": {"angle": 0, "axis": "y", "origin": [8, 26.54046, 0.4]},
			"faces": {
				"north": {"uv": [4.5, 7, 5, 8], "texture": "#1"},
				"east": {"uv": [5.5, 5.5, 6.25, 6.5], "texture": "#1"},
				"south": {"uv": [7, 4.5, 7.5, 5.5], "texture": "#1"},
				"west": {"uv": [6, 0, 6.75, 1], "texture": "#1"},
				"up": {"uv": [8, 3.75, 7.5, 3], "texture": "#1"},
				"down": {"uv": [4, 7.5, 3.5, 8.25], "texture": "#1"}
			}
		},
		{
			"from": [7.7, 21.30709, -0.65891],
			"to": [8.3, 23.40709, 0.24109],
			"rotation": {"angle": -22.5, "axis": "x", "origin": [8, 22.35709, 0.09109]},
			"faces": {
				"north": {"uv": [8, 3.5, 8.25, 4.5], "texture": "#1"},
				"east": {"uv": [5, 7, 5.5, 8], "texture": "#1"},
				"south": {"uv": [4.5, 8, 4.75, 9], "texture": "#1"},
				"west": {"uv": [5.5, 7, 6, 8], "texture": "#1"},
				"up": {"uv": [8.25, 5, 8, 4.5], "texture": "#1"},
				"down": {"uv": [8.25, 5.5, 8, 6], "texture": "#1"}
			}
		},
		{
			"from": [7.7, 30.08286, -0.70743],
			"to": [8.3, 31.88286, 0.09257],
			"rotation": {"angle": 22.5, "axis": "x", "origin": [8, 31.00607, 0.04257]},
			"faces": {
				"north": {"uv": [5, 8, 5.25, 8.875], "texture": "#1"},
				"east": {"uv": [4, 7.5, 4.375, 8.375], "texture": "#1"},
				"south": {"uv": [5.5, 8, 5.75, 8.875], "texture": "#1"},
				"west": {"uv": [7.5, 4, 7.875, 4.875], "texture": "#1"},
				"up": {"uv": [6.75, 8.375, 6.5, 8], "texture": "#1"},
				"down": {"uv": [8.25, 6.5, 8, 6.875], "texture": "#1"}
			}
		},
		{
			"from": [7.7, 23.04015, -1.00364],
			"to": [8.3, 30.44015, -0.10364],
			"rotation": {"angle": 0, "axis": "x", "origin": [8, 24.09015, -0.55364]},
			"faces": {
				"north": {"uv": [5.5, 0, 5.75, 3.75], "texture": "#1"},
				"east": {"uv": [1, 3, 1.5, 6.75], "texture": "#1"},
				"south": {"uv": [2, 5.5, 2.25, 9.25], "texture": "#1"},
				"west": {"uv": [1.5, 3, 2, 6.75], "texture": "#1"},
				"up": {"uv": [6.25, 8.5, 6, 8], "texture": "#1"},
				"down": {"uv": [8.25, 6, 8, 6.5], "texture": "#1"}
			}
		}
	],
	"display": {
		"thirdperson_righthand": {
			"translation": [0, 0, 1.5]
		},
		"thirdperson_lefthand": {
			"translation": [0, 0, 1.5]
		},
		"firstperson_righthand": {
			"translation": [1, -2, 0]
		},
		"firstperson_lefthand": {
			"translation": [1, -2, 0]
		},
		"ground": {
			"rotation": [-138, 0, 0],
			"translation": [0, 11.25, 0],
			"scale": [0.66, 0.66, 0.66]
		},
		"gui": {
			"rotation": [51, -136, 50],
			"translation": [-3.25, -4.25, 0],
			"scale": [0.55, 0.55, 0.55]
		},
		"fixed": {
			"rotation": [0, 90, 0],
			"translation": [0, -7.25, -1]
		}
	},
	"groups": [
		{
			"name": "group",
			"origin": [8, 8, 8],
			"color": 0,
			"children": [0, 1, 2]
		},
		{
			"name": "group",
			"origin": [8, 8, 8],
			"color": 0,
			"children": [3, 4, 5, 6, 7, 8, 9, 10, 11, 12, 13, 14, 15]
		}
	]
}