{
	"credit": "Made with Blockbench",
	"textures": {
		"0": "simplyswords:item/fighters_blade",
		"1": "simplyswords:item/fighters_blade_hilt",
		"particle": "simplyswords:item/fighters_blade_hilt"
	},
	"elements": [
		{
			"from": [7.6, 27.6, 7.9],
			"to": [7.9, 27.9, 8.1],
			"rotation": {"angle": -45, "axis": "z", "origin": [8, 27.5, 8]},
			"faces": {
				"north": {"uv": [3, 8, 3.125, 8.125], "texture": "#0"},
				"east": {"uv": [8, 3, 8.125, 3.125], "texture": "#0"},
				"south": {"uv": [3.5, 8, 3.625, 8.125], "texture": "#0"},
				"west": {"uv": [8, 3.5, 8.125, 3.625], "texture": "#0"},
				"up": {"uv": [4.125, 8.125, 4, 8], "texture": "#0"},
				"down": {"uv": [8.125, 4, 8, 4.125], "texture": "#0"}
			}
		},
		{
			"from": [8.4018, 26.19182, 7.9],
			"to": [8.7018, 27.79182, 8.1],
			"rotation": {"angle": 22.5, "axis": "z", "origin": [8.3018, 26.59182, 8]},
			"faces": {
				"north": {"uv": [7, 1, 7.125, 1.8125], "texture": "#0"},
				"east": {"uv": [7, 2, 7.125, 2.8125], "texture": "#0"},
				"south": {"uv": [7, 3, 7.125, 3.8125], "texture": "#0"},
				"west": {"uv": [7, 4, 7.125, 4.8125], "texture": "#0"},
				"up": {"uv": [4.625, 8.125, 4.5, 8], "texture": "#0"},
				"down": {"uv": [8.125, 4.5, 8, 4.625], "texture": "#0"}
			}
		},
		{
			"from": [8.52443, 10.47535, 7.9],
			"to": [8.82443, 26.37535, 8.1],
			"rotation": {"angle": 0, "axis": "z", "origin": [8.42443, 25.17535, 8]},
			"faces": {
				"north": {"uv": [3, 0, 3.125, 7.9375], "texture": "#0"},
				"east": {"uv": [3.5, 0, 3.625, 7.9375], "texture": "#0"},
				"south": {"uv": [4, 0, 4.125, 7.9375], "texture": "#0"},
				"west": {"uv": [4.5, 0, 4.625, 7.9375], "texture": "#0"},
				"up": {"uv": [5.125, 8.125, 5, 8], "texture": "#0"},
				"down": {"uv": [8.125, 5, 8, 5.125], "texture": "#0"}
			}
		},
		{
			"from": [7.4, 10.55858, 7.8],
			"to": [8.6, 26.45858, 8.2],
			"rotation": {"angle": 0, "axis": "z", "origin": [8, 10.45858, 8]},
			"faces": {
				"north": {"uv": [0, 0, 0.625, 7.9375], "texture": "#0"},
				"east": {"uv": [2, 0, 2.1875, 7.9375], "texture": "#0"},
				"south": {"uv": [1, 0, 1.625, 7.9375], "texture": "#0"},
				"west": {"uv": [2.5, 0, 2.6875, 7.9375], "texture": "#0"},
				"up": {"uv": [7.625, 0.1875, 7, 0], "texture": "#0"},
				"down": {"uv": [7.625, 0.5, 7, 0.6875], "texture": "#0"}
			}
		},
		{
			"from": [7.5, 26.45858, 7.8],
			"to": [8.5, 26.75858, 8.2],
			"rotation": {"angle": 0, "axis": "y", "origin": [8, 10.45858, 8]},
			"faces": {
				"north": {"uv": [7.5, 4, 8, 4.125], "texture": "#0"},
				"east": {"uv": [0.5, 8, 0.6875, 8.125], "texture": "#0"},
				"south": {"uv": [7.5, 4.5, 8, 4.625], "texture": "#0"},
				"west": {"uv": [8, 0.5, 8.1875, 0.625], "texture": "#0"},
				"up": {"uv": [8, 2.1875, 7.5, 2], "texture": "#0"},
				"down": {"uv": [8, 2.5, 7.5, 2.6875], "texture": "#0"}
			}
		},
		{
			"from": [7.6, 26.75858, 7.8],
			"to": [8.4, 27.05858, 8.2],
			"rotation": {"angle": 0, "axis": "y", "origin": [8, 10.45858, 8]},
			"faces": {
				"north": {"uv": [7.5, 6, 7.875, 6.125], "texture": "#0"},
				"east": {"uv": [1, 8, 1.1875, 8.125], "texture": "#0"},
				"south": {"uv": [7.5, 6.5, 7.875, 6.625], "texture": "#0"},
				"west": {"uv": [8, 1, 8.1875, 1.125], "texture": "#0"},
				"up": {"uv": [7.875, 3.1875, 7.5, 3], "texture": "#0"},
				"down": {"uv": [7.875, 3.5, 7.5, 3.6875], "texture": "#0"}
			}
		},
		{
			"from": [7.7, 27.05858, 7.8],
			"to": [8.3, 27.35858, 8.2],
			"rotation": {"angle": 0, "axis": "y", "origin": [8, 10.45858, 8]},
			"faces": {
				"north": {"uv": [7.5, 7, 7.8125, 7.125], "texture": "#0"},
				"east": {"uv": [1.5, 8, 1.6875, 8.125], "texture": "#0"},
				"south": {"uv": [7.5, 7.5, 7.8125, 7.625], "texture": "#0"},
				"west": {"uv": [8, 1.5, 8.1875, 1.625], "texture": "#0"},
				"up": {"uv": [7.8125, 5.1875, 7.5, 5], "texture": "#0"},
				"down": {"uv": [7.8125, 5.5, 7.5, 5.6875], "texture": "#0"}
			}
		},
		{
			"from": [7.8, 27.35858, 7.8],
			"to": [8.2, 27.65858, 8.2],
			"rotation": {"angle": 0, "axis": "y", "origin": [8, 10.45858, 8]},
			"faces": {
				"north": {"uv": [2, 8, 2.1875, 8.125], "texture": "#0"},
				"east": {"uv": [8, 2, 8.1875, 2.125], "texture": "#0"},
				"south": {"uv": [2.5, 8, 2.6875, 8.125], "texture": "#0"},
				"west": {"uv": [8, 2.5, 8.1875, 2.625], "texture": "#0"},
				"up": {"uv": [0.1875, 8.1875, 0, 8], "texture": "#0"},
				"down": {"uv": [8.1875, 0, 8, 0.1875], "texture": "#0"}
			}
		},
		{
			"from": [7.17557, 10.47535, 7.9],
			"to": [7.47557, 26.37535, 8.1],
			"rotation": {"angle": 0, "axis": "y", "origin": [7.57557, 25.17535, 8]},
			"faces": {
				"north": {"uv": [5, 0, 5.125, 7.9375], "texture": "#0"},
				"east": {"uv": [5.5, 0, 5.625, 7.9375], "texture": "#0"},
				"south": {"uv": [6, 0, 6.125, 7.9375], "texture": "#0"},
				"west": {"uv": [6.5, 0, 6.625, 7.9375], "texture": "#0"},
				"up": {"uv": [5.625, 8.125, 5.5, 8], "texture": "#0"},
				"down": {"uv": [8.125, 5.5, 8, 5.625], "texture": "#0"}
			}
		},
		{
			"from": [7.2982, 26.19182, 7.9],
			"to": [7.5982, 27.79182, 8.1],
			"rotation": {"angle": -22.5, "axis": "z", "origin": [7.6982, 26.59182, 8]},
			"faces": {
				"north": {"uv": [7, 5, 7.125, 5.8125], "texture": "#0"},
				"east": {"uv": [7, 6, 7.125, 6.8125], "texture": "#0"},
				"south": {"uv": [7, 7, 7.125, 7.8125], "texture": "#0"},
				"west": {"uv": [7.5, 1, 7.625, 1.8125], "texture": "#0"},
				"up": {"uv": [6.125, 8.125, 6, 8], "texture": "#0"},
				"down": {"uv": [8.125, 6, 8, 6.125], "texture": "#0"}
			}
		},
		{
			"from": [6.4, 9.4, 7.6],
			"to": [9.6, 10.2, 8.4],
			"rotation": {"angle": 0, "axis": "z", "origin": [8, 27.5, 8]},
			"faces": {
				"north": {"uv": [0, 0, 3.25, 0.75], "texture": "#1"},
				"east": {"uv": [5, 3, 5.75, 3.75], "texture": "#1"},
				"south": {"uv": [0, 1, 3.25, 1.75], "texture": "#1"},
				"west": {"uv": [6, 7, 6.75, 7.75], "texture": "#1"},
				"up": {"uv": [3.25, 2.75, 0, 2], "texture": "#1"},
				"down": {"uv": [3.25, 3, 0, 3.75], "texture": "#1"}
			}
		},
		{
			"from": [7.6, 8.6, 7.6],
			"to": [8.4, 9.4, 8.4],
			"rotation": {"angle": 0, "axis": "y", "origin": [8, 27.5, 8]},
			"faces": {
				"north": {"uv": [7, 7, 7.75, 7.75], "texture": "#1"},
				"east": {"uv": [0, 8, 0.75, 8.75], "texture": "#1"},
				"south": {"uv": [8, 0, 8.75, 0.75], "texture": "#1"},
				"west": {"uv": [1, 8, 1.75, 8.75], "texture": "#1"},
				"up": {"uv": [2.75, 8.75, 2, 8], "texture": "#1"},
				"down": {"uv": [8.75, 3, 8, 3.75], "texture": "#1"}
			}
		},
		{
			"from": [7.6, 4.3, 7.6],
			"to": [8.4, 5.1, 8.4],
			"rotation": {"angle": 0, "axis": "y", "origin": [8, 27.5, 8]},
			"faces": {
				"north": {"uv": [8, 4, 8.75, 4.75], "texture": "#1"},
				"east": {"uv": [8, 5, 8.75, 5.75], "texture": "#1"},
				"south": {"uv": [6, 8, 6.75, 8.75], "texture": "#1"},
				"west": {"uv": [8, 6, 8.75, 6.75], "texture": "#1"},
				"up": {"uv": [7.75, 8.75, 7, 8], "texture": "#1"},
				"down": {"uv": [8.75, 7, 8, 7.75], "texture": "#1"}
			}
		},
		{
			"from": [7.7, 5.1, 7.7],
			"to": [8.3, 8.6, 8.3],
			"rotation": {"angle": 0, "axis": "y", "origin": [8, 27.5, 8]},
			"faces": {
				"north": {"uv": [0, 4, 0.625, 7.5], "texture": "#1"},
				"east": {"uv": [4, 0, 4.625, 3.5], "texture": "#1"},
				"south": {"uv": [1, 4, 1.625, 7.5], "texture": "#1"},
				"west": {"uv": [2, 4, 2.625, 7.5], "texture": "#1"},
				"up": {"uv": [9.625, 4.625, 9, 4], "texture": "#1"},
				"down": {"uv": [5.625, 9, 5, 9.625], "texture": "#1"}
			}
		},
		{
			"from": [9.09364, 9.76257, 7.8],
			"to": [9.89364, 10.36257, 8.2],
			"rotation": {"angle": -22.5, "axis": "z", "origin": [9.79364, 9.96257, 8]},
			"faces": {
				"north": {"uv": [9, 0, 9.75, 0.625], "texture": "#1"},
				"east": {"uv": [9, 9, 9.375, 9.625], "texture": "#1"},
				"south": {"uv": [3, 9, 3.75, 9.625], "texture": "#1"},
				"west": {"uv": [10, 0, 10.375, 0.625], "texture": "#1"},
				"up": {"uv": [9.75, 5.375, 9, 5], "texture": "#1"},
				"down": {"uv": [6.75, 9, 6, 9.375], "texture": "#1"}
			}
		},
		{
			"from": [6.10636, 9.76257, 7.8],
			"to": [6.90636, 10.36257, 8.2],
			"rotation": {"angle": 22.5, "axis": "z", "origin": [6.20636, 9.96257, 8]},
			"faces": {
				"north": {"uv": [9, 3, 9.75, 3.625], "texture": "#1"},
				"east": {"uv": [10, 1, 10.375, 1.625], "texture": "#1"},
				"south": {"uv": [4, 9, 4.75, 9.625], "texture": "#1"},
				"west": {"uv": [10, 2, 10.375, 2.625], "texture": "#1"},
				"up": {"uv": [9.75, 6.375, 9, 6], "texture": "#1"},
				"down": {"uv": [7.75, 9, 7, 9.375], "texture": "#1"}
			}
		},
		{
			"from": [10.04692, 9.53317, 7.8],
			"to": [10.64692, 10.93317, 8.2],
			"rotation": {"angle": -22.5, "axis": "z", "origin": [10.44692, 10.23317, 8]},
			"faces": {
				"north": {"uv": [4, 7, 4.625, 8.375], "texture": "#1"},
				"east": {"uv": [1, 9, 1.375, 10.375], "texture": "#1"},
				"south": {"uv": [5, 7, 5.625, 8.375], "texture": "#1"},
				"west": {"uv": [2, 9, 2.375, 10.375], "texture": "#1"},
				"up": {"uv": [4.625, 10.375, 4, 10], "texture": "#1"},
				"down": {"uv": [10.625, 4, 10, 4.375], "texture": "#1"}
			}
		},
		{
			"from": [5.33785, 9.6097, 7.8],
			"to": [5.93785, 11.0097, 8.2],
			"rotation": {"angle": 22.5, "axis": "z", "origin": [5.73785, 10.3097, 8]},
			"faces": {
				"north": {"uv": [4, 7, 4.625, 8.375], "texture": "#1"},
				"east": {"uv": [1, 9, 1.375, 10.375], "texture": "#1"},
				"south": {"uv": [5, 7, 5.625, 8.375], "texture": "#1"},
				"west": {"uv": [2, 9, 2.375, 10.375], "texture": "#1"},
				"up": {"uv": [4.625, 10.375, 4, 10], "texture": "#1"},
				"down": {"uv": [10.625, 4, 10, 4.375], "texture": "#1"}
			}
		},
		{
			"from": [6.7, 10.2, 7.6],
			"to": [9.3, 10.6, 8.4],
			"rotation": {"angle": 0, "axis": "y", "origin": [8, 27.5, 8]},
			"faces": {
				"north": {"uv": [7, 1, 9.625, 1.375], "texture": "#1"},
				"east": {"uv": [9, 7, 9.75, 7.375], "texture": "#1"},
				"south": {"uv": [7, 2, 9.625, 2.375], "texture": "#1"},
				"west": {"uv": [9, 8, 9.75, 8.375], "texture": "#1"},
				"up": {"uv": [5.625, 4.75, 3, 4], "texture": "#1"},
				"down": {"uv": [7.625, 0, 5, 0.75], "texture": "#1"}
			}
		},
		{
			"from": [7.4, 9.8, 7.5],
			"to": [8.8, 11.2, 8.5],
			"rotation": {"angle": -45, "axis": "z", "origin": [8, 10.6, 8]},
			"faces": {
				"north": {"uv": [5, 1, 6.375, 2.375], "texture": "#1"},
				"east": {"uv": [5, 5, 6, 6.375], "texture": "#1"},
				"south": {"uv": [3, 5, 4.375, 6.375], "texture": "#1"},
				"west": {"uv": [6, 3, 7, 4.375], "texture": "#1"},
				"up": {"uv": [7.375, 6, 6, 5], "texture": "#1"},
				"down": {"uv": [7.375, 6, 6, 7], "texture": "#1"}
			}
		}
	],
	"display": {
		"thirdperson_righthand": {
			"rotation": [0, -90, 0],
			"translation": [0, -0.5, 0.75],
			"scale": [1.27, 1.27, 1.27]
		},
		"thirdperson_lefthand": {
			"rotation": [0, -90, 0],
			"translation": [0, -0.5, 0.75],
			"scale": [1.27, 1.27, 1.27]
		},
		"firstperson_righthand": {
			"rotation": [0, -90, 0],
			"scale": [1.27, 1.27, 1.27]
		},
		"firstperson_lefthand": {
			"rotation": [0, -90, 0],
			"scale": [1.27, 1.27, 1.27]
		},
		"ground": {
			"rotation": [0, 0, 180],
			"translation": [0, 16.5, 0]
		},
		"gui": {
			"rotation": [0, 0, 134],
			"translation": [3.75, 3.75, 0],
			"scale": [0.78, 0.78, 0.78]
		},
		"fixed": {
			"rotation": [0, 0, 44],
			"translation": [2.75, -3.5, 0]
		}
	},
	"groups": [
		{
			"name": "group",
			"origin": [8, 8, 8],
			"color": 0,
			"children": [0, 1, 2, 3, 4, 5, 6, 7, 8, 9]
		},
		{
			"name": "group",
			"origin": [8, 8, 8],
			"color": 0,
			"children": [10, 11, 12, 13, 14, 15, 16, 17, 18, 19]
		}
	]
}