{
	"credit": "Made with Blockbench",
	"texture_size": [32, 32],
	"textures": {
		"0": "simplyswords:item/calibyrne_ii_blade",
		"1": "simplyswords:item/calibyrne_ii_hilt",
		"particle": "simplyswords:item/calibyrne_ii_hilt"
	},
	"elements": [
		{
			"from": [7, 22.4, 7.9],
			"to": [8.1, 23.5, 8.1],
			"rotation": {"angle": -45, "axis": "z", "origin": [8, 22.5, 8]},
			"faces": {
				"north": {"uv": [7, 0.5, 7.5625, 1.0625], "texture": "#0"},
				"east": {"uv": [7, 7.5, 7.125, 8.0625], "texture": "#0"},
				"south": {"uv": [7, 1.5, 7.5625, 2.0625], "texture": "#0"},
				"west": {"uv": [7.5, 7.5, 7.625, 8.0625], "texture": "#0"},
				"up": {"uv": [8.5625, 0.125, 8, 0], "texture": "#0"},
				"down": {"uv": [8.5625, 0.5, 8, 0.625], "texture": "#0"}
			}
		},
		{
			"from": [8.36924, 21.46716, 7.9],
			"to": [9.46924, 22.96716, 8.1],
			"rotation": {"angle": 45, "axis": "z", "origin": [8.91924, 22.21716, 8]},
			"faces": {
				"north": {"uv": [6, 0, 6.5625, 0.75], "texture": "#0"},
				"east": {"uv": [6.5, 7, 6.625, 7.75], "texture": "#0"},
				"south": {"uv": [6, 1, 6.5625, 1.75], "texture": "#0"},
				"west": {"uv": [7, 6.5, 7.125, 7.25], "texture": "#0"},
				"up": {"uv": [8.5625, 1.125, 8, 1], "texture": "#0"},
				"down": {"uv": [8.5625, 1.5, 8, 1.625], "texture": "#0"}
			}
		},
		{
			"from": [9.3125, 10.38992, 7.9],
			"to": [10.4125, 20.68992, 8.1],
			"rotation": {"angle": 0, "axis": "z", "origin": [9.8625, 18.83992, 8]},
			"faces": {
				"north": {"uv": [3, 0, 3.5625, 5.125], "texture": "#0"},
				"east": {"uv": [2, 5.5, 2.125, 10.625], "texture": "#0"},
				"south": {"uv": [4, 0, 4.5625, 5.125], "texture": "#0"},
				"west": {"uv": [2.5, 5.5, 2.625, 10.625], "texture": "#0"},
				"up": {"uv": [8.5625, 2.125, 8, 2], "texture": "#0"},
				"down": {"uv": [8.5625, 4, 8, 4.125], "texture": "#0"}
			}
		},
		{
			"from": [5.5875, 10.38992, 7.9],
			"to": [6.6875, 20.68992, 8.1],
			"rotation": {"angle": 0, "axis": "y", "origin": [6.1375, 18.83992, 8]},
			"faces": {
				"north": {"uv": [5, 0, 5.5625, 5.125], "texture": "#0"},
				"east": {"uv": [3, 5.5, 3.125, 10.625], "texture": "#0"},
				"south": {"uv": [0, 5.5, 0.5625, 10.625], "texture": "#0"},
				"west": {"uv": [3.5, 5.5, 3.625, 10.625], "texture": "#0"},
				"up": {"uv": [8.5625, 4.625, 8, 4.5], "texture": "#0"},
				"down": {"uv": [8.5625, 5, 8, 5.125], "texture": "#0"}
			}
		},
		{
			"from": [6.55, 10.4864, 7.8],
			"to": [9.45, 20.7864, 8.2],
			"rotation": {"angle": 0, "axis": "z", "origin": [8, 10.1364, 8]},
			"faces": {
				"north": {"uv": [0, 0, 1.4375, 5.125], "texture": "#0"},
				"east": {"uv": [1, 5.5, 1.1875, 10.625], "texture": "#0"},
				"south": {"uv": [1.5, 0, 2.9375, 5.125], "texture": "#0"},
				"west": {"uv": [1.5, 5.5, 1.6875, 10.625], "texture": "#0"},
				"up": {"uv": [8.4375, 2.6875, 7, 2.5], "texture": "#0"},
				"down": {"uv": [8.4375, 3, 7, 3.1875], "texture": "#0"}
			}
		},
		{
			"from": [6.75, 20.7864, 7.8],
			"to": [9.25, 21.4864, 8.2],
			"rotation": {"angle": 0, "axis": "y", "origin": [8, 10.1364, 8]},
			"faces": {
				"north": {"uv": [4, 5.5, 5.25, 5.875], "texture": "#0"},
				"east": {"uv": [8, 5.5, 8.1875, 5.875], "texture": "#0"},
				"south": {"uv": [5.5, 5.5, 6.75, 5.875], "texture": "#0"},
				"west": {"uv": [8, 6, 8.1875, 6.375], "texture": "#0"},
				"up": {"uv": [8.25, 3.6875, 7, 3.5], "texture": "#0"},
				"down": {"uv": [5.25, 7, 4, 7.1875], "texture": "#0"}
			}
		},
		{
			"from": [7.05, 21.4864, 7.8],
			"to": [8.95, 22.1864, 8.2],
			"rotation": {"angle": 0, "axis": "y", "origin": [8, 10.1364, 8]},
			"faces": {
				"north": {"uv": [6, 5, 6.9375, 5.375], "texture": "#0"},
				"east": {"uv": [6.5, 8, 6.6875, 8.375], "texture": "#0"},
				"south": {"uv": [7, 0, 7.9375, 0.375], "texture": "#0"},
				"west": {"uv": [8, 6.5, 8.1875, 6.875], "texture": "#0"},
				"up": {"uv": [7.9375, 5.1875, 7, 5], "texture": "#0"},
				"down": {"uv": [6.4375, 7, 5.5, 7.1875], "texture": "#0"}
			}
		},
		{
			"from": [7.45, 22.1864, 7.8],
			"to": [8.55, 22.8864, 8.2],
			"rotation": {"angle": 0, "axis": "y", "origin": [8, 10.1364, 8]},
			"faces": {
				"north": {"uv": [7, 4, 7.5625, 4.375], "texture": "#0"},
				"east": {"uv": [8, 7, 8.1875, 7.375], "texture": "#0"},
				"south": {"uv": [7, 4.5, 7.5625, 4.875], "texture": "#0"},
				"west": {"uv": [8, 7.5, 8.1875, 7.875], "texture": "#0"},
				"up": {"uv": [7.5625, 5.6875, 7, 5.5], "texture": "#0"},
				"down": {"uv": [7.5625, 6, 7, 6.1875], "texture": "#0"}
			}
		},
		{
			"from": [6.53076, 21.46716, 7.9],
			"to": [7.63076, 22.96716, 8.1],
			"rotation": {"angle": -45, "axis": "z", "origin": [7.08076, 22.21716, 8]},
			"faces": {
				"north": {"uv": [6, 2, 6.5625, 2.75], "texture": "#0"},
				"east": {"uv": [4, 7.5, 4.125, 8.25], "texture": "#0"},
				"south": {"uv": [6, 3, 6.5625, 3.75], "texture": "#0"},
				"west": {"uv": [4.5, 7.5, 4.625, 8.25], "texture": "#0"},
				"up": {"uv": [8.5625, 8.125, 8, 8], "texture": "#0"},
				"down": {"uv": [9.0625, 2.5, 8.5, 2.625], "texture": "#0"}
			}
		},
		{
			"from": [5.83264, 20.42235, 7.9],
			"to": [6.93264, 21.92235, 8.1],
			"rotation": {"angle": -22.5, "axis": "z", "origin": [6.38264, 21.17235, 8]},
			"faces": {
				"north": {"uv": [4, 6, 4.5625, 6.75], "texture": "#0"},
				"east": {"uv": [5, 7.5, 5.125, 8.25], "texture": "#0"},
				"south": {"uv": [6, 4, 6.5625, 4.75], "texture": "#0"},
				"west": {"uv": [5.5, 7.5, 5.625, 8.25], "texture": "#0"},
				"up": {"uv": [9.0625, 3.125, 8.5, 3], "texture": "#0"},
				"down": {"uv": [9.0625, 3.5, 8.5, 3.625], "texture": "#0"}
			}
		},
		{
			"from": [9.06736, 20.42235, 7.9],
			"to": [10.16736, 21.92235, 8.1],
			"rotation": {"angle": 22.5, "axis": "z", "origin": [9.61736, 21.17235, 8]},
			"faces": {
				"north": {"uv": [5, 6, 5.5625, 6.75], "texture": "#0"},
				"east": {"uv": [6, 7.5, 6.125, 8.25], "texture": "#0"},
				"south": {"uv": [6, 6, 6.5625, 6.75], "texture": "#0"},
				"west": {"uv": [7.5, 6.5, 7.625, 7.25], "texture": "#0"},
				"up": {"uv": [4.5625, 8.625, 4, 8.5], "texture": "#0"},
				"down": {"uv": [5.5625, 8.5, 5, 8.625], "texture": "#0"}
			}
		},
		{
			"from": [6.65, 8.7864, 7.3],
			"to": [9.35, 11.4864, 8.7],
			"rotation": {"angle": -45, "axis": "z", "origin": [8, 10.1364, 8]},
			"faces": {
				"north": {"uv": [0, 0, 1.375, 1.375], "texture": "#1"},
				"east": {"uv": [2, 4, 2.6875, 5.375], "texture": "#1"},
				"south": {"uv": [0, 1.5, 1.375, 2.875], "texture": "#1"},
				"west": {"uv": [4, 3, 4.6875, 4.375], "texture": "#1"},
				"up": {"uv": [5.875, 0.6875, 4.5, 0], "texture": "#1"},
				"down": {"uv": [5.875, 1, 4.5, 1.6875], "texture": "#1"}
			}
		},
		{
			"from": [10.39849, 9.55354, 7.4],
			"to": [11.79849, 10.85354, 8.6],
			"rotation": {"angle": 22.5, "axis": "z", "origin": [11.74849, 10.20354, 8]},
			"faces": {
				"north": {"uv": [4.5, 2, 5.1875, 2.625], "texture": "#1"},
				"east": {"uv": [0, 6.5, 0.625, 7.125], "texture": "#1"},
				"south": {"uv": [4, 4.5, 4.6875, 5.125], "texture": "#1"},
				"west": {"uv": [1, 6.5, 1.625, 7.125], "texture": "#1"},
				"up": {"uv": [5.6875, 3.625, 5, 3], "texture": "#1"},
				"down": {"uv": [5.6875, 4, 5, 4.625], "texture": "#1"}
			}
		},
		{
			"from": [4.15203, 9.3048, 7.4],
			"to": [5.55203, 10.6048, 8.6],
			"rotation": {"angle": -22.5, "axis": "z", "origin": [4.85203, 9.9548, 8]},
			"faces": {
				"north": {"uv": [4.5, 2, 5.1875, 2.625], "texture": "#1"},
				"east": {"uv": [0, 6.5, 0.625, 7.125], "texture": "#1"},
				"south": {"uv": [4, 4.5, 4.6875, 5.125], "texture": "#1"},
				"west": {"uv": [1, 6.5, 1.625, 7.125], "texture": "#1"},
				"up": {"uv": [5.6875, 3.625, 5, 3], "texture": "#1"},
				"down": {"uv": [5.6875, 4, 5, 4.625], "texture": "#1"}
			}
		},
		{
			"from": [11.37879, 9.92675, 7.4],
			"to": [12.77879, 11.22675, 8.6],
			"rotation": {"angle": 45, "axis": "z", "origin": [12.07879, 10.57675, 8]},
			"faces": {
				"north": {"uv": [4, 5.5, 4.6875, 6.125], "texture": "#1"},
				"east": {"uv": [3, 6.5, 3.625, 7.125], "texture": "#1"},
				"south": {"uv": [6, 0, 6.6875, 0.625], "texture": "#1"},
				"west": {"uv": [4, 6.5, 4.625, 7.125], "texture": "#1"},
				"up": {"uv": [6.6875, 1.625, 6, 1], "texture": "#1"},
				"down": {"uv": [6.6875, 3, 6, 3.625], "texture": "#1"}
			}
		},
		{
			"from": [3.22121, 9.92675, 7.4],
			"to": [4.62121, 11.22675, 8.6],
			"rotation": {"angle": -45, "axis": "z", "origin": [3.92121, 10.57675, 8]},
			"faces": {
				"north": {"uv": [4, 5.5, 4.6875, 6.125], "texture": "#1"},
				"east": {"uv": [3, 6.5, 3.625, 7.125], "texture": "#1"},
				"south": {"uv": [6, 0, 6.6875, 0.625], "texture": "#1"},
				"west": {"uv": [4, 6.5, 4.625, 7.125], "texture": "#1"},
				"up": {"uv": [6.6875, 1.625, 6, 1], "texture": "#1"},
				"down": {"uv": [6.6875, 3, 6, 3.625], "texture": "#1"}
			}
		},
		{
			"from": [5.25, 9.0864, 7.4],
			"to": [10.75, 10.3864, 8.6],
			"rotation": {"angle": 0, "axis": "y", "origin": [8, 10.1364, 8]},
			"faces": {
				"north": {"uv": [1.5, 0, 4.25, 0.625], "texture": "#1"},
				"east": {"uv": [7, 3, 7.625, 3.625], "texture": "#1"},
				"south": {"uv": [1.5, 1, 4.25, 1.625], "texture": "#1"},
				"west": {"uv": [7, 4, 7.625, 4.625], "texture": "#1"},
				"up": {"uv": [4.25, 2.625, 1.5, 2], "texture": "#1"},
				"down": {"uv": [2.75, 3, 0, 3.625], "texture": "#1"}
			}
		},
		{
			"from": [7.35, 7.9864, 7.4],
			"to": [8.65, 9.0864, 8.6],
			"rotation": {"angle": 0, "axis": "y", "origin": [8, 10.1364, 8]},
			"faces": {
				"north": {"uv": [7.5, 2, 8.125, 2.5625], "texture": "#1"},
				"east": {"uv": [3, 7.5, 3.625, 8.0625], "texture": "#1"},
				"south": {"uv": [4, 7.5, 4.625, 8.0625], "texture": "#1"},
				"west": {"uv": [8, 0, 8.625, 0.5625], "texture": "#1"},
				"up": {"uv": [5.625, 7.625, 5, 7], "texture": "#1"},
				"down": {"uv": [7.625, 5, 7, 5.625], "texture": "#1"}
			}
		},
		{
			"from": [7.35, 2.1864, 7.4],
			"to": [8.65, 3.3864, 8.6],
			"rotation": {"angle": 0, "axis": "y", "origin": [8, 10.1364, 8]},
			"faces": {
				"north": {"uv": [6, 7, 6.625, 7.625], "texture": "#1"},
				"east": {"uv": [7, 6, 7.625, 6.625], "texture": "#1"},
				"south": {"uv": [7, 7, 7.625, 7.625], "texture": "#1"},
				"west": {"uv": [0, 7.5, 0.625, 8.125], "texture": "#1"},
				"up": {"uv": [1.625, 8.125, 1, 7.5], "texture": "#1"},
				"down": {"uv": [2.625, 7.5, 2, 8.125], "texture": "#1"}
			}
		},
		{
			"from": [7.45, 3.3864, 7.5],
			"to": [8.55, 7.9864, 8.5],
			"rotation": {"angle": 0, "axis": "y", "origin": [8, 10.1364, 8]},
			"faces": {
				"north": {"uv": [3, 3, 3.5625, 5.3125], "texture": "#1"},
				"east": {"uv": [1, 4, 1.5, 6.3125], "texture": "#1"},
				"south": {"uv": [0, 4, 0.5625, 6.3125], "texture": "#1"},
				"west": {"uv": [1.5, 4, 2, 6.3125], "texture": "#1"},
				"up": {"uv": [8.5625, 1.5, 8, 1], "texture": "#1"},
				"down": {"uv": [8.5625, 1.5, 8, 2], "texture": "#1"}
			}
		}
	],
	"display": {
		"thirdperson_righthand": {
			"rotation": [0, 90, 0],
			"translation": [0, 0.25, 1]
		},
		"thirdperson_lefthand": {
			"rotation": [0, 90, 0],
			"translation": [0, 0.25, 1]
		},
		"firstperson_righthand": {
			"rotation": [0, 90, 0],
			"translation": [0, 1, 0]
		},
		"firstperson_lefthand": {
			"rotation": [0, 90, 0],
			"translation": [0, 1, 0]
		},
		"ground": {
			"rotation": [0, 0, 180],
			"translation": [0, 11, 0]
		},
		"gui": {
			"translation": [0, -2.75, 0],
			"scale": [0.65, 0.65, 0.65]
		},
		"fixed": {
			"rotation": [0, 0, 45],
			"translation": [4.25, -4.25, 0],
			"scale": [1.21, 1.21, 1.21]
		}
	},
	"groups": [
		{
			"name": "group",
			"origin": [8, 8, 8],
			"color": 0,
			"children": [0, 1, 2, 3, 4, 5, 6, 7, 8, 9, 10]
		},
		{
			"name": "group",
			"origin": [8, 8, 8],
			"color": 0,
			"children": [11, 12, 13, 14, 15, 16, 17, 18, 19]
		}
	]
}