{
	"credit": "Made with Blockbench",
	"texture_size": [32, 32],
	"textures": {
		"0": "simplyswords:item/kokiri_sword_hilt",
		"1": "simplyswords:item/kokiri_sword_blade",
		"particle": "simplyswords:item/kokiri_sword_hilt"
	},
	"elements": [
		{
			"from": [7.4, 21.76569, 7.9],
			"to": [8.6, 22.96569, 8.1],
			"rotation": {"angle": 45, "axis": "z", "origin": [8, 22.36569, 8]},
			"faces": {
				"north": {"uv": [6.5, 3, 7.125, 3.625], "texture": "#1"},
				"east": {"uv": [7.5, 1, 7.625, 1.625], "texture": "#1"},
				"south": {"uv": [6.5, 4, 7.125, 4.625], "texture": "#1"},
				"west": {"uv": [7.5, 3, 7.625, 3.625], "texture": "#1"},
				"up": {"uv": [4.125, 7.625, 3.5, 7.5], "texture": "#1"},
				"down": {"uv": [8.125, 4, 7.5, 4.125], "texture": "#1"}
			}
		},
		{
			"from": [6.6, 10.16569, 7.7],
			"to": [9.4, 20.76569, 8.3],
			"rotation": {"angle": 0, "axis": "y", "origin": [8, 22.36569, 8]},
			"faces": {
				"north": {"uv": [0, 0, 1.375, 5.3125], "texture": "#1"},
				"east": {"uv": [1, 5.5, 1.3125, 10.8125], "texture": "#1"},
				"south": {"uv": [1.5, 0, 2.875, 5.3125], "texture": "#1"},
				"west": {"uv": [1.5, 5.5, 1.8125, 10.8125], "texture": "#1"},
				"up": {"uv": [7.875, 2.3125, 6.5, 2], "texture": "#1"},
				"down": {"uv": [7.875, 2.5, 6.5, 2.8125], "texture": "#1"}
			}
		},
		{
			"from": [7.1, 20.76569, 7.7],
			"to": [8.9, 21.76569, 8.3],
			"rotation": {"angle": 0, "axis": "y", "origin": [8, 22.36569, 8]},
			"faces": {
				"north": {"uv": [6.5, 1, 7.375, 1.5], "texture": "#1"},
				"east": {"uv": [3.5, 7, 3.8125, 7.5], "texture": "#1"},
				"south": {"uv": [6.5, 1.5, 7.375, 2], "texture": "#1"},
				"west": {"uv": [4, 7, 4.3125, 7.5], "texture": "#1"},
				"up": {"uv": [7.375, 5.3125, 6.5, 5], "texture": "#1"},
				"down": {"uv": [7.375, 5.5, 6.5, 5.8125], "texture": "#1"}
			}
		},
		{
			"from": [7.5, 21.76569, 7.7],
			"to": [8.5, 22.46569, 8.3],
			"rotation": {"angle": 0, "axis": "y", "origin": [8, 22.36569, 8]},
			"faces": {
				"north": {"uv": [6.5, 6, 7, 6.375], "texture": "#1"},
				"east": {"uv": [5.5, 7, 5.8125, 7.375], "texture": "#1"},
				"south": {"uv": [6.5, 6.5, 7, 6.875], "texture": "#1"},
				"west": {"uv": [6, 7, 6.3125, 7.375], "texture": "#1"},
				"up": {"uv": [5, 7.3125, 4.5, 7], "texture": "#1"},
				"down": {"uv": [5.5, 7, 5, 7.3125], "texture": "#1"}
			}
		},
		{
			"from": [8.70815, 20.70754, 7.9],
			"to": [9.90815, 22.30754, 8.1],
			"rotation": {"angle": 45, "axis": "z", "origin": [9.30815, 21.05754, 8]},
			"faces": {
				"north": {"uv": [3.5, 6, 4.125, 6.8125], "texture": "#1"},
				"east": {"uv": [7, 6, 7.125, 6.8125], "texture": "#1"},
				"south": {"uv": [4.5, 6, 5.125, 6.8125], "texture": "#1"},
				"west": {"uv": [6.5, 7, 6.625, 7.8125], "texture": "#1"},
				"up": {"uv": [5.125, 7.625, 4.5, 7.5], "texture": "#1"},
				"down": {"uv": [8.125, 4.5, 7.5, 4.625], "texture": "#1"}
			}
		},
		{
			"from": [8.7799, 10.03431, 7.9],
			"to": [9.9799, 21.23431, 8.1],
			"rotation": {"angle": 0, "axis": "y", "origin": [9.3799, 19.98431, 8]},
			"faces": {
				"north": {"uv": [3, 0, 3.625, 5.625], "texture": "#1"},
				"east": {"uv": [2, 5.5, 2.125, 11.125], "texture": "#1"},
				"south": {"uv": [4, 0, 4.625, 5.625], "texture": "#1"},
				"west": {"uv": [2.5, 5.5, 2.625, 11.125], "texture": "#1"},
				"up": {"uv": [8.125, 5.125, 7.5, 5], "texture": "#1"},
				"down": {"uv": [6.125, 7.5, 5.5, 7.625], "texture": "#1"}
			}
		},
		{
			"from": [6.0201, 10.03431, 7.9],
			"to": [7.2201, 21.23431, 8.1],
			"rotation": {"angle": 0, "axis": "y", "origin": [6.6201, 19.98431, 8]},
			"faces": {
				"north": {"uv": [5, 0, 5.625, 5.625], "texture": "#1"},
				"east": {"uv": [6, 0, 6.125, 5.625], "texture": "#1"},
				"south": {"uv": [0, 5.5, 0.625, 11.125], "texture": "#1"},
				"west": {"uv": [3, 6, 3.125, 11.625], "texture": "#1"},
				"up": {"uv": [8.125, 5.625, 7.5, 5.5], "texture": "#1"},
				"down": {"uv": [8.125, 6, 7.5, 6.125], "texture": "#1"}
			}
		},
		{
			"from": [6.09185, 20.70754, 7.9],
			"to": [7.29185, 22.30754, 8.1],
			"rotation": {"angle": -45, "axis": "z", "origin": [6.69185, 21.05754, 8]},
			"faces": {
				"north": {"uv": [5.5, 6, 6.125, 6.8125], "texture": "#1"},
				"east": {"uv": [7, 7, 7.125, 7.8125], "texture": "#1"},
				"south": {"uv": [6.5, 0, 7.125, 0.8125], "texture": "#1"},
				"west": {"uv": [7.5, 0, 7.625, 0.8125], "texture": "#1"},
				"up": {"uv": [8.125, 6.625, 7.5, 6.5], "texture": "#1"},
				"down": {"uv": [8.125, 7, 7.5, 7.125], "texture": "#1"}
			}
		},
		{
			"from": [5.6, 8.96569, 7.4],
			"to": [10.4, 10.16569, 8.6],
			"rotation": {"angle": 0, "axis": "y", "origin": [8, 22.16569, 8]},
			"faces": {
				"north": {"uv": [0, 0, 2.375, 0.625], "texture": "#0"},
				"east": {"uv": [3, 7.5, 3.625, 8.125], "texture": "#0"},
				"south": {"uv": [0, 1, 2.375, 1.625], "texture": "#0"},
				"west": {"uv": [7.5, 3, 8.125, 3.625], "texture": "#0"},
				"up": {"uv": [2.375, 2.625, 0, 2], "texture": "#0"},
				"down": {"uv": [4.875, 0, 2.5, 0.625], "texture": "#0"}
			}
		},
		{
			"from": [7.6, 8.56569, 7.2],
			"to": [8.4, 9.36569, 8.8],
			"rotation": {"angle": 0, "axis": "y", "origin": [8, 22.16569, 8]},
			"faces": {
				"north": {"uv": [9, 6, 9.375, 6.375], "texture": "#0"},
				"east": {"uv": [8.5, 2, 9.3125, 2.375], "texture": "#0"},
				"south": {"uv": [9, 6.5, 9.375, 6.875], "texture": "#0"},
				"west": {"uv": [8.5, 2.5, 9.3125, 2.875], "texture": "#0"},
				"up": {"uv": [3.375, 9.3125, 3, 8.5], "texture": "#0"},
				"down": {"uv": [8.875, 3, 8.5, 3.8125], "texture": "#0"}
			}
		},
		{
			"from": [6.9, 8.76569, 7.3],
			"to": [9.1, 9.16569, 8.7],
			"rotation": {"angle": 0, "axis": "y", "origin": [8, 22.16569, 8]},
			"faces": {
				"north": {"uv": [9, 5.5, 10.125, 5.6875], "texture": "#0"},
				"east": {"uv": [9, 7, 9.6875, 7.1875], "texture": "#0"},
				"south": {"uv": [6, 9, 7.125, 9.1875], "texture": "#0"},
				"west": {"uv": [7.5, 9, 8.1875, 9.1875], "texture": "#0"},
				"up": {"uv": [5.125, 4.6875, 4, 4], "texture": "#0"},
				"down": {"uv": [6.125, 0, 5, 0.6875], "texture": "#0"}
			}
		},
		{
			"from": [5.6, 7.76569, 7.4],
			"to": [10.4, 8.96569, 8.6],
			"rotation": {"angle": 0, "axis": "y", "origin": [8, 22.16569, 8]},
			"faces": {
				"north": {"uv": [2.5, 1, 4.875, 1.625], "texture": "#0"},
				"east": {"uv": [1, 8, 1.625, 8.625], "texture": "#0"},
				"south": {"uv": [2.5, 2, 4.875, 2.625], "texture": "#0"},
				"west": {"uv": [2, 8, 2.625, 8.625], "texture": "#0"},
				"up": {"uv": [2.375, 3.625, 0, 3], "texture": "#0"},
				"down": {"uv": [4.875, 3, 2.5, 3.625], "texture": "#0"}
			}
		},
		{
			"from": [7.4, 3.16569, 7.4],
			"to": [8.6, 7.76569, 8.6],
			"rotation": {"angle": 0, "axis": "y", "origin": [8, 22.16569, 8]},
			"faces": {
				"north": {"uv": [0, 4, 0.625, 6.3125], "texture": "#0"},
				"east": {"uv": [1, 4, 1.625, 6.3125], "texture": "#0"},
				"south": {"uv": [2, 4, 2.625, 6.3125], "texture": "#0"},
				"west": {"uv": [3, 4, 3.625, 6.3125], "texture": "#0"},
				"up": {"uv": [4.625, 8.625, 4, 8], "texture": "#0"},
				"down": {"uv": [8.625, 4, 8, 4.625], "texture": "#0"}
			}
		},
		{
			"from": [7.1, 2.46569, 7.1],
			"to": [8.9, 3.16569, 8.9],
			"rotation": {"angle": 0, "axis": "y", "origin": [8, 22.16569, 8]},
			"faces": {
				"north": {"uv": [8.5, 0, 9.375, 0.375], "texture": "#0"},
				"east": {"uv": [8.5, 0.5, 9.375, 0.875], "texture": "#0"},
				"south": {"uv": [8.5, 1, 9.375, 1.375], "texture": "#0"},
				"west": {"uv": [8.5, 1.5, 9.375, 1.875], "texture": "#0"},
				"up": {"uv": [5.875, 1.875, 5, 1], "texture": "#0"},
				"down": {"uv": [5.875, 2, 5, 2.875], "texture": "#0"}
			}
		},
		{
			"from": [7.2, 1.76569, 7.2],
			"to": [8.8, 2.46569, 8.8],
			"rotation": {"angle": 0, "axis": "y", "origin": [8, 22.16569, 8]},
			"faces": {
				"north": {"uv": [1, 9, 1.8125, 9.375], "texture": "#0"},
				"east": {"uv": [2, 9, 2.8125, 9.375], "texture": "#0"},
				"south": {"uv": [9, 3, 9.8125, 3.375], "texture": "#0"},
				"west": {"uv": [3.5, 9, 4.3125, 9.375], "texture": "#0"},
				"up": {"uv": [0.8125, 7.3125, 0, 6.5], "texture": "#0"},
				"down": {"uv": [7.3125, 0, 6.5, 0.8125], "texture": "#0"}
			}
		},
		{
			"from": [9.6682, 9.53241, 7.4],
			"to": [11.7682, 10.73241, 8.6],
			"rotation": {"angle": 45, "axis": "z", "origin": [10.7182, 10.13241, 8]},
			"faces": {
				"north": {"uv": [5, 3, 6.0625, 3.625], "texture": "#0"},
				"east": {"uv": [5, 8, 5.625, 8.625], "texture": "#0"},
				"south": {"uv": [4, 5, 5.0625, 5.625], "texture": "#0"},
				"west": {"uv": [8, 5, 8.625, 5.625], "texture": "#0"},
				"up": {"uv": [6.5625, 4.625, 5.5, 4], "texture": "#0"},
				"down": {"uv": [6.5625, 5, 5.5, 5.625], "texture": "#0"}
			}
		},
		{
			"from": [11.0364, 10.09914, 7.5],
			"to": [12.4364, 11.29914, 8.5],
			"rotation": {"angle": 0, "axis": "y", "origin": [12.0864, 10.69914, 8]},
			"faces": {
				"north": {"uv": [4, 7, 4.6875, 7.625], "texture": "#0"},
				"east": {"uv": [6, 8, 6.625, 8.625], "texture": "#0"},
				"south": {"uv": [7, 4, 7.6875, 4.625], "texture": "#0"},
				"west": {"uv": [8, 6, 8.625, 6.625], "texture": "#0"},
				"up": {"uv": [5.6875, 7.625, 5, 7], "texture": "#0"},
				"down": {"uv": [7.6875, 5, 7, 5.625], "texture": "#0"}
			}
		},
		{
			"from": [10.3364, 9.19914, 7.5],
			"to": [12.2364, 10.09914, 8.5],
			"rotation": {"angle": 0, "axis": "y", "origin": [12.0864, 10.69914, 8]},
			"faces": {
				"north": {"uv": [7.5, 0, 8.4375, 0.4375], "texture": "#0"},
				"east": {"uv": [3.5, 8.5, 4, 8.9375], "texture": "#0"},
				"south": {"uv": [7.5, 0.5, 8.4375, 0.9375], "texture": "#0"},
				"west": {"uv": [9, 3.5, 9.5, 3.9375], "texture": "#0"},
				"up": {"uv": [1.9375, 7, 1, 6.5], "texture": "#0"},
				"down": {"uv": [2.9375, 6.5, 2, 7], "texture": "#0"}
			}
		},
		{
			"from": [10.0364, 8.29914, 7.5],
			"to": [11.9364, 9.19914, 8.5],
			"rotation": {"angle": 0, "axis": "y", "origin": [12.0864, 10.69914, 8]},
			"faces": {
				"north": {"uv": [1, 7.5, 1.9375, 7.9375], "texture": "#0"},
				"east": {"uv": [9, 4, 9.5, 4.4375], "texture": "#0"},
				"south": {"uv": [7.5, 1, 8.4375, 1.4375], "texture": "#0"},
				"west": {"uv": [4.5, 9, 5, 9.4375], "texture": "#0"},
				"up": {"uv": [3.9375, 7, 3, 6.5], "texture": "#0"},
				"down": {"uv": [7.4375, 3, 6.5, 3.5], "texture": "#0"}
			}
		},
		{
			"from": [3.5636, 10.09914, 7.5],
			"to": [4.9636, 11.29914, 8.5],
			"rotation": {"angle": 0, "axis": "y", "origin": [3.9136, 10.69914, 8]},
			"faces": {
				"north": {"uv": [6, 7, 6.6875, 7.625], "texture": "#0"},
				"east": {"uv": [7, 8, 7.625, 8.625], "texture": "#0"},
				"south": {"uv": [7, 6, 7.6875, 6.625], "texture": "#0"},
				"west": {"uv": [8, 7, 8.625, 7.625], "texture": "#0"},
				"up": {"uv": [7.6875, 7.625, 7, 7], "texture": "#0"},
				"down": {"uv": [0.6875, 7.5, 0, 8.125], "texture": "#0"}
			}
		},
		{
			"from": [3.7636, 9.19914, 7.5],
			"to": [5.6636, 10.09914, 8.5],
			"rotation": {"angle": 0, "axis": "y", "origin": [3.9136, 10.69914, 8]},
			"faces": {
				"north": {"uv": [7.5, 1.5, 8.4375, 1.9375], "texture": "#0"},
				"east": {"uv": [9, 4.5, 9.5, 4.9375], "texture": "#0"},
				"south": {"uv": [2, 7.5, 2.9375, 7.9375], "texture": "#0"},
				"west": {"uv": [5, 9, 5.5, 9.4375], "texture": "#0"},
				"up": {"uv": [7.4375, 4, 6.5, 3.5], "texture": "#0"},
				"down": {"uv": [1.9375, 7, 1, 7.5], "texture": "#0"}
			}
		},
		{
			"from": [4.0636, 8.29914, 7.5],
			"to": [5.9636, 9.19914, 8.5],
			"rotation": {"angle": 0, "axis": "y", "origin": [3.9136, 10.69914, 8]},
			"faces": {
				"north": {"uv": [7.5, 2, 8.4375, 2.4375], "texture": "#0"},
				"east": {"uv": [9, 5, 9.5, 5.4375], "texture": "#0"},
				"south": {"uv": [7.5, 2.5, 8.4375, 2.9375], "texture": "#0"},
				"west": {"uv": [5.5, 9, 6, 9.4375], "texture": "#0"},
				"up": {"uv": [2.9375, 7.5, 2, 7], "texture": "#0"},
				"down": {"uv": [3.9375, 7, 3, 7.5], "texture": "#0"}
			}
		},
		{
			"from": [4.2318, 9.53241, 7.4],
			"to": [6.3318, 10.73241, 8.6],
			"rotation": {"angle": -45, "axis": "z", "origin": [5.2818, 10.13241, 8]},
			"faces": {
				"north": {"uv": [6, 1, 7.0625, 1.625], "texture": "#0"},
				"east": {"uv": [8, 8, 8.625, 8.625], "texture": "#0"},
				"south": {"uv": [6, 2, 7.0625, 2.625], "texture": "#0"},
				"west": {"uv": [0, 8.5, 0.625, 9.125], "texture": "#0"},
				"up": {"uv": [5.0625, 6.625, 4, 6], "texture": "#0"},
				"down": {"uv": [6.5625, 6, 5.5, 6.625], "texture": "#0"}
			}
		}
	],
	"display": {
		"thirdperson_righthand": {
			"rotation": [0, 90, 0],
			"translation": [0, 0.5, 1.25]
		},
		"thirdperson_lefthand": {
			"rotation": [0, 90, 0],
			"translation": [0, 0.5, 1.25]
		},
		"firstperson_righthand": {
			"rotation": [0, 90, -11],
			"translation": [0.75, 0.75, 0]
		},
		"firstperson_lefthand": {
			"rotation": [0, 90, -11],
			"translation": [0.75, 0.75, 0]
		},
		"ground": {
			"translation": [0, 2.25, 0]
		},
		"gui": {
			"rotation": [0, 0, -45],
			"translation": [-2.25, -2, 0],
			"scale": [0.73, 0.73, 0.73]
		},
		"fixed": {
			"rotation": [0, 0, 45]
		}
	},
	"groups": [
		{
			"name": "group",
			"origin": [8, 8, 8],
			"color": 0,
			"children": [0, 1, 2, 3, 4, 5, 6, 7]
		},
		{
			"name": "group",
			"origin": [8, 8, 8],
			"color": 0,
			"children": [8, 9, 10, 11, 12, 13, 14, 15, 16, 17, 18, 19, 20, 21, 22]
		}
	]
}