{
	"credit": "Made with Blockbench",
	"texture_size": [32, 32],
	"textures": {
		"0": "simplyswords:item/dragon_claw_pole",
		"1": "simplyswords:item/dragon_claw_blade",
		"particle": "simplyswords:item/dragon_claw_pole"
	},
	"elements": [
		{
			"from": [7.6, 15.3, 7.6],
			"to": [8.4, 21.7, 8.4],
			"rotation": {"angle": 0, "axis": "y", "origin": [0, 7.2, 0]},
			"faces": {
				"north": {"uv": [3.5, 6, 3.875, 9.1875], "texture": "#0"},
				"east": {"uv": [4, 6, 4.375, 9.1875], "texture": "#0"},
				"south": {"uv": [2.5, 7, 2.875, 10.1875], "texture": "#0"},
				"west": {"uv": [3, 7, 3.375, 10.1875], "texture": "#0"},
				"up": {"uv": [6.375, 1.875, 6, 1.5], "texture": "#0"},
				"down": {"uv": [6.875, 4.5, 6.5, 4.875], "texture": "#0"}
			}
		},
		{
			"from": [5.93882, 0.24869, 7.6],
			"to": [6.73882, 11.44869, 8.4],
			"rotation": {"angle": 0, "axis": "y", "origin": [-3.66118, -3.05131, 0]},
			"faces": {
				"north": {"uv": [3.5, 0, 3.875, 5.625], "texture": "#0"},
				"east": {"uv": [0, 4, 0.375, 9.625], "texture": "#0"},
				"south": {"uv": [4, 0, 4.375, 5.625], "texture": "#0"},
				"west": {"uv": [0.5, 4, 0.875, 9.625], "texture": "#0"},
				"up": {"uv": [7.875, 1.375, 7.5, 1], "texture": "#0"},
				"down": {"uv": [8.375, 3, 8, 3.375], "texture": "#0"}
			}
		},
		{
			"from": [6.40586, 11.19666, 7.6],
			"to": [7.20586, 15.69666, 8.4],
			"rotation": {"angle": -22.5, "axis": "z", "origin": [6.80586, 12.49666, 8]},
			"faces": {
				"north": {"uv": [7, 4.5, 7.375, 6.75], "texture": "#0"},
				"east": {"uv": [7, 7, 7.375, 9.25], "texture": "#0"},
				"south": {"uv": [1, 7.5, 1.375, 9.75], "texture": "#0"},
				"west": {"uv": [1.5, 7.5, 1.875, 9.75], "texture": "#0"},
				"up": {"uv": [8.375, 3.875, 8, 3.5], "texture": "#0"},
				"down": {"uv": [8.375, 4, 8, 4.375], "texture": "#0"}
			}
		},
		{
			"from": [7.4, 21.7, 7.4],
			"to": [8.6, 26.8, 8.6],
			"rotation": {"angle": 0, "axis": "y", "origin": [0, 7.2, 0]},
			"faces": {
				"north": {"uv": [2.5, 4, 3.125, 6.5625], "texture": "#0"},
				"east": {"uv": [4.5, 2, 5.125, 4.5625], "texture": "#0"},
				"south": {"uv": [4.5, 5, 5.125, 7.5625], "texture": "#0"},
				"west": {"uv": [5.5, 2, 6.125, 4.5625], "texture": "#0"},
				"up": {"uv": [8.125, 6.125, 7.5, 5.5], "texture": "#0"},
				"down": {"uv": [8.125, 6.5, 7.5, 7.125], "texture": "#0"}
			}
		},
		{
			"from": [8.6, 24.1, 7.2],
			"to": [9.5, 25.8, 8.8],
			"rotation": {"angle": 0, "axis": "y", "origin": [0, 7.2, 0]},
			"faces": {
				"north": {"uv": [2, 7.5, 2.4375, 8.375], "texture": "#0"},
				"east": {"uv": [7.5, 0, 8.3125, 0.875], "texture": "#0"},
				"south": {"uv": [7.5, 7.5, 7.9375, 8.375], "texture": "#0"},
				"west": {"uv": [7.5, 4.5, 8.3125, 5.375], "texture": "#0"},
				"up": {"uv": [8.4375, 1.8125, 8, 1], "texture": "#0"},
				"down": {"uv": [8.4375, 2, 8, 2.8125], "texture": "#0"}
			}
		},
		{
			"from": [9.5, 23, 6.1],
			"to": [11.8, 26.9, 9.9],
			"rotation": {"angle": 0, "axis": "y", "origin": [0, 7.2, 0]},
			"faces": {
				"north": {"uv": [2, 0, 3.125, 1.9375], "texture": "#0"},
				"east": {"uv": [0, 0, 1.875, 1.9375], "texture": "#0"},
				"south": {"uv": [2, 2, 3.125, 3.9375], "texture": "#0"},
				"west": {"uv": [0, 2, 1.875, 3.9375], "texture": "#0"},
				"up": {"uv": [2.125, 5.875, 1, 4], "texture": "#0"},
				"down": {"uv": [5.625, 0, 4.5, 1.875], "texture": "#0"}
			}
		},
		{
			"from": [6.9, 26.8, 6.9],
			"to": [9.1, 29, 9.1],
			"rotation": {"angle": 0, "axis": "y", "origin": [0, 7.2, 0]},
			"faces": {
				"north": {"uv": [5.5, 5, 6.625, 6.125], "texture": "#0"},
				"east": {"uv": [6, 0, 7.125, 1.125], "texture": "#0"},
				"south": {"uv": [1, 6, 2.125, 7.125], "texture": "#0"},
				"west": {"uv": [6.5, 1.5, 7.625, 2.625], "texture": "#0"},
				"up": {"uv": [7.625, 4.125, 6.5, 3], "texture": "#0"},
				"down": {"uv": [6.625, 6.5, 5.5, 7.625], "texture": "#0"}
			}
		},
		{
			"from": [-2.9, 25.7, 7.9],
			"to": [7.4, 26.4, 8.1],
			"rotation": {"angle": 0, "axis": "y", "origin": [0, 7.2, 0]},
			"faces": {
				"north": {"uv": [0, 3, 5.125, 3.375], "texture": "#1"},
				"east": {"uv": [3.5, 7.5, 3.6875, 7.875], "texture": "#1"},
				"south": {"uv": [0, 3.5, 5.125, 3.875], "texture": "#1"},
				"west": {"uv": [4, 7.5, 4.1875, 7.875], "texture": "#1"},
				"up": {"uv": [10.125, 0.6875, 5, 0.5], "texture": "#1"},
				"down": {"uv": [10.125, 1, 5, 1.1875], "texture": "#1"}
			}
		},
		{
			"from": [-1.32545, 23.43206, 7.9],
			"to": [7.47455, 24.13206, 8.1],
			"rotation": {"angle": 0, "axis": "y", "origin": [-0.52545, 7.23206, 0]},
			"faces": {
				"north": {"uv": [0, 5, 4.375, 5.375], "texture": "#1"},
				"east": {"uv": [7.5, 6, 7.6875, 6.375], "texture": "#1"},
				"south": {"uv": [5, 0, 9.375, 0.375], "texture": "#1"},
				"west": {"uv": [7.5, 6.5, 7.6875, 6.875], "texture": "#1"},
				"up": {"uv": [9.375, 2.6875, 5, 2.5], "texture": "#1"},
				"down": {"uv": [9.375, 4, 5, 4.1875], "texture": "#1"}
			}
		},
		{
			"from": [-1.72545, 23.73206, 7.8],
			"to": [7.47455, 26.13206, 8.2],
			"rotation": {"angle": 0, "axis": "y", "origin": [-0.52545, 7.23206, 0]},
			"faces": {
				"north": {"uv": [0, 0, 4.625, 1.1875], "texture": "#1"},
				"east": {"uv": [1.5, 6, 1.875, 7.1875], "texture": "#1"},
				"south": {"uv": [0, 1.5, 4.625, 2.6875], "texture": "#1"},
				"west": {"uv": [2, 6, 2.375, 7.1875], "texture": "#1"},
				"up": {"uv": [4.625, 4.375, 0, 4], "texture": "#1"},
				"down": {"uv": [4.625, 4.5, 0, 4.875], "texture": "#1"}
			}
		},
		{
			"from": [-2.82545, 23.43206, 7.8],
			"to": [-1.72545, 25.93206, 8.2],
			"rotation": {"angle": 0, "axis": "y", "origin": [-0.52545, 7.23206, 0]},
			"faces": {
				"north": {"uv": [4.5, 5, 5.0625, 6.25], "texture": "#1"},
				"east": {"uv": [2.5, 5.5, 2.875, 6.75], "texture": "#1"},
				"south": {"uv": [0, 5.5, 0.5625, 6.75], "texture": "#1"},
				"west": {"uv": [3, 5.5, 3.375, 6.75], "texture": "#1"},
				"up": {"uv": [7.5625, 5.375, 7, 5], "texture": "#1"},
				"down": {"uv": [7.5625, 5.5, 7, 5.875], "texture": "#1"}
			}
		},
		{
			"from": [-3.52545, 23.13206, 7.8],
			"to": [-2.82545, 25.63206, 8.2],
			"rotation": {"angle": 0, "axis": "y", "origin": [-0.52545, 7.23206, 0]},
			"faces": {
				"north": {"uv": [3.5, 5.5, 3.875, 6.75], "texture": "#1"},
				"east": {"uv": [4, 5.5, 4.375, 6.75], "texture": "#1"},
				"south": {"uv": [5.5, 5, 5.875, 6.25], "texture": "#1"},
				"west": {"uv": [1, 6, 1.375, 7.25], "texture": "#1"},
				"up": {"uv": [1.375, 7.875, 1, 7.5], "texture": "#1"},
				"down": {"uv": [1.875, 7.5, 1.5, 7.875], "texture": "#1"}
			}
		},
		{
			"from": [-4.22545, 22.83206, 7.8],
			"to": [-3.52545, 25.03206, 8.2],
			"rotation": {"angle": 0, "axis": "y", "origin": [-0.52545, 7.23206, 0]},
			"faces": {
				"north": {"uv": [6, 5, 6.375, 6.125], "texture": "#1"},
				"east": {"uv": [4.5, 6.5, 4.875, 7.625], "texture": "#1"},
				"south": {"uv": [6.5, 4.5, 6.875, 5.625], "texture": "#1"},
				"west": {"uv": [5, 6.5, 5.375, 7.625], "texture": "#1"},
				"up": {"uv": [7.875, 1.875, 7.5, 1.5], "texture": "#1"},
				"down": {"uv": [2.375, 7.5, 2, 7.875], "texture": "#1"}
			}
		},
		{
			"from": [-4.92545, 22.33206, 7.8],
			"to": [-4.22545, 24.13206, 8.2],
			"rotation": {"angle": 0, "axis": "y", "origin": [-0.52545, 7.23206, 0]},
			"faces": {
				"north": {"uv": [6.5, 6, 6.875, 6.875], "texture": "#1"},
				"east": {"uv": [0, 7, 0.375, 7.875], "texture": "#1"},
				"south": {"uv": [0.5, 7, 0.875, 7.875], "texture": "#1"},
				"west": {"uv": [2.5, 7, 2.875, 7.875], "texture": "#1"},
				"up": {"uv": [7.875, 2.375, 7.5, 2], "texture": "#1"},
				"down": {"uv": [3.375, 7.5, 3, 7.875], "texture": "#1"}
			}
		},
		{
			"from": [-5.35, 25.55503, 7.9],
			"to": [-2.55, 26.25503, 8.1],
			"rotation": {"angle": 45, "axis": "z", "origin": [-2.9, 25.90503, 8]},
			"faces": {
				"north": {"uv": [5, 4.5, 6.375, 4.875], "texture": "#1"},
				"east": {"uv": [7, 7.5, 7.1875, 7.875], "texture": "#1"},
				"south": {"uv": [1, 5.5, 2.375, 5.875], "texture": "#1"},
				"west": {"uv": [7.5, 7, 7.6875, 7.375], "texture": "#1"},
				"up": {"uv": [4.375, 7.1875, 3, 7], "texture": "#1"},
				"down": {"uv": [8.375, 4.5, 7, 4.6875], "texture": "#1"}
			}
		},
		{
			"from": [-5.4423, 22.09273, 7.9],
			"to": [-4.7423, 24.39273, 8.1],
			"rotation": {"angle": -22.5, "axis": "z", "origin": [-5.0923, 22.99273, 8]},
			"faces": {
				"north": {"uv": [5.5, 6.5, 5.875, 7.625], "texture": "#1"},
				"east": {"uv": [7, 6, 7.1875, 7.125], "texture": "#1"},
				"south": {"uv": [6, 6.5, 6.375, 7.625], "texture": "#1"},
				"west": {"uv": [6.5, 7, 6.6875, 8.125], "texture": "#1"},
				"up": {"uv": [7.875, 7.6875, 7.5, 7.5], "texture": "#1"},
				"down": {"uv": [0.375, 8, 0, 8.1875], "texture": "#1"}
			}
		},
		{
			"from": [-5.71367, 22.06191, 7.9],
			"to": [-0.91367, 22.76191, 8.1],
			"rotation": {"angle": 22.5, "axis": "z", "origin": [-4.56367, 22.41191, 8]},
			"faces": {
				"north": {"uv": [5, 1.5, 7.375, 1.875], "texture": "#1"},
				"east": {"uv": [0.5, 8, 0.6875, 8.375], "texture": "#1"},
				"south": {"uv": [5, 2, 7.375, 2.375], "texture": "#1"},
				"west": {"uv": [1, 8, 1.1875, 8.375], "texture": "#1"},
				"up": {"uv": [7.875, 3.1875, 5.5, 3], "texture": "#1"},
				"down": {"uv": [7.875, 3.5, 5.5, 3.6875], "texture": "#1"}
			}
		}
	],
	"display": {
		"thirdperson_righthand": {
			"rotation": [0, -90, 0],
			"translation": [0.25, 0, 3.5]
		},
		"thirdperson_lefthand": {
			"rotation": [0, 90, 0],
			"translation": [0.25, 0, 3.5]
		},
		"firstperson_righthand": {
			"rotation": [0, -90, 14],
			"translation": [0, 0.75, 1.5]
		},
		"firstperson_lefthand": {
			"rotation": [0, 90, -14],
			"translation": [0, 0.75, 1.5]
		},
		"ground": {
			"translation": [0, 1.25, 0],
			"scale": [0.69, 0.69, 0.69]
		},
		"gui": {
			"rotation": [17, 157, 39],
			"translation": [-3.5, -2.25, 0],
			"scale": [0.54, 0.54, 0.54]
		},
		"fixed": {
			"rotation": [0, 0, 44],
			"translation": [6.75, -3.75, 0]
		}
	},
	"groups": [
		{
			"name": "group",
			"origin": [8, 8, 8],
			"color": 0,
			"children": [0, 1, 2, 3, 4, 5, 6]
		},
		{
			"name": "group",
			"origin": [8, 8, 8],
			"color": 0,
			"children": [7, 8, 9, 10, 11, 12, 13, 14, 15, 16]
		}
	]
}