{
	"credit": "Made with Blockbench",
	"texture_size": [32, 32],
	"textures": {
		"0": "simplyswords:item/origin_sword_hilt",
		"1": "simplyswords:item/origin_sword_blade",
		"particle": "simplyswords:item/origin_sword_hilt"
	},
	"elements": [
		{
			"from": [7, 29, 7.9],
			"to": [8, 30, 8.1],
			"rotation": {"angle": 45, "axis": "z", "origin": [8, 30, 8]},
			"faces": {
				"north": {"uv": [8, 6.5, 8.5, 7], "texture": "#1"},
				"east": {"uv": [8.5, 3.5, 8.625, 4], "texture": "#1"},
				"south": {"uv": [8, 7, 8.5, 7.5], "texture": "#1"},
				"west": {"uv": [4, 8.5, 4.125, 9], "texture": "#1"},
				"up": {"uv": [9, 4.125, 8.5, 4], "texture": "#1"},
				"down": {"uv": [5, 8.5, 4.5, 8.625], "texture": "#1"}
			}
		},
		{
			"from": [6.1, 10.59289, 7.8],
			"to": [9.9, 25.49289, 8.2],
			"rotation": {"angle": 0, "axis": "y", "origin": [8, 29.29289, 8]},
			"faces": {
				"north": {"uv": [0, 0, 1.875, 7.4375], "texture": "#1"},
				"east": {"uv": [6, 0, 6.1875, 7.4375], "texture": "#1"},
				"south": {"uv": [2, 0, 3.875, 7.4375], "texture": "#1"},
				"west": {"uv": [6.5, 0, 6.6875, 7.4375], "texture": "#1"},
				"up": {"uv": [8.875, 7.6875, 7, 7.5], "texture": "#1"},
				"down": {"uv": [9.875, 0, 8, 0.1875], "texture": "#1"}
			}
		},
		{
			"from": [6.6, 25.49289, 7.8],
			"to": [9.4, 26.79289, 8.2],
			"rotation": {"angle": 0, "axis": "y", "origin": [8, 29.29289, 8]},
			"faces": {
				"north": {"uv": [2, 7.5, 3.375, 8.125], "texture": "#1"},
				"east": {"uv": [2, 8.5, 2.1875, 9.125], "texture": "#1"},
				"south": {"uv": [3.5, 7.5, 4.875, 8.125], "texture": "#1"},
				"west": {"uv": [8.5, 2, 8.6875, 2.625], "texture": "#1"},
				"up": {"uv": [9.375, 5.6875, 8, 5.5], "texture": "#1"},
				"down": {"uv": [9.375, 6, 8, 6.1875], "texture": "#1"}
			}
		},
		{
			"from": [7.3, 26.79289, 7.8],
			"to": [8.7, 28.09289, 8.2],
			"rotation": {"angle": 0, "axis": "y", "origin": [8, 29.29289, 8]},
			"faces": {
				"north": {"uv": [5, 7.5, 5.6875, 8.125], "texture": "#1"},
				"east": {"uv": [2.5, 8.5, 2.6875, 9.125], "texture": "#1"},
				"south": {"uv": [6, 7.5, 6.6875, 8.125], "texture": "#1"},
				"west": {"uv": [3, 8.5, 3.1875, 9.125], "texture": "#1"},
				"up": {"uv": [9.1875, 1.1875, 8.5, 1], "texture": "#1"},
				"down": {"uv": [9.1875, 1.5, 8.5, 1.6875], "texture": "#1"}
			}
		},
		{
			"from": [7.7, 28.09289, 7.8],
			"to": [8.3, 29.09289, 8.2],
			"rotation": {"angle": 0, "axis": "y", "origin": [8, 29.29289, 8]},
			"faces": {
				"north": {"uv": [8, 8, 8.3125, 8.5], "texture": "#1"},
				"east": {"uv": [8.5, 3, 8.6875, 3.5], "texture": "#1"},
				"south": {"uv": [8.5, 0.5, 8.8125, 1], "texture": "#1"},
				"west": {"uv": [3.5, 8.5, 3.6875, 9], "texture": "#1"},
				"up": {"uv": [8.3125, 8.6875, 8, 8.5], "texture": "#1"},
				"down": {"uv": [8.8125, 8, 8.5, 8.1875], "texture": "#1"}
			}
		},
		{
			"from": [7.93651, 24.53961, 7.9],
			"to": [8.93651, 29.13961, 8.1],
			"rotation": {"angle": 22.5, "axis": "z", "origin": [8.43651, 28.63961, 8]},
			"faces": {
				"north": {"uv": [7, 0, 7.5, 2.3125], "texture": "#1"},
				"east": {"uv": [8, 0.5, 8.125, 2.8125], "texture": "#1"},
				"south": {"uv": [7, 2.5, 7.5, 4.8125], "texture": "#1"},
				"west": {"uv": [8, 3, 8.125, 5.3125], "texture": "#1"},
				"up": {"uv": [9, 4.625, 8.5, 4.5], "texture": "#1"},
				"down": {"uv": [5.5, 8.5, 5, 8.625], "texture": "#1"}
			}
		},
		{
			"from": [9.46745, 10.64305, 7.9],
			"to": [10.46745, 25.04305, 8.1],
			"rotation": {"angle": 0, "axis": "y", "origin": [9.96745, 22.74305, 8]},
			"faces": {
				"north": {"uv": [4, 0, 4.5, 7.1875], "texture": "#1"},
				"east": {"uv": [7.5, 0, 7.625, 7.1875], "texture": "#1"},
				"south": {"uv": [4.5, 0, 5, 7.1875], "texture": "#1"},
				"west": {"uv": [0.5, 7.5, 0.625, 14.6875], "texture": "#1"},
				"up": {"uv": [9, 5.125, 8.5, 5], "texture": "#1"},
				"down": {"uv": [6, 8.5, 5.5, 8.625], "texture": "#1"}
			}
		},
		{
			"from": [5.53255, 10.64305, 7.9],
			"to": [6.53255, 25.04305, 8.1],
			"rotation": {"angle": 0, "axis": "y", "origin": [6.03255, 22.74305, 8]},
			"faces": {
				"north": {"uv": [5, 0, 5.5, 7.1875], "texture": "#1"},
				"east": {"uv": [1, 7.5, 1.125, 14.6875], "texture": "#1"},
				"south": {"uv": [5.5, 0, 6, 7.1875], "texture": "#1"},
				"west": {"uv": [1.5, 7.5, 1.625, 14.6875], "texture": "#1"},
				"up": {"uv": [6.5, 8.625, 6, 8.5], "texture": "#1"},
				"down": {"uv": [7, 8.5, 6.5, 8.625], "texture": "#1"}
			}
		},
		{
			"from": [7.06349, 24.53961, 7.9],
			"to": [8.06349, 29.13961, 8.1],
			"rotation": {"angle": -22.5, "axis": "z", "origin": [7.56349, 28.63961, 8]},
			"faces": {
				"north": {"uv": [7, 5, 7.5, 7.3125], "texture": "#1"},
				"east": {"uv": [7, 8, 7.125, 10.3125], "texture": "#1"},
				"south": {"uv": [0, 7.5, 0.5, 9.8125], "texture": "#1"},
				"west": {"uv": [7.5, 8, 7.625, 10.3125], "texture": "#1"},
				"up": {"uv": [9, 6.625, 8.5, 6.5], "texture": "#1"},
				"down": {"uv": [9, 7, 8.5, 7.125], "texture": "#1"}
			}
		},
		{
			"from": [5.4, 9.09289, 7.3],
			"to": [10.6, 10.69289, 8.7],
			"rotation": {"angle": 0, "axis": "y", "origin": [8, 31.29289, 8]},
			"faces": {
				"north": {"uv": [0, 0, 2.625, 0.8125], "texture": "#0"},
				"east": {"uv": [7.5, 3, 8.1875, 3.8125], "texture": "#0"},
				"south": {"uv": [0, 1, 2.625, 1.8125], "texture": "#0"},
				"west": {"uv": [8, 0.5, 8.6875, 1.3125], "texture": "#0"},
				"up": {"uv": [5.625, 4.1875, 3, 3.5], "texture": "#0"},
				"down": {"uv": [6.625, 0, 4, 0.6875], "texture": "#0"}
			}
		},
		{
			"from": [7.1, 9.59289, 7.4],
			"to": [9.1, 11.59289, 8.6],
			"rotation": {"angle": 45, "axis": "z", "origin": [8, 10.49289, 8]},
			"faces": {
				"north": {"uv": [4, 1, 5, 2], "texture": "#0"},
				"east": {"uv": [0, 7.5, 0.625, 8.5], "texture": "#0"},
				"south": {"uv": [4, 2, 5, 3], "texture": "#0"},
				"west": {"uv": [1, 7.5, 1.625, 8.5], "texture": "#0"},
				"up": {"uv": [3, 8.125, 2, 7.5], "texture": "#0"},
				"down": {"uv": [4, 7.5, 3, 8.125], "texture": "#0"}
			}
		},
		{
			"from": [7.4, 2.79289, 7.4],
			"to": [8.6, 9.09289, 8.6],
			"rotation": {"angle": 0, "axis": "y", "origin": [8, 31.29289, 8]},
			"faces": {
				"north": {"uv": [0, 2, 0.625, 5.125], "texture": "#0"},
				"east": {"uv": [1, 2, 1.625, 5.125], "texture": "#0"},
				"south": {"uv": [2, 2, 2.625, 5.125], "texture": "#0"},
				"west": {"uv": [3, 0, 3.625, 3.125], "texture": "#0"},
				"up": {"uv": [7.625, 8.625, 7, 8], "texture": "#0"},
				"down": {"uv": [8.625, 7.5, 8, 8.125], "texture": "#0"}
			}
		},
		{
			"from": [7, 0.89289, 7],
			"to": [9, 2.79289, 9],
			"rotation": {"angle": 0, "axis": "y", "origin": [8, 31.29289, 8]},
			"faces": {
				"north": {"uv": [1.5, 5.5, 2.5, 6.4375], "texture": "#0"},
				"east": {"uv": [2.5, 5.5, 3.5, 6.4375], "texture": "#0"},
				"south": {"uv": [3.5, 5.5, 4.5, 6.4375], "texture": "#0"},
				"west": {"uv": [4.5, 5.5, 5.5, 6.4375], "texture": "#0"},
				"up": {"uv": [4, 5.5, 3, 4.5], "texture": "#0"},
				"down": {"uv": [5, 4.5, 4, 5.5], "texture": "#0"}
			}
		},
		{
			"from": [7.3, 1.19289, 6.9],
			"to": [8.7, 2.49289, 9.1],
			"rotation": {"angle": 0, "axis": "y", "origin": [8, 31.29289, 8]},
			"faces": {
				"north": {"uv": [8, 1.5, 8.6875, 2.125], "texture": "#0"},
				"east": {"uv": [7, 5.5, 8.125, 6.125], "texture": "#0"},
				"south": {"uv": [4, 8, 4.6875, 8.625], "texture": "#0"},
				"west": {"uv": [6.5, 7, 7.625, 7.625], "texture": "#0"},
				"up": {"uv": [5.1875, 7.625, 4.5, 6.5], "texture": "#0"},
				"down": {"uv": [6.1875, 6.5, 5.5, 7.625], "texture": "#0"}
			}
		},
		{
			"from": [10.09594, 10.12697, 7.4],
			"to": [12.99594, 11.52697, 8.6],
			"rotation": {"angle": 22.5, "axis": "z", "origin": [12.69594, 10.82697, 8]},
			"faces": {
				"north": {"uv": [5, 1, 6.4375, 1.6875], "texture": "#0"},
				"east": {"uv": [8, 4, 8.625, 4.6875], "texture": "#0"},
				"south": {"uv": [5, 2, 6.4375, 2.6875], "texture": "#0"},
				"west": {"uv": [5, 8, 5.625, 8.6875], "texture": "#0"},
				"up": {"uv": [6.9375, 6.125, 5.5, 5.5], "texture": "#0"},
				"down": {"uv": [7.4375, 3, 6, 3.625], "texture": "#0"}
			}
		},
		{
			"from": [12.28887, 11.19366, 7.5],
			"to": [15.18887, 12.39366, 8.5],
			"rotation": {"angle": 45, "axis": "z", "origin": [13.73887, 11.79366, 8]},
			"faces": {
				"north": {"uv": [0, 6.5, 1.4375, 7.125], "texture": "#0"},
				"east": {"uv": [0, 8.5, 0.5, 9.125], "texture": "#0"},
				"south": {"uv": [6.5, 1, 7.9375, 1.625], "texture": "#0"},
				"west": {"uv": [0.5, 8.5, 1, 9.125], "texture": "#0"},
				"up": {"uv": [5.4375, 3.5, 4, 3], "texture": "#0"},
				"down": {"uv": [7.9375, 5, 6.5, 5.5], "texture": "#0"}
			}
		},
		{
			"from": [0.81113, 11.19366, 7.5],
			"to": [3.71113, 12.39366, 8.5],
			"rotation": {"angle": -45, "axis": "z", "origin": [2.26113, 11.79366, 8]},
			"faces": {
				"north": {"uv": [1.5, 6.5, 2.9375, 7.125], "texture": "#0"},
				"east": {"uv": [1, 8.5, 1.5, 9.125], "texture": "#0"},
				"south": {"uv": [6.5, 2, 7.9375, 2.625], "texture": "#0"},
				"west": {"uv": [1.5, 8.5, 2, 9.125], "texture": "#0"},
				"up": {"uv": [7.9375, 7, 6.5, 6.5], "texture": "#0"},
				"down": {"uv": [8.4375, 0, 7, 0.5], "texture": "#0"}
			}
		},
		{
			"from": [3.00406, 10.12697, 7.4],
			"to": [5.90406, 11.52697, 8.6],
			"rotation": {"angle": -22.5, "axis": "z", "origin": [3.30406, 10.82697, 8]},
			"faces": {
				"north": {"uv": [5, 4.5, 6.4375, 5.1875], "texture": "#0"},
				"east": {"uv": [6, 8, 6.625, 8.6875], "texture": "#0"},
				"south": {"uv": [0, 5.5, 1.4375, 6.1875], "texture": "#0"},
				"west": {"uv": [8, 6.5, 8.625, 7.1875], "texture": "#0"},
				"up": {"uv": [4.4375, 7.125, 3, 6.5], "texture": "#0"},
				"down": {"uv": [7.9375, 4, 6.5, 4.625], "texture": "#0"}
			}
		}
	],
	"display": {
		"thirdperson_righthand": {
			"rotation": [0, 90, 0],
			"translation": [0, -0.5, 1.25],
			"scale": [0.8, 0.8, 0.8]
		},
		"thirdperson_lefthand": {
			"rotation": [0, 90, 0],
			"translation": [0, -0.5, 1.25],
			"scale": [0.8, 0.8, 0.8]
		},
		"firstperson_righthand": {
			"rotation": [0, 90, -21],
			"scale": [0.8, 0.8, 0.8]
		},
		"firstperson_lefthand": {
			"rotation": [0, 90, -21],
			"scale": [0.8, 0.8, 0.8]
		},
		"ground": {
			"rotation": [0, 0, 180],
			"translation": [0, 13.25, 0],
			"scale": [0.64, 0.64, 0.64]
		},
		"gui": {
			"rotation": [0, -42, -33],
			"translation": [-1.5, -3.25, 0],
			"scale": [0.56, 0.56, 0.56]
		},
		"fixed": {
			"rotation": [0, 0, 45],
			"translation": [4.25, -4, 0]
		}
	},
	"groups": [
		{
			"name": "group",
			"origin": [8, 8, 8],
			"color": 0,
			"children": [0, 1, 2, 3, 4, 5, 6, 7, 8]
		},
		{
			"name": "group",
			"origin": [8, 8, 8],
			"color": 0,
			"children": [9, 10, 11, 12, 13, 14, 15, 16, 17]
		}
	]
}