{
	"credit": "Made with Blockbench",
	"texture_size": [32, 32],
	"textures": {
		"0": "simplyswords:item/radiant_arondight_hilt",
		"1": "simplyswords:item/radiant_arondight_blade_e",
		"particle": "simplyswords:item/radiant_arondight_hilt"
	},
	"elements": [
		{
			"from": [7.4, 10.48284, 7.6],
			"to": [8.6, 11.48284, 8.4],
			"rotation": {"angle": 0, "axis": "y", "origin": [8, 10.38284, 8]},
			"faces": {
				"north": {"uv": [9, 0, 10.25, 1], "texture": "#0"},
				"east": {"uv": [8, 11, 8.75, 12], "texture": "#0"},
				"south": {"uv": [9, 1, 10.25, 2], "texture": "#0"},
				"west": {"uv": [2, 12, 2.75, 13], "texture": "#0"},
				"up": {"uv": [7.25, 11.75, 6, 11], "texture": "#0"},
				"down": {"uv": [12.25, 6, 11, 6.75], "texture": "#0"}
			}
		},
		{
			"from": [7.6, 12.08284, 7.6],
			"to": [8.4, 12.98284, 8.4],
			"rotation": {"angle": 0, "axis": "y", "origin": [8, 10.38284, 8]},
			"faces": {
				"north": {"uv": [6, 12, 6.75, 12.875], "texture": "#0"},
				"east": {"uv": [7, 12, 7.75, 12.875], "texture": "#0"},
				"south": {"uv": [8, 12, 8.75, 12.875], "texture": "#0"},
				"west": {"uv": [9, 12, 9.75, 12.875], "texture": "#0"},
				"up": {"uv": [0.75, 13.75, 0, 13], "texture": "#0"},
				"down": {"uv": [1.75, 13, 1, 13.75], "texture": "#0"}
			}
		},
		{
			"from": [7.5, 11.48284, 7.6],
			"to": [8.5, 12.08284, 8.4],
			"rotation": {"angle": 0, "axis": "y", "origin": [8, 10.38284, 8]},
			"faces": {
				"north": {"uv": [12, 11, 13, 11.625], "texture": "#0"},
				"east": {"uv": [3, 13, 3.75, 13.625], "texture": "#0"},
				"south": {"uv": [12, 12, 13, 12.625], "texture": "#0"},
				"west": {"uv": [4, 13, 4.75, 13.625], "texture": "#0"},
				"up": {"uv": [13, 2.75, 12, 2], "texture": "#0"},
				"down": {"uv": [4, 12, 3, 12.75], "texture": "#0"}
			}
		},
		{
			"from": [7.7, 12.98284, 7.6],
			"to": [8.3, 13.88284, 8.4],
			"rotation": {"angle": 0, "axis": "y", "origin": [8, 10.38284, 8]},
			"faces": {
				"north": {"uv": [2, 13, 2.625, 13.875], "texture": "#0"},
				"east": {"uv": [10, 12, 10.75, 12.875], "texture": "#0"},
				"south": {"uv": [13, 2, 13.625, 2.875], "texture": "#0"},
				"west": {"uv": [11, 12, 11.75, 12.875], "texture": "#0"},
				"up": {"uv": [5.625, 13.75, 5, 13], "texture": "#0"},
				"down": {"uv": [6.625, 13, 6, 13.75], "texture": "#0"}
			}
		},
		{
			"from": [6.6, 9, 7.5],
			"to": [9.4, 10.5, 8.5],
			"rotation": {"angle": 0, "axis": "y", "origin": [8, 10.1, 8]},
			"faces": {
				"north": {"uv": [0, 0, 2.75, 1.5], "texture": "#0"},
				"east": {"uv": [1, 7, 2, 8.5], "texture": "#0"},
				"south": {"uv": [0, 2, 2.75, 3.5], "texture": "#0"},
				"west": {"uv": [2, 8, 3, 9.5], "texture": "#0"},
				"up": {"uv": [5.75, 1, 3, 0], "texture": "#0"},
				"down": {"uv": [5.75, 1, 3, 2], "texture": "#0"}
			}
		},
		{
			"from": [7.5, 8, 7.5],
			"to": [8.5, 9, 8.5],
			"rotation": {"angle": 0, "axis": "y", "origin": [8, 10.1, 8]},
			"faces": {
				"north": {"uv": [2, 4, 3, 5], "texture": "#0"},
				"east": {"uv": [10, 10, 11, 11], "texture": "#0"},
				"south": {"uv": [0, 11, 1, 12], "texture": "#0"},
				"west": {"uv": [11, 0, 12, 1], "texture": "#0"},
				"up": {"uv": [12, 2, 11, 1], "texture": "#0"},
				"down": {"uv": [4, 11, 3, 12], "texture": "#0"}
			}
		},
		{
			"from": [7.5, 2.9, 7.5],
			"to": [8.5, 4, 8.5],
			"rotation": {"angle": 0, "axis": "y", "origin": [8, 10.1, 8]},
			"faces": {
				"north": {"uv": [6, 9, 7, 10.125], "texture": "#0"},
				"east": {"uv": [2, 10, 3, 11.125], "texture": "#0"},
				"south": {"uv": [10, 6, 11, 7.125], "texture": "#0"},
				"west": {"uv": [9, 10, 10, 11.125], "texture": "#0"},
				"up": {"uv": [5, 12, 4, 11], "texture": "#0"},
				"down": {"uv": [6, 11, 5, 12], "texture": "#0"}
			}
		},
		{
			"from": [7.7, 4, 7.7],
			"to": [8.3, 8, 8.3],
			"rotation": {"angle": 0, "axis": "y", "origin": [8, 10.1, 8]},
			"faces": {
				"north": {"uv": [4, 5, 4.625, 9], "texture": "#0"},
				"east": {"uv": [5, 5, 5.625, 9], "texture": "#0"},
				"south": {"uv": [6, 5, 6.625, 9], "texture": "#0"},
				"west": {"uv": [0, 7, 0.625, 11], "texture": "#0"},
				"up": {"uv": [13.625, 6.625, 13, 6], "texture": "#0"},
				"down": {"uv": [7.625, 13, 7, 13.625], "texture": "#0"}
			}
		},
		{
			"from": [6.3859, 7.93562, 7.7],
			"to": [7.4859, 10.23562, 8.3],
			"rotation": {"angle": -22.5, "axis": "z", "origin": [8, 9.92877, 8]},
			"faces": {
				"north": {"uv": [3, 2, 4.125, 4.25], "texture": "#0"},
				"east": {"uv": [3, 8, 3.625, 10.25], "texture": "#0"},
				"south": {"uv": [0, 4, 1.125, 6.25], "texture": "#0"},
				"west": {"uv": [7, 8, 7.625, 10.25], "texture": "#0"},
				"up": {"uv": [13.125, 3.625, 12, 3], "texture": "#0"},
				"down": {"uv": [5.125, 12, 4, 12.625], "texture": "#0"}
			}
		},
		{
			"from": [4.8859, 7.93562, 7.7],
			"to": [6.3859, 8.53562, 8.3],
			"rotation": {"angle": -22.5, "axis": "z", "origin": [8, 9.92877, 8]},
			"faces": {
				"north": {"uv": [11, 7, 12.5, 7.625], "texture": "#0"},
				"east": {"uv": [13, 7, 13.625, 7.625], "texture": "#0"},
				"south": {"uv": [11, 8, 12.5, 8.625], "texture": "#0"},
				"west": {"uv": [8, 13, 8.625, 13.625], "texture": "#0"},
				"up": {"uv": [12.5, 9.625, 11, 9], "texture": "#0"},
				"down": {"uv": [11.5, 11, 10, 11.625], "texture": "#0"}
			}
		},
		{
			"from": [4.3859, 8.53562, 7.7],
			"to": [6.3859, 9.13562, 8.3],
			"rotation": {"angle": -22.5, "axis": "z", "origin": [8, 9.92877, 8]},
			"faces": {
				"north": {"uv": [4, 9, 6, 9.625], "texture": "#0"},
				"east": {"uv": [13, 8, 13.625, 8.625], "texture": "#0"},
				"south": {"uv": [9, 8, 11, 8.625], "texture": "#0"},
				"west": {"uv": [9, 13, 9.625, 13.625], "texture": "#0"},
				"up": {"uv": [11, 9.625, 9, 9], "texture": "#0"},
				"down": {"uv": [12, 2, 10, 2.625], "texture": "#0"}
			}
		},
		{
			"from": [3.7859, 9.13562, 7.7],
			"to": [6.3859, 9.73562, 8.3],
			"rotation": {"angle": -22.5, "axis": "z", "origin": [8, 9.92877, 8]},
			"faces": {
				"north": {"uv": [6, 0, 8.625, 0.625], "texture": "#0"},
				"east": {"uv": [13, 9, 13.625, 9.625], "texture": "#0"},
				"south": {"uv": [6, 1, 8.625, 1.625], "texture": "#0"},
				"west": {"uv": [10, 13, 10.625, 13.625], "texture": "#0"},
				"up": {"uv": [9.625, 2.625, 7, 2], "texture": "#0"},
				"down": {"uv": [9.625, 3, 7, 3.625], "texture": "#0"}
			}
		},
		{
			"from": [9.6141, 9.13562, 7.7],
			"to": [12.2141, 9.73562, 8.3],
			"rotation": {"angle": 22.5, "axis": "z", "origin": [8, 9.92877, 8]},
			"faces": {
				"north": {"uv": [7, 4, 9.625, 4.625], "texture": "#0"},
				"east": {"uv": [13, 10, 13.625, 10.625], "texture": "#0"},
				"south": {"uv": [7, 5, 9.625, 5.625], "texture": "#0"},
				"west": {"uv": [11, 13, 11.625, 13.625], "texture": "#0"},
				"up": {"uv": [9.625, 6.625, 7, 6], "texture": "#0"},
				"down": {"uv": [9.625, 7, 7, 7.625], "texture": "#0"}
			}
		},
		{
			"from": [9.6141, 8.53562, 7.7],
			"to": [11.6141, 9.13562, 8.3],
			"rotation": {"angle": 22.5, "axis": "z", "origin": [8, 9.92877, 8]},
			"faces": {
				"north": {"uv": [10, 3, 12, 3.625], "texture": "#0"},
				"east": {"uv": [13, 11, 13.625, 11.625], "texture": "#0"},
				"south": {"uv": [4, 10, 6, 10.625], "texture": "#0"},
				"west": {"uv": [12, 13, 12.625, 13.625], "texture": "#0"},
				"up": {"uv": [12, 4.625, 10, 4], "texture": "#0"},
				"down": {"uv": [12, 5, 10, 5.625], "texture": "#0"}
			}
		},
		{
			"from": [9.6141, 7.93562, 7.7],
			"to": [11.1141, 8.53562, 8.3],
			"rotation": {"angle": 22.5, "axis": "z", "origin": [8, 9.92877, 8]},
			"faces": {
				"north": {"uv": [11, 10, 12.5, 10.625], "texture": "#0"},
				"east": {"uv": [13, 12, 13.625, 12.625], "texture": "#0"},
				"south": {"uv": [0, 12, 1.5, 12.625], "texture": "#0"},
				"west": {"uv": [13, 13, 13.625, 13.625], "texture": "#0"},
				"up": {"uv": [13.5, 0.625, 12, 0], "texture": "#0"},
				"down": {"uv": [13.5, 1, 12, 1.625], "texture": "#0"}
			}
		},
		{
			"from": [8.5141, 7.93562, 7.7],
			"to": [9.6141, 10.23562, 8.3],
			"rotation": {"angle": 22.5, "axis": "z", "origin": [8, 9.92877, 8]},
			"faces": {
				"north": {"uv": [2, 5, 3.125, 7.25], "texture": "#0"},
				"east": {"uv": [8, 8, 8.625, 10.25], "texture": "#0"},
				"south": {"uv": [5, 2, 6.125, 4.25], "texture": "#0"},
				"west": {"uv": [1, 9, 1.625, 11.25], "texture": "#0"},
				"up": {"uv": [13.125, 4.625, 12, 4], "texture": "#0"},
				"down": {"uv": [13.125, 5, 12, 5.625], "texture": "#0"}
			}
		},
		{
			"from": [7.79157, 23.18425, 7.9],
			"to": [8.19157, 23.58425, 8.1],
			"rotation": {"angle": -45, "axis": "z", "origin": [7.99157, 23.38425, 8]},
			"faces": {
				"north": {"uv": [7.5, 2.5, 7.6875, 2.6875], "texture": "#1"},
				"east": {"uv": [7, 7.5, 7.125, 7.6875], "texture": "#1"},
				"south": {"uv": [3, 7.5, 3.1875, 7.6875], "texture": "#1"},
				"west": {"uv": [7.5, 7, 7.625, 7.1875], "texture": "#1"},
				"up": {"uv": [7.6875, 7.625, 7.5, 7.5], "texture": "#1"},
				"down": {"uv": [8.1875, 0, 8, 0.125], "texture": "#1"}
			}
		},
		{
			"from": [6.99157, 10.18425, 7.8],
			"to": [8.99157, 12.78425, 8.2],
			"rotation": {"angle": 0, "axis": "y", "origin": [7.99157, 23.38425, 8]},
			"faces": {
				"north": {"uv": [3, 0, 4, 1.3125], "texture": "#1"},
				"east": {"uv": [5, 5, 5.1875, 6.3125], "texture": "#1"},
				"south": {"uv": [3, 1.5, 4, 2.8125], "texture": "#1"},
				"west": {"uv": [5.5, 0, 5.6875, 1.3125], "texture": "#1"},
				"up": {"uv": [6.5, 2.6875, 5.5, 2.5], "texture": "#1"},
				"down": {"uv": [7, 4, 6, 4.1875], "texture": "#1"}
			}
		},
		{
			"from": [6.99157, 21.18425, 7.8],
			"to": [8.99157, 21.78425, 8.2],
			"rotation": {"angle": 0, "axis": "y", "origin": [7.99157, 23.38425, 8]},
			"faces": {
				"north": {"uv": [4.5, 4, 5.5, 4.3125], "texture": "#1"},
				"east": {"uv": [7, 6, 7.1875, 6.3125], "texture": "#1"},
				"south": {"uv": [4.5, 4.5, 5.5, 4.8125], "texture": "#1"},
				"west": {"uv": [6.5, 7, 6.6875, 7.3125], "texture": "#1"},
				"up": {"uv": [7, 4.6875, 6, 4.5], "texture": "#1"},
				"down": {"uv": [7, 5, 6, 5.1875], "texture": "#1"}
			}
		},
		{
			"from": [7.29157, 21.78425, 7.8],
			"to": [8.69157, 22.38425, 8.2],
			"rotation": {"angle": 0, "axis": "y", "origin": [7.99157, 23.38425, 8]},
			"faces": {
				"north": {"uv": [5.5, 1.5, 6.1875, 1.8125], "texture": "#1"},
				"east": {"uv": [7, 6.5, 7.1875, 6.8125], "texture": "#1"},
				"south": {"uv": [5.5, 2, 6.1875, 2.3125], "texture": "#1"},
				"west": {"uv": [7, 7, 7.1875, 7.3125], "texture": "#1"},
				"up": {"uv": [7.6875, 3.1875, 7, 3], "texture": "#1"},
				"down": {"uv": [7.6875, 3.5, 7, 3.6875], "texture": "#1"}
			}
		},
		{
			"from": [7.49157, 22.38425, 7.8],
			"to": [8.49157, 22.98425, 8.2],
			"rotation": {"angle": 0, "axis": "y", "origin": [7.99157, 23.38425, 8]},
			"faces": {
				"north": {"uv": [6.5, 3, 7, 3.3125], "texture": "#1"},
				"east": {"uv": [7.5, 0, 7.6875, 0.3125], "texture": "#1"},
				"south": {"uv": [6.5, 3.5, 7, 3.8125], "texture": "#1"},
				"west": {"uv": [7.5, 0.5, 7.6875, 0.8125], "texture": "#1"},
				"up": {"uv": [7.5, 4.1875, 7, 4], "texture": "#1"},
				"down": {"uv": [7.5, 4.5, 7, 4.6875], "texture": "#1"}
			}
		},
		{
			"from": [7.79157, 22.98425, 7.8],
			"to": [8.19157, 23.38425, 8.2],
			"rotation": {"angle": 0, "axis": "y", "origin": [7.99157, 23.38425, 8]},
			"faces": {
				"north": {"uv": [3.5, 7.5, 3.6875, 7.6875], "texture": "#1"},
				"east": {"uv": [7.5, 4, 7.6875, 4.1875], "texture": "#1"},
				"south": {"uv": [7.5, 4.5, 7.6875, 4.6875], "texture": "#1"},
				"west": {"uv": [7.5, 5, 7.6875, 5.1875], "texture": "#1"},
				"up": {"uv": [5.6875, 7.6875, 5.5, 7.5], "texture": "#1"},
				"down": {"uv": [7.6875, 5.5, 7.5, 5.6875], "texture": "#1"}
			}
		},
		{
			"from": [6.79157, 12.78425, 7.8],
			"to": [9.19157, 21.18425, 8.2],
			"rotation": {"angle": 0, "axis": "y", "origin": [7.99157, 23.38425, 8]},
			"faces": {
				"north": {"uv": [0, 0, 1.1875, 4.1875], "texture": "#1"},
				"east": {"uv": [3, 3, 3.1875, 7.1875], "texture": "#1"},
				"south": {"uv": [1.5, 0, 2.6875, 4.1875], "texture": "#1"},
				"west": {"uv": [3.5, 3, 3.6875, 7.1875], "texture": "#1"},
				"up": {"uv": [6.1875, 3.1875, 5, 3], "texture": "#1"},
				"down": {"uv": [6.1875, 3.5, 5, 3.6875], "texture": "#1"}
			}
		},
		{
			"from": [7.54409, 22.88676, 7.9],
			"to": [7.94409, 23.28676, 8.1],
			"rotation": {"angle": -45, "axis": "z", "origin": [7.74409, 23.13676, 8]},
			"faces": {
				"north": {"uv": [6.5, 7.5, 6.6875, 7.6875], "texture": "#1"},
				"east": {"uv": [4.5, 8, 4.625, 8.1875], "texture": "#1"},
				"south": {"uv": [7.5, 6.5, 7.6875, 6.6875], "texture": "#1"},
				"west": {"uv": [8, 4.5, 8.125, 4.6875], "texture": "#1"},
				"up": {"uv": [5.1875, 8.125, 5, 8], "texture": "#1"},
				"down": {"uv": [8.1875, 5, 8, 5.125], "texture": "#1"}
			}
		},
		{
			"from": [6.66443, 20.87331, 7.9],
			"to": [7.06443, 23.17331, 8.1],
			"rotation": {"angle": -22.5, "axis": "z", "origin": [6.86443, 21.22331, 8]},
			"faces": {
				"north": {"uv": [6, 0, 6.1875, 1.125], "texture": "#1"},
				"east": {"uv": [7, 0, 7.125, 1.125], "texture": "#1"},
				"south": {"uv": [2.5, 6, 2.6875, 7.125], "texture": "#1"},
				"west": {"uv": [7, 1.5, 7.125, 2.625], "texture": "#1"},
				"up": {"uv": [5.6875, 8.125, 5.5, 8], "texture": "#1"},
				"down": {"uv": [8.1875, 5.5, 8, 5.625], "texture": "#1"}
			}
		},
		{
			"from": [6.54572, 13.07648, 7.9],
			"to": [6.94572, 20.97648, 8.1],
			"rotation": {"angle": 0, "axis": "y", "origin": [7.74572, 10.17648, 8]},
			"faces": {
				"north": {"uv": [0, 4.5, 0.1875, 8.4375], "texture": "#1"},
				"east": {"uv": [1.5, 4.5, 1.625, 8.4375], "texture": "#1"},
				"south": {"uv": [4.5, 0, 4.6875, 3.9375], "texture": "#1"},
				"west": {"uv": [2, 4.5, 2.125, 8.4375], "texture": "#1"},
				"up": {"uv": [6.1875, 8.125, 6, 8], "texture": "#1"},
				"down": {"uv": [8.1875, 6, 8, 6.125], "texture": "#1"}
			}
		},
		{
			"from": [6.22434, 12.39213, 7.9],
			"to": [6.62434, 13.09213, 8.1],
			"rotation": {"angle": 22.5, "axis": "z", "origin": [6.42434, 13.89213, 8]},
			"faces": {
				"north": {"uv": [7, 5.5, 7.1875, 5.875], "texture": "#1"},
				"east": {"uv": [7.5, 2, 7.625, 2.375], "texture": "#1"},
				"south": {"uv": [6, 7, 6.1875, 7.375], "texture": "#1"},
				"west": {"uv": [2.5, 7.5, 2.625, 7.875], "texture": "#1"},
				"up": {"uv": [6.6875, 8.125, 6.5, 8], "texture": "#1"},
				"down": {"uv": [8.1875, 6.5, 8, 6.625], "texture": "#1"}
			}
		},
		{
			"from": [6.78315, 9.58284, 7.9],
			"to": [7.18315, 12.58284, 8.1],
			"rotation": {"angle": 0, "axis": "y", "origin": [7.98315, 10.38284, 8]},
			"faces": {
				"north": {"uv": [5, 1.5, 5.1875, 3], "texture": "#1"},
				"east": {"uv": [6.5, 1.5, 6.625, 3], "texture": "#1"},
				"south": {"uv": [4.5, 5, 4.6875, 6.5], "texture": "#1"},
				"west": {"uv": [4.5, 6.5, 4.625, 8], "texture": "#1"},
				"up": {"uv": [7.1875, 8.125, 7, 8], "texture": "#1"},
				"down": {"uv": [8.1875, 7, 8, 7.125], "texture": "#1"}
			}
		},
		{
			"from": [8.8, 9.58284, 7.9],
			"to": [9.2, 12.58284, 8.1],
			"rotation": {"angle": 0, "axis": "y", "origin": [8, 10.38284, 8]},
			"faces": {
				"north": {"uv": [5.1875, 1.5, 5, 3], "texture": "#1"},
				"east": {"uv": [4.625, 6.5, 4.5, 8], "texture": "#1"},
				"south": {"uv": [4.6875, 5, 4.5, 6.5], "texture": "#1"},
				"west": {"uv": [6.625, 1.5, 6.5, 3], "texture": "#1"},
				"up": {"uv": [7, 8.125, 7.1875, 8], "texture": "#1"},
				"down": {"uv": [8, 7, 8.1875, 7.125], "texture": "#1"}
			}
		},
		{
			"from": [9.3588, 12.39213, 7.9],
			"to": [9.7588, 13.09213, 8.1],
			"rotation": {"angle": -22.5, "axis": "z", "origin": [9.5588, 13.89213, 8]},
			"faces": {
				"north": {"uv": [7.1875, 5.5, 7, 5.875], "texture": "#1"},
				"east": {"uv": [2.625, 7.5, 2.5, 7.875], "texture": "#1"},
				"south": {"uv": [6.1875, 7, 6, 7.375], "texture": "#1"},
				"west": {"uv": [7.625, 2, 7.5, 2.375], "texture": "#1"},
				"up": {"uv": [6.5, 8.125, 6.6875, 8], "texture": "#1"},
				"down": {"uv": [8, 6.5, 8.1875, 6.625], "texture": "#1"}
			}
		},
		{
			"from": [9.03743, 13.07648, 7.9],
			"to": [9.43743, 20.97648, 8.1],
			"rotation": {"angle": 0, "axis": "y", "origin": [8.23743, 10.17648, 8]},
			"faces": {
				"north": {"uv": [0.1875, 4.5, 0, 8.4375], "texture": "#1"},
				"east": {"uv": [2.125, 4.5, 2, 8.4375], "texture": "#1"},
				"south": {"uv": [4.6875, 0, 4.5, 3.9375], "texture": "#1"},
				"west": {"uv": [1.625, 4.5, 1.5, 8.4375], "texture": "#1"},
				"up": {"uv": [6, 8.125, 6.1875, 8], "texture": "#1"},
				"down": {"uv": [8, 6, 8.1875, 6.125], "texture": "#1"}
			}
		},
		{
			"from": [8.91872, 20.87331, 7.9],
			"to": [9.31872, 23.17331, 8.1],
			"rotation": {"angle": 22.5, "axis": "z", "origin": [9.11872, 21.22331, 8]},
			"faces": {
				"north": {"uv": [6.1875, 0, 6, 1.125], "texture": "#1"},
				"east": {"uv": [7.125, 1.5, 7, 2.625], "texture": "#1"},
				"south": {"uv": [2.6875, 6, 2.5, 7.125], "texture": "#1"},
				"west": {"uv": [7.125, 0, 7, 1.125], "texture": "#1"},
				"up": {"uv": [5.5, 8.125, 5.6875, 8], "texture": "#1"},
				"down": {"uv": [8, 5.5, 8.1875, 5.625], "texture": "#1"}
			}
		},
		{
			"from": [8.03906, 22.88676, 7.9],
			"to": [8.43906, 23.28676, 8.1],
			"rotation": {"angle": 45, "axis": "z", "origin": [8.23906, 23.13676, 8]},
			"faces": {
				"north": {"uv": [6.6875, 7.5, 6.5, 7.6875], "texture": "#1"},
				"east": {"uv": [8.125, 4.5, 8, 4.6875], "texture": "#1"},
				"south": {"uv": [7.6875, 6.5, 7.5, 6.6875], "texture": "#1"},
				"west": {"uv": [4.625, 8, 4.5, 8.1875], "texture": "#1"},
				"up": {"uv": [5, 8.125, 5.1875, 8], "texture": "#1"},
				"down": {"uv": [8, 5, 8.1875, 5.125], "texture": "#1"}
			}
		}
	],
	"display": {
		"thirdperson_righthand": {
			"rotation": [0, 90, 0],
			"translation": [0, 0.5, 1],
			"scale": [1.6, 1.6, 1.6]
		},
		"thirdperson_lefthand": {
			"rotation": [0, 90, 0],
			"translation": [0, 0.5, 1],
			"scale": [1.6, 1.6, 1.6]
		},
		"firstperson_righthand": {
			"rotation": [0, 90, -16],
			"scale": [1.6, 1.6, 1.6]
		},
		"firstperson_lefthand": {
			"rotation": [0, 90, -16],
			"scale": [1.6, 1.6, 1.6]
		},
		"gui": {
			"rotation": [0, -33, -36],
			"translation": [-2.25, -3, 0],
			"scale": [0.82, 0.82, 0.82]
		},
		"fixed": {
			"rotation": [0, 0, 42],
			"translation": [2.75, -2.5, 0],
			"scale": [1.6, 1.6, 1.6]
		}
	},
	"groups": [
		{
			"name": "group",
			"origin": [8, 8, 8],
			"color": 0,
			"children": [0, 1, 2, 3, 4, 5, 6, 7, 8, 9, 10, 11, 12, 13, 14, 15]
		},
		{
			"name": "group",
			"origin": [8, 8, 8],
			"color": 0,
			"children": [16, 17, 18, 19, 20, 21, 22, 23, 24, 25, 26, 27, 28, 29, 30, 31, 32]
		}
	]
}