{
	"credit": "Made with Blockbench",
	"texture_size": [32, 32],
	"textures": {
		"0": "simplyswords:item/gold_halberd_handle",
		"1": "simplyswords:item/gold_halberd_head",
		"particle": "simplyswords:item/gold_halberd_handle"
	},
	"elements": [
		{
			"from": [7.6, 0.8, 7.6],
			"to": [8.4, 18.3, 8.4],
			"faces": {
				"north": {"uv": [0, 0, 0.375, 8.75], "texture": "#0"},
				"east": {"uv": [0.5, 0, 0.875, 8.75], "texture": "#0"},
				"south": {"uv": [1, 0, 1.375, 8.75], "texture": "#0"},
				"west": {"uv": [1.5, 0, 1.875, 8.75], "texture": "#0"},
				"up": {"uv": [2.875, 0.875, 2.5, 0.5], "texture": "#0"},
				"down": {"uv": [2.875, 1, 2.5, 1.375], "texture": "#0"}
			}
		},
		{
			"from": [7.5, 0.1, 7.5],
			"to": [8.5, 0.8, 8.5],
			"faces": {
				"north": {"uv": [2, 1, 2.5, 1.375], "texture": "#0"},
				"east": {"uv": [2, 1.5, 2.5, 1.875], "texture": "#0"},
				"south": {"uv": [2, 2, 2.5, 2.375], "texture": "#0"},
				"west": {"uv": [2.5, 0, 3, 0.375], "texture": "#0"},
				"up": {"uv": [2.5, 0.5, 2, 0], "texture": "#0"},
				"down": {"uv": [2.5, 0.5, 2, 1], "texture": "#0"}
			}
		},
		{
			"from": [7.5, 18.3, 7.5],
			"to": [8.5, 24.2, 8.5],
			"rotation": {"angle": 0, "axis": "y", "origin": [0, -2.8, 0]},
			"faces": {
				"north": {"uv": [6, 4.5, 6.5, 7.4375], "texture": "#1"},
				"east": {"uv": [6.5, 4.5, 7, 7.4375], "texture": "#1"},
				"south": {"uv": [7, 0, 7.5, 2.9375], "texture": "#1"},
				"west": {"uv": [7, 3, 7.5, 5.9375], "texture": "#1"},
				"up": {"uv": [5.5, 10, 5, 9.5], "texture": "#1"},
				"down": {"uv": [6, 9.5, 5.5, 10], "texture": "#1"}
			}
		},
		{
			"from": [4.7, 20, 7.6],
			"to": [7.5, 23.4, 8.4],
			"rotation": {"angle": 0, "axis": "y", "origin": [0, -2.8, 0]},
			"faces": {
				"north": {"uv": [4, 0, 5.375, 1.6875], "texture": "#1"},
				"east": {"uv": [1.5, 8, 1.875, 9.6875], "texture": "#1"},
				"south": {"uv": [4, 2, 5.375, 3.6875], "texture": "#1"},
				"west": {"uv": [2, 8, 2.375, 9.6875], "texture": "#1"},
				"up": {"uv": [9.375, 7.875, 8, 7.5], "texture": "#1"},
				"down": {"uv": [9.375, 8, 8, 8.375], "texture": "#1"}
			}
		},
		{
			"from": [3, 19.1, 7.7],
			"to": [4.7, 24.6, 8.3],
			"rotation": {"angle": 0, "axis": "y", "origin": [0, -2.8, 0]},
			"faces": {
				"north": {"uv": [2, 0, 2.875, 2.75], "texture": "#1"},
				"east": {"uv": [6, 7.5, 6.3125, 10.25], "texture": "#1"},
				"south": {"uv": [0, 3, 0.875, 5.75], "texture": "#1"},
				"west": {"uv": [6.5, 7.5, 6.8125, 10.25], "texture": "#1"},
				"up": {"uv": [9.875, 5.3125, 9, 5], "texture": "#1"},
				"down": {"uv": [9.875, 5.5, 9, 5.8125], "texture": "#1"}
			}
		},
		{
			"from": [4.1275, 24.03757, 7.7],
			"to": [5.8275, 28.83757, 8.3],
			"rotation": {"angle": -22.5, "axis": "z", "origin": [4.9775, 27.15296, 8]},
			"faces": {
				"north": {"uv": [5.5, 0, 6.375, 2.375], "texture": "#1"},
				"east": {"uv": [6.5, 0, 6.8125, 2.375], "texture": "#1"},
				"south": {"uv": [0, 6, 0.875, 8.375], "texture": "#1"},
				"west": {"uv": [1, 8, 1.3125, 10.375], "texture": "#1"},
				"up": {"uv": [9.875, 6.3125, 9, 6], "texture": "#1"},
				"down": {"uv": [9.875, 6.5, 9, 6.8125], "texture": "#1"}
			}
		},
		{
			"from": [3.98768, 16.53461, 7.7],
			"to": [5.68768, 19.63461, 8.3],
			"rotation": {"angle": 22.5, "axis": "z", "origin": [4.83768, 16.88461, 8]},
			"faces": {
				"north": {"uv": [4, 7, 4.875, 8.5625], "texture": "#1"},
				"east": {"uv": [8, 8.5, 8.3125, 10.0625], "texture": "#1"},
				"south": {"uv": [5, 7, 5.875, 8.5625], "texture": "#1"},
				"west": {"uv": [8.5, 8.5, 8.8125, 10.0625], "texture": "#1"},
				"up": {"uv": [9.875, 7.3125, 9, 7], "texture": "#1"},
				"down": {"uv": [9.875, 8.5, 9, 8.8125], "texture": "#1"}
			}
		},
		{
			"from": [2.2, 19.1, 7.8],
			"to": [3.9, 24.6, 8.2],
			"rotation": {"angle": 0, "axis": "y", "origin": [-0.8, -2.8, 0]},
			"faces": {
				"north": {"uv": [3, 0, 3.875, 2.75], "texture": "#1"},
				"east": {"uv": [0, 8.5, 0.1875, 11.25], "texture": "#1"},
				"south": {"uv": [1, 3, 1.875, 5.75], "texture": "#1"},
				"west": {"uv": [8.5, 0, 8.6875, 2.75], "texture": "#1"},
				"up": {"uv": [10.375, 7.6875, 9.5, 7.5], "texture": "#1"},
				"down": {"uv": [10.375, 8, 9.5, 8.1875], "texture": "#1"}
			}
		},
		{
			"from": [3.3275, 24.03757, 7.8],
			"to": [5.0275, 29.3, 8.2],
			"rotation": {"angle": -22.5, "axis": "z", "origin": [4.1775, 27.15296, 8]},
			"faces": {
				"north": {"uv": [4, 4, 4.875, 6.625], "texture": "#1"},
				"east": {"uv": [0.5, 8.5, 0.6875, 11.125], "texture": "#1"},
				"south": {"uv": [5, 4, 5.875, 6.625], "texture": "#1"},
				"west": {"uv": [8.5, 3, 8.6875, 5.625], "texture": "#1"},
				"up": {"uv": [9.875, 9.6875, 9, 9.5], "texture": "#1"},
				"down": {"uv": [2.375, 10, 1.5, 10.1875], "texture": "#1"}
			}
		},
		{
			"from": [3.18768, 16.03461, 7.8],
			"to": [4.88768, 19.63461, 8.2],
			"rotation": {"angle": 22.5, "axis": "z", "origin": [4.03768, 16.88461, 8]},
			"faces": {
				"north": {"uv": [1, 6, 1.875, 7.8125], "texture": "#1"},
				"east": {"uv": [4, 9, 4.1875, 10.8125], "texture": "#1"},
				"south": {"uv": [2, 6, 2.875, 7.8125], "texture": "#1"},
				"west": {"uv": [4.5, 9, 4.6875, 10.8125], "texture": "#1"},
				"up": {"uv": [10.875, 1.6875, 10, 1.5], "texture": "#1"},
				"down": {"uv": [10.875, 2, 10, 2.1875], "texture": "#1"}
			}
		},
		{
			"from": [8.5, 20, 7.6],
			"to": [10.3, 23.4, 8.4],
			"rotation": {"angle": 0, "axis": "y", "origin": [16, -2.8, 0]},
			"faces": {
				"north": {"uv": [6, 2.5, 6.875, 4.1875], "texture": "#1"},
				"east": {"uv": [2.5, 8, 2.875, 9.6875], "texture": "#1"},
				"south": {"uv": [3, 6, 3.875, 7.6875], "texture": "#1"},
				"west": {"uv": [3, 8, 3.375, 9.6875], "texture": "#1"},
				"up": {"uv": [9.875, 4.875, 9, 4.5], "texture": "#1"},
				"down": {"uv": [5.875, 9, 5, 9.375], "texture": "#1"}
			}
		},
		{
			"from": [9.1725, 24.03757, 7.7],
			"to": [10.8725, 26.43757, 8.3],
			"rotation": {"angle": 22.5, "axis": "z", "origin": [10.0225, 27.15296, 8]},
			"faces": {
				"north": {"uv": [7.5, 1.5, 8.375, 2.6875], "texture": "#1"},
				"east": {"uv": [5.5, 2.5, 5.8125, 3.6875], "texture": "#1"},
				"south": {"uv": [7.5, 3, 8.375, 4.1875], "texture": "#1"},
				"west": {"uv": [7.5, 4.5, 7.8125, 5.6875], "texture": "#1"},
				"up": {"uv": [9.875, 9.3125, 9, 9], "texture": "#1"},
				"down": {"uv": [10.375, 0, 9.5, 0.3125], "texture": "#1"}
			}
		},
		{
			"from": [9.9725, 24.03757, 7.8],
			"to": [11.6725, 26.9, 8.2],
			"rotation": {"angle": 22.5, "axis": "z", "origin": [10.8225, 27.15296, 8]},
			"faces": {
				"north": {"uv": [7, 6, 7.875, 7.4375], "texture": "#1"},
				"east": {"uv": [9.5, 1.5, 9.6875, 2.9375], "texture": "#1"},
				"south": {"uv": [7.5, 0, 8.375, 1.4375], "texture": "#1"},
				"west": {"uv": [9.5, 3, 9.6875, 4.4375], "texture": "#1"},
				"up": {"uv": [3.375, 10.1875, 2.5, 10], "texture": "#1"},
				"down": {"uv": [10.875, 2.5, 10, 2.6875], "texture": "#1"}
			}
		},
		{
			"from": [11.1, 18.9, 7.8],
			"to": [12.8, 24.6, 8.2],
			"rotation": {"angle": 0, "axis": "y", "origin": [15.8, -2.8, 0]},
			"faces": {
				"north": {"uv": [0, 0, 0.875, 2.875], "texture": "#1"},
				"east": {"uv": [3.5, 8, 3.6875, 10.875], "texture": "#1"},
				"south": {"uv": [1, 0, 1.875, 2.875], "texture": "#1"},
				"west": {"uv": [8, 4.5, 8.1875, 7.375], "texture": "#1"},
				"up": {"uv": [10.875, 3.1875, 10, 3], "texture": "#1"},
				"down": {"uv": [10.875, 3.5, 10, 3.6875], "texture": "#1"}
			}
		},
		{
			"from": [10.3, 19.1, 7.7],
			"to": [12, 24.6, 8.3],
			"rotation": {"angle": 0, "axis": "y", "origin": [15, -2.8, 0]},
			"faces": {
				"north": {"uv": [2, 3, 2.875, 5.75], "texture": "#1"},
				"east": {"uv": [7, 7.5, 7.3125, 10.25], "texture": "#1"},
				"south": {"uv": [3, 3, 3.875, 5.75], "texture": "#1"},
				"west": {"uv": [7.5, 7.5, 7.8125, 10.25], "texture": "#1"},
				"up": {"uv": [10.375, 0.8125, 9.5, 0.5], "texture": "#1"},
				"down": {"uv": [10.375, 1, 9.5, 1.3125], "texture": "#1"}
			}
		},
		{
			"from": [7.7, 24.2, 7.7],
			"to": [8.3, 26.4, 8.3],
			"rotation": {"angle": 0, "axis": "y", "origin": [0, -2.8, 0]},
			"faces": {
				"north": {"uv": [8.5, 6, 8.8125, 7.125], "texture": "#1"},
				"east": {"uv": [9, 0, 9.3125, 1.125], "texture": "#1"},
				"south": {"uv": [9, 1.5, 9.3125, 2.625], "texture": "#1"},
				"west": {"uv": [9, 3, 9.3125, 4.125], "texture": "#1"},
				"up": {"uv": [10.3125, 4.3125, 10, 4], "texture": "#1"},
				"down": {"uv": [10.3125, 4.5, 10, 4.8125], "texture": "#1"}
			}
		}
	],
	"display": {
		"thirdperson_righthand": {
			"rotation": [0, -90, 0],
			"translation": [0, 0, 1.5],
			"scale": [1.38, 1.38, 1.38]
		},
		"thirdperson_lefthand": {
			"rotation": [0, 90, 0],
			"translation": [0, 0, 1.5],
			"scale": [1.38, 1.38, 1.38]
		},
		"firstperson_righthand": {
			"rotation": [0, -90, 0],
			"translation": [0.5, 0, 0],
			"scale": [1.38, 1.38, 1.38]
		},
		"firstperson_lefthand": {
			"rotation": [0, 90, 0],
			"translation": [0.5, 0, 0]
		},
		"ground": {
			"rotation": [0, 0, 180],
			"translation": [0, 17.5, 0]
		},
		"gui": {
			"rotation": [0, 0, -43],
			"translation": [-2, -3, 0],
			"scale": [0.52, 0.52, 0.52]
		},
		"fixed": {
			"rotation": [0, 0, 47],
			"translation": [4, -4, 0]
		}
	},
	"groups": [
		{
			"name": "group",
			"origin": [8, 8, 8],
			"color": 0,
			"children": [0, 1]
		},
		{
			"name": "group",
			"origin": [8, 8, 8],
			"color": 0,
			"children": [2, 3, 4, 5, 6, 7, 8, 9, 10, 11, 12, 13, 14, 15]
		}
	]
}