{
	"credit": "Made with Blockbench",
	"textures": {
		"0": "simplyswords:item/lordsworn_sword_blade",
		"1": "simplyswords:item/lordsworn_sword_hilt",
		"particle": "simplyswords:item/lordsworn_sword_hilt"
	},
	"elements": [
		{
			"from": [8.4, 23.4, 7.9],
			"to": [9, 24, 8.1],
			"rotation": {"angle": 45, "axis": "z", "origin": [8, 23, 8]},
			"faces": {
				"north": {"uv": [3, 6, 3.3125, 6.3125], "texture": "#0"},
				"east": {"uv": [6, 6, 6.125, 6.3125], "texture": "#0"},
				"south": {"uv": [6, 3, 6.3125, 3.3125], "texture": "#0"},
				"west": {"uv": [1, 6.5, 1.125, 6.8125], "texture": "#0"},
				"up": {"uv": [6.8125, 1.125, 6.5, 1], "texture": "#0"},
				"down": {"uv": [1.8125, 6.5, 1.5, 6.625], "texture": "#0"}
			}
		},
		{
			"from": [7.4, 12.08995, 7.8],
			"to": [8.6, 22.58995, 8.2],
			"rotation": {"angle": 0, "axis": "y", "origin": [8, 23.98995, 8]},
			"faces": {
				"north": {"uv": [0, 0, 0.625, 5.25], "texture": "#0"},
				"east": {"uv": [4, 0, 4.1875, 5.25], "texture": "#0"},
				"south": {"uv": [1, 0, 1.625, 5.25], "texture": "#0"},
				"west": {"uv": [4.5, 0, 4.6875, 5.25], "texture": "#0"},
				"up": {"uv": [6.625, 0.1875, 6, 0], "texture": "#0"},
				"down": {"uv": [6.625, 0.5, 6, 0.6875], "texture": "#0"}
			}
		},
		{
			"from": [7.6, 22.58995, 7.8],
			"to": [8.4, 22.98995, 8.2],
			"rotation": {"angle": 0, "axis": "y", "origin": [8, 23.98995, 8]},
			"faces": {
				"north": {"uv": [3.5, 6, 3.875, 6.1875], "texture": "#0"},
				"east": {"uv": [6.5, 4, 6.6875, 4.1875], "texture": "#0"},
				"south": {"uv": [6, 3.5, 6.375, 3.6875], "texture": "#0"},
				"west": {"uv": [4.5, 6.5, 4.6875, 6.6875], "texture": "#0"},
				"up": {"uv": [6.375, 4.1875, 6, 4], "texture": "#0"},
				"down": {"uv": [6.375, 4.5, 6, 4.6875], "texture": "#0"}
			}
		},
		{
			"from": [7.7, 22.98995, 7.8],
			"to": [8.3, 23.38995, 8.2],
			"rotation": {"angle": 0, "axis": "y", "origin": [8, 23.98995, 8]},
			"faces": {
				"north": {"uv": [5, 6, 5.3125, 6.1875], "texture": "#0"},
				"east": {"uv": [6.5, 4.5, 6.6875, 4.6875], "texture": "#0"},
				"south": {"uv": [6, 5, 6.3125, 5.1875], "texture": "#0"},
				"west": {"uv": [5, 6.5, 5.1875, 6.6875], "texture": "#0"},
				"up": {"uv": [5.8125, 6.1875, 5.5, 6], "texture": "#0"},
				"down": {"uv": [6.3125, 5.5, 6, 5.6875], "texture": "#0"}
			}
		},
		{
			"from": [7.8, 23.38995, 7.8],
			"to": [8.2, 23.78995, 8.2],
			"rotation": {"angle": 0, "axis": "y", "origin": [8, 23.98995, 8]},
			"faces": {
				"north": {"uv": [6.5, 5, 6.6875, 5.1875], "texture": "#0"},
				"east": {"uv": [5.5, 6.5, 5.6875, 6.6875], "texture": "#0"},
				"south": {"uv": [6.5, 5.5, 6.6875, 5.6875], "texture": "#0"},
				"west": {"uv": [6, 6.5, 6.1875, 6.6875], "texture": "#0"},
				"up": {"uv": [6.6875, 6.1875, 6.5, 6], "texture": "#0"},
				"down": {"uv": [6.6875, 6.5, 6.5, 6.6875], "texture": "#0"}
			}
		},
		{
			"from": [7.96191, 21.99798, 7.9],
			"to": [8.56191, 23.89798, 8.1],
			"rotation": {"angle": 22.5, "axis": "z", "origin": [8.26191, 23.59798, 8]},
			"faces": {
				"north": {"uv": [1, 5.5, 1.3125, 6.4375], "texture": "#0"},
				"east": {"uv": [6, 1, 6.125, 1.9375], "texture": "#0"},
				"south": {"uv": [1.5, 5.5, 1.8125, 6.4375], "texture": "#0"},
				"west": {"uv": [2, 6, 2.125, 6.9375], "texture": "#0"},
				"up": {"uv": [6.8125, 1.625, 6.5, 1.5], "texture": "#0"},
				"down": {"uv": [6.8125, 2, 6.5, 2.125], "texture": "#0"}
			}
		},
		{
			"from": [8.55136, 10.93458, 7.9],
			"to": [9.15136, 22.23458, 8.1],
			"rotation": {"angle": 0, "axis": "y", "origin": [8.85136, 20.73458, 8]},
			"faces": {
				"north": {"uv": [2, 0, 2.3125, 5.625], "texture": "#0"},
				"east": {"uv": [5, 0, 5.125, 5.625], "texture": "#0"},
				"south": {"uv": [2.5, 0, 2.8125, 5.625], "texture": "#0"},
				"west": {"uv": [0, 5.5, 0.125, 11.125], "texture": "#0"},
				"up": {"uv": [6.8125, 2.625, 6.5, 2.5], "texture": "#0"},
				"down": {"uv": [3.3125, 6.5, 3, 6.625], "texture": "#0"}
			}
		},
		{
			"from": [6.84864, 10.93458, 7.9],
			"to": [7.44864, 22.23458, 8.1],
			"rotation": {"angle": 0, "axis": "y", "origin": [7.14864, 20.73458, 8]},
			"faces": {
				"north": {"uv": [3, 0, 3.3125, 5.625], "texture": "#0"},
				"east": {"uv": [5.5, 0, 5.625, 5.625], "texture": "#0"},
				"south": {"uv": [3.5, 0, 3.8125, 5.625], "texture": "#0"},
				"west": {"uv": [0.5, 5.5, 0.625, 11.125], "texture": "#0"},
				"up": {"uv": [6.8125, 3.125, 6.5, 3], "texture": "#0"},
				"down": {"uv": [3.8125, 6.5, 3.5, 6.625], "texture": "#0"}
			}
		},
		{
			"from": [7.43809, 21.99798, 7.9],
			"to": [8.03809, 23.89798, 8.1],
			"rotation": {"angle": -22.5, "axis": "z", "origin": [7.73809, 23.59798, 8]},
			"faces": {
				"north": {"uv": [4, 5.5, 4.3125, 6.4375], "texture": "#0"},
				"east": {"uv": [6, 2, 6.125, 2.9375], "texture": "#0"},
				"south": {"uv": [4.5, 5.5, 4.8125, 6.4375], "texture": "#0"},
				"west": {"uv": [2.5, 6, 2.625, 6.9375], "texture": "#0"},
				"up": {"uv": [6.8125, 3.625, 6.5, 3.5], "texture": "#0"},
				"down": {"uv": [4.3125, 6.5, 4, 6.625], "texture": "#0"}
			}
		},
		{
			"from": [6.4, 10.68995, 7.7],
			"to": [8.2, 12.48995, 8.3],
			"rotation": {"angle": -45, "axis": "z", "origin": [8, 10.88995, 8]},
			"faces": {
				"north": {"uv": [4, 0, 5.75, 1.75], "texture": "#1"},
				"east": {"uv": [5, 6, 5.625, 7.75], "texture": "#1"},
				"south": {"uv": [4, 2, 5.75, 3.75], "texture": "#1"},
				"west": {"uv": [6, 5, 6.625, 6.75], "texture": "#1"},
				"up": {"uv": [7.75, 3.625, 6, 3], "texture": "#1"},
				"down": {"uv": [1.75, 7, 0, 7.625], "texture": "#1"}
			}
		},
		{
			"from": [6.7, 10.87279, 7.6],
			"to": [9.3, 11.77279, 8.4],
			"rotation": {"angle": 0, "axis": "y", "origin": [8, 11.17279, 8]},
			"faces": {
				"north": {"uv": [4, 4, 6.625, 4.875], "texture": "#1"},
				"east": {"uv": [4, 7, 4.75, 7.875], "texture": "#1"},
				"south": {"uv": [0, 5, 2.625, 5.875], "texture": "#1"},
				"west": {"uv": [2, 8, 2.75, 8.875], "texture": "#1"},
				"up": {"uv": [5.625, 5.75, 3, 5], "texture": "#1"},
				"down": {"uv": [2.625, 6, 0, 6.75], "texture": "#1"}
			}
		},
		{
			"from": [9.3, 11.17279, 7.7],
			"to": [11, 11.77279, 8.3],
			"rotation": {"angle": 0, "axis": "y", "origin": [8, 11.17279, 8]},
			"faces": {
				"north": {"uv": [2, 7, 3.75, 7.625], "texture": "#1"},
				"east": {"uv": [0, 10, 0.625, 10.625], "texture": "#1"},
				"south": {"uv": [7, 4, 8.75, 4.625], "texture": "#1"},
				"west": {"uv": [10, 0, 10.625, 0.625], "texture": "#1"},
				"up": {"uv": [8.75, 5.625, 7, 5], "texture": "#1"},
				"down": {"uv": [7.75, 7, 6, 7.625], "texture": "#1"}
			}
		},
		{
			"from": [11, 11.07279, 7.6],
			"to": [11.9, 11.87279, 8.4],
			"rotation": {"angle": 0, "axis": "y", "origin": [8, 11.17279, 8]},
			"faces": {
				"north": {"uv": [8, 2, 8.875, 2.75], "texture": "#1"},
				"east": {"uv": [9, 2, 9.75, 2.75], "texture": "#1"},
				"south": {"uv": [3, 8, 3.875, 8.75], "texture": "#1"},
				"west": {"uv": [3, 9, 3.75, 9.75], "texture": "#1"},
				"up": {"uv": [8.875, 3.75, 8, 3], "texture": "#1"},
				"down": {"uv": [4.875, 8, 4, 8.75], "texture": "#1"}
			}
		},
		{
			"from": [5, 11.17279, 7.7],
			"to": [6.7, 11.77279, 8.3],
			"rotation": {"angle": 0, "axis": "y", "origin": [8, 11.17279, 7.9]},
			"faces": {
				"north": {"uv": [7, 6, 8.75, 6.625], "texture": "#1"},
				"east": {"uv": [1, 10, 1.625, 10.625], "texture": "#1"},
				"south": {"uv": [0, 8, 1.75, 8.625], "texture": "#1"},
				"west": {"uv": [10, 1, 10.625, 1.625], "texture": "#1"},
				"up": {"uv": [9.75, 0.625, 8, 0], "texture": "#1"},
				"down": {"uv": [9.75, 1, 8, 1.625], "texture": "#1"}
			}
		},
		{
			"from": [4.1, 11.07279, 7.6],
			"to": [5, 11.87279, 8.4],
			"rotation": {"angle": 0, "axis": "y", "origin": [8, 11.17279, 7.9]},
			"faces": {
				"north": {"uv": [5, 8, 5.875, 8.75], "texture": "#1"},
				"east": {"uv": [9, 3, 9.75, 3.75], "texture": "#1"},
				"south": {"uv": [6, 8, 6.875, 8.75], "texture": "#1"},
				"west": {"uv": [4, 9, 4.75, 9.75], "texture": "#1"},
				"up": {"uv": [7.875, 8.75, 7, 8], "texture": "#1"},
				"down": {"uv": [8.875, 7, 8, 7.75], "texture": "#1"}
			}
		},
		{
			"from": [7.1, 10.07279, 7.6],
			"to": [8.9, 10.87279, 8.4],
			"rotation": {"angle": 0, "axis": "y", "origin": [8, 11.17279, 8]},
			"faces": {
				"north": {"uv": [6, 0, 7.75, 0.75], "texture": "#1"},
				"east": {"uv": [9, 4, 9.75, 4.75], "texture": "#1"},
				"south": {"uv": [6, 1, 7.75, 1.75], "texture": "#1"},
				"west": {"uv": [5, 9, 5.75, 9.75], "texture": "#1"},
				"up": {"uv": [7.75, 2.75, 6, 2], "texture": "#1"},
				"down": {"uv": [4.75, 6, 3, 6.75], "texture": "#1"}
			}
		},
		{
			"from": [7.7, 5.07279, 7.7],
			"to": [8.3, 10.07279, 8.3],
			"rotation": {"angle": 0, "axis": "y", "origin": [8, 11.17279, 8]},
			"faces": {
				"north": {"uv": [0, 0, 0.625, 5], "texture": "#1"},
				"east": {"uv": [1, 0, 1.625, 5], "texture": "#1"},
				"south": {"uv": [2, 0, 2.625, 5], "texture": "#1"},
				"west": {"uv": [3, 0, 3.625, 5], "texture": "#1"},
				"up": {"uv": [2.625, 10.625, 2, 10], "texture": "#1"},
				"down": {"uv": [10.625, 2, 10, 2.625], "texture": "#1"}
			}
		},
		{
			"from": [7.6, 7.17279, 7.6],
			"to": [8.4, 7.97279, 8.4],
			"rotation": {"angle": 0, "axis": "y", "origin": [8, 11.17279, 8]},
			"faces": {
				"north": {"uv": [9, 5, 9.75, 5.75], "texture": "#1"},
				"east": {"uv": [6, 9, 6.75, 9.75], "texture": "#1"},
				"south": {"uv": [9, 6, 9.75, 6.75], "texture": "#1"},
				"west": {"uv": [7, 9, 7.75, 9.75], "texture": "#1"},
				"up": {"uv": [9.75, 7.75, 9, 7], "texture": "#1"},
				"down": {"uv": [8.75, 9, 8, 9.75], "texture": "#1"}
			}
		},
		{
			"from": [7.6, 4.17279, 7.6],
			"to": [8.4, 5.07279, 8.4],
			"rotation": {"angle": 0, "axis": "y", "origin": [8, 11.17279, 8]},
			"faces": {
				"north": {"uv": [8, 8, 8.75, 8.875], "texture": "#1"},
				"east": {"uv": [0, 9, 0.75, 9.875], "texture": "#1"},
				"south": {"uv": [1, 9, 1.75, 9.875], "texture": "#1"},
				"west": {"uv": [2, 9, 2.75, 9.875], "texture": "#1"},
				"up": {"uv": [9.75, 8.75, 9, 8], "texture": "#1"},
				"down": {"uv": [9.75, 9, 9, 9.75], "texture": "#1"}
			}
		}
	],
	"display": {
		"thirdperson_righthand": {
			"rotation": [0, 90, 0],
			"translation": [0, -1.5, 1],
			"scale": [1.25, 1.25, 1.25]
		},
		"thirdperson_lefthand": {
			"rotation": [0, 90, 0],
			"translation": [0, -1.5, 1],
			"scale": [1.25, 1.25, 1.25]
		},
		"firstperson_righthand": {
			"rotation": [0, -90, 0],
			"translation": [0, -2.25, 0],
			"scale": [1.25, 1.25, 1.25]
		},
		"firstperson_lefthand": {
			"rotation": [0, -90, 0],
			"translation": [0, -2.25, 0],
			"scale": [1.25, 1.25, 1.25]
		},
		"ground": {
			"rotation": [0, 0, 180],
			"translation": [0, 13.5, 0]
		},
		"gui": {
			"rotation": [0, 0, -47],
			"translation": [-4, -4.5, 0]
		},
		"fixed": {
			"rotation": [0, 0, 47],
			"translation": [6, -5.25, 0],
			"scale": [1.33, 1.33, 1.33]
		}
	},
	"groups": [
		{
			"name": "group",
			"origin": [8, 8, 8],
			"color": 0,
			"children": [0, 1, 2, 3, 4, 5, 6, 7, 8]
		},
		{
			"name": "group",
			"origin": [8, 8, 8],
			"color": 0,
			"children": [9, 10, 11, 12, 13, 14, 15, 16, 17, 18]
		}
	]
}