{
	"credit": "Made with Blockbench",
	"textures": {
		"0": "simplyswords:item/lordsworn_greatsword_blade",
		"1": "simplyswords:item/lordsworn_greatsword_hilt",
		"particle": "simplyswords:item/lordsworn_greatsword_hilt"
	},
	"elements": [
		{
			"from": [7, 31.1, 7.9],
			"to": [7.8, 31.9, 8.1],
			"rotation": {"angle": -45, "axis": "z", "origin": [8, 30.9, 8]},
			"faces": {
				"north": {"uv": [6.5, 2.5, 6.875, 2.875], "texture": "#0"},
				"east": {"uv": [7, 6, 7.125, 6.375], "texture": "#0"},
				"south": {"uv": [6.5, 3, 6.875, 3.375], "texture": "#0"},
				"west": {"uv": [7, 6.5, 7.125, 6.875], "texture": "#0"},
				"up": {"uv": [7.375, 7.125, 7, 7], "texture": "#0"},
				"down": {"uv": [7.875, 0, 7.5, 0.125], "texture": "#0"}
			}
		},
		{
			"from": [7, 17.9, 7.8],
			"to": [9, 29.9, 8.2],
			"rotation": {"angle": 0, "axis": "y", "origin": [8, 31.74853, 8]},
			"faces": {
				"north": {"uv": [0, 0, 1, 6], "texture": "#0"},
				"east": {"uv": [4, 0, 4.1875, 6], "texture": "#0"},
				"south": {"uv": [1, 0, 2, 6], "texture": "#0"},
				"west": {"uv": [4.5, 0, 4.6875, 6], "texture": "#0"},
				"up": {"uv": [7.5, 1.1875, 6.5, 1], "texture": "#0"},
				"down": {"uv": [7.5, 1.5, 6.5, 1.6875], "texture": "#0"}
			}
		},
		{
			"from": [7.4, 29.9, 7.8],
			"to": [8.6, 30.8, 8.2],
			"rotation": {"angle": 0, "axis": "y", "origin": [8, 31.74853, 8]},
			"faces": {
				"north": {"uv": [6.5, 0, 7.125, 0.4375], "texture": "#0"},
				"east": {"uv": [7, 3, 7.1875, 3.4375], "texture": "#0"},
				"south": {"uv": [6.5, 0.5, 7.125, 0.9375], "texture": "#0"},
				"west": {"uv": [7, 3.5, 7.1875, 3.9375], "texture": "#0"},
				"up": {"uv": [7.625, 2.1875, 7, 2], "texture": "#0"},
				"down": {"uv": [7.625, 2.5, 7, 2.6875], "texture": "#0"}
			}
		},
		{
			"from": [7.6, 30.8, 7.8],
			"to": [8.4, 31.7, 8.2],
			"rotation": {"angle": 0, "axis": "y", "origin": [8, 31.74853, 8]},
			"faces": {
				"north": {"uv": [4.5, 6, 4.875, 6.4375], "texture": "#0"},
				"east": {"uv": [7, 4, 7.1875, 4.4375], "texture": "#0"},
				"south": {"uv": [6.5, 2, 6.875, 2.4375], "texture": "#0"},
				"west": {"uv": [7, 4.5, 7.1875, 4.9375], "texture": "#0"},
				"up": {"uv": [7.375, 5.1875, 7, 5], "texture": "#0"},
				"down": {"uv": [7.375, 5.5, 7, 5.6875], "texture": "#0"}
			}
		},
		{
			"from": [7.94921, 29.5259, 7.9],
			"to": [8.74921, 31.6259, 8.1],
			"rotation": {"angle": 22.5, "axis": "z", "origin": [8.34921, 31.2259, 8]},
			"faces": {
				"north": {"uv": [0.5, 6, 0.875, 7.0625], "texture": "#0"},
				"east": {"uv": [6.5, 3.5, 6.625, 4.5625], "texture": "#0"},
				"south": {"uv": [1, 6, 1.375, 7.0625], "texture": "#0"},
				"west": {"uv": [4.5, 6.5, 4.625, 7.5625], "texture": "#0"},
				"up": {"uv": [0.875, 7.625, 0.5, 7.5], "texture": "#0"},
				"down": {"uv": [7.875, 0.5, 7.5, 0.625], "texture": "#0"}
			}
		},
		{
			"from": [8.56932, 13.90838, 7.9],
			"to": [9.36932, 29.80838, 8.1],
			"rotation": {"angle": 0, "axis": "y", "origin": [8.96932, 28.15838, 8]},
			"faces": {
				"north": {"uv": [2, 0, 2.375, 7.9375], "texture": "#0"},
				"east": {"uv": [5, 0, 5.125, 7.9375], "texture": "#0"},
				"south": {"uv": [2.5, 0, 2.875, 7.9375], "texture": "#0"},
				"west": {"uv": [5.5, 0, 5.625, 7.9375], "texture": "#0"},
				"up": {"uv": [1.375, 7.625, 1, 7.5], "texture": "#0"},
				"down": {"uv": [7.875, 1, 7.5, 1.125], "texture": "#0"}
			}
		},
		{
			"from": [7.25079, 29.5259, 7.9],
			"to": [8.05079, 31.6259, 8.1],
			"rotation": {"angle": -22.5, "axis": "z", "origin": [7.65079, 31.2259, 8]},
			"faces": {
				"north": {"uv": [1.5, 6, 1.875, 7.0625], "texture": "#0"},
				"east": {"uv": [6.5, 5, 6.625, 6.0625], "texture": "#0"},
				"south": {"uv": [4, 6, 4.375, 7.0625], "texture": "#0"},
				"west": {"uv": [6.5, 6.5, 6.625, 7.5625], "texture": "#0"},
				"up": {"uv": [1.875, 7.625, 1.5, 7.5], "texture": "#0"},
				"down": {"uv": [7.875, 1.5, 7.5, 1.625], "texture": "#0"}
			}
		},
		{
			"from": [6.63068, 13.90838, 7.9],
			"to": [7.43068, 29.80838, 8.1],
			"rotation": {"angle": 0, "axis": "y", "origin": [7.03068, 28.15838, 8]},
			"faces": {
				"north": {"uv": [3, 0, 3.375, 7.9375], "texture": "#0"},
				"east": {"uv": [0, 6, 0.125, 13.9375], "texture": "#0"},
				"south": {"uv": [3.5, 0, 3.875, 7.9375], "texture": "#0"},
				"west": {"uv": [6, 0, 6.125, 7.9375], "texture": "#0"},
				"up": {"uv": [7.875, 3.125, 7.5, 3], "texture": "#0"},
				"down": {"uv": [7.875, 3.5, 7.5, 3.625], "texture": "#0"}
			}
		},
		{
			"from": [6.5, 13.8, 7.7],
			"to": [9.5, 17.9, 8.3],
			"rotation": {"angle": 0, "axis": "y", "origin": [8, 31.74853, 8]},
			"faces": {
				"north": {"uv": [0, 0, 3, 4.125], "texture": "#1"},
				"east": {"uv": [4, 7, 4.625, 11.125], "texture": "#1"},
				"south": {"uv": [3, 0, 6, 4.125], "texture": "#1"},
				"west": {"uv": [5, 7, 5.625, 11.125], "texture": "#1"},
				"up": {"uv": [9, 4.625, 6, 4], "texture": "#1"},
				"down": {"uv": [12, 4, 9, 4.625], "texture": "#1"}
			}
		},
		{
			"from": [5.9, 12.4, 7.3],
			"to": [10.1, 13.8, 8.7],
			"rotation": {"angle": 0, "axis": "y", "origin": [8, 31.74853, 8]},
			"faces": {
				"north": {"uv": [0, 5, 4.25, 6.375], "texture": "#1"},
				"east": {"uv": [6, 7, 7.375, 8.375], "texture": "#1"},
				"south": {"uv": [5, 5, 9.25, 6.375], "texture": "#1"},
				"west": {"uv": [8, 7, 9.375, 8.375], "texture": "#1"},
				"up": {"uv": [10.25, 1.375, 6, 0], "texture": "#1"},
				"down": {"uv": [10.25, 2, 6, 3.375], "texture": "#1"}
			}
		},
		{
			"from": [7.7, 15, 7.5],
			"to": [8.3, 16.8, 8.5],
			"rotation": {"angle": 0, "axis": "y", "origin": [8, 31.74853, 8]},
			"faces": {
				"north": {"uv": [10, 11, 10.625, 12.75], "texture": "#1"},
				"east": {"uv": [10, 5, 11, 6.75], "texture": "#1"},
				"south": {"uv": [11, 11, 11.625, 12.75], "texture": "#1"},
				"west": {"uv": [10, 7, 11, 8.75], "texture": "#1"},
				"up": {"uv": [14.625, 3, 14, 2], "texture": "#1"},
				"down": {"uv": [3.625, 14, 3, 15], "texture": "#1"}
			}
		},
		{
			"from": [7.6, 13.8, 7.5],
			"to": [8.4, 15, 8.5],
			"rotation": {"angle": 0, "axis": "y", "origin": [8, 31.74853, 8]},
			"faces": {
				"north": {"uv": [13, 7, 13.75, 8.25], "texture": "#1"},
				"east": {"uv": [11, 6, 12, 7.25], "texture": "#1"},
				"south": {"uv": [8, 13, 8.75, 14.25], "texture": "#1"},
				"west": {"uv": [9, 11, 10, 12.25], "texture": "#1"},
				"up": {"uv": [14.75, 2, 14, 1], "texture": "#1"},
				"down": {"uv": [2.75, 14, 2, 15], "texture": "#1"}
			}
		},
		{
			"from": [7.3, 11.7, 7.3],
			"to": [8.7, 12.4, 8.7],
			"rotation": {"angle": 0, "axis": "y", "origin": [8, 31.74853, 8]},
			"faces": {
				"north": {"uv": [11, 8, 12.375, 8.75], "texture": "#1"},
				"east": {"uv": [4, 12, 5.375, 12.75], "texture": "#1"},
				"south": {"uv": [12, 4, 13.375, 4.75], "texture": "#1"},
				"west": {"uv": [6, 12, 7.375, 12.75], "texture": "#1"},
				"up": {"uv": [7.375, 10.375, 6, 9], "texture": "#1"},
				"down": {"uv": [9.375, 9, 8, 10.375], "texture": "#1"}
			}
		},
		{
			"from": [7.6, 4.7, 7.6],
			"to": [8.4, 11.7, 8.4],
			"rotation": {"angle": 0, "axis": "y", "origin": [8, 31.74853, 8]},
			"faces": {
				"north": {"uv": [0, 7, 0.75, 14], "texture": "#1"},
				"east": {"uv": [1, 7, 1.75, 14], "texture": "#1"},
				"south": {"uv": [2, 7, 2.75, 14], "texture": "#1"},
				"west": {"uv": [3, 7, 3.75, 14], "texture": "#1"},
				"up": {"uv": [14.75, 3.75, 14, 3], "texture": "#1"},
				"down": {"uv": [4.75, 14, 4, 14.75], "texture": "#1"}
			}
		},
		{
			"from": [7.5, 8, 7.5],
			"to": [8.5, 8.5, 8.5],
			"rotation": {"angle": 0, "axis": "y", "origin": [8, 31.74853, 8]},
			"faces": {
				"north": {"uv": [9, 14, 10, 14.5], "texture": "#1"},
				"east": {"uv": [14, 9, 15, 9.5], "texture": "#1"},
				"south": {"uv": [10, 14, 11, 14.5], "texture": "#1"},
				"west": {"uv": [14, 10, 15, 10.5], "texture": "#1"},
				"up": {"uv": [13, 7, 12, 6], "texture": "#1"},
				"down": {"uv": [13, 7, 12, 8], "texture": "#1"}
			}
		},
		{
			"from": [7.5, 4.2, 7.5],
			"to": [8.5, 4.7, 8.5],
			"rotation": {"angle": 0, "axis": "y", "origin": [8, 31.74853, 8]},
			"faces": {
				"north": {"uv": [11, 14, 12, 14.5], "texture": "#1"},
				"east": {"uv": [14, 11, 15, 11.5], "texture": "#1"},
				"south": {"uv": [12, 14, 13, 14.5], "texture": "#1"},
				"west": {"uv": [14, 12, 15, 12.5], "texture": "#1"},
				"up": {"uv": [9, 13, 8, 12], "texture": "#1"},
				"down": {"uv": [13, 11, 12, 12], "texture": "#1"}
			}
		},
		{
			"from": [7.5, 2.4, 7.5],
			"to": [8.5, 3.3, 8.5],
			"rotation": {"angle": 0, "axis": "y", "origin": [8, 31.74853, 8]},
			"faces": {
				"north": {"uv": [9, 13, 10, 13.875], "texture": "#1"},
				"east": {"uv": [13, 9, 14, 9.875], "texture": "#1"},
				"south": {"uv": [10, 13, 11, 13.875], "texture": "#1"},
				"west": {"uv": [13, 10, 14, 10.875], "texture": "#1"},
				"up": {"uv": [13, 13, 12, 12], "texture": "#1"},
				"down": {"uv": [5, 13, 4, 14], "texture": "#1"}
			}
		},
		{
			"from": [7.7, 3.3, 7.7],
			"to": [8.3, 4.2, 8.3],
			"rotation": {"angle": 0, "axis": "y", "origin": [8, 31.74853, 8]},
			"faces": {
				"north": {"uv": [14, 6, 14.625, 6.875], "texture": "#1"},
				"east": {"uv": [7, 14, 7.625, 14.875], "texture": "#1"},
				"south": {"uv": [14, 7, 14.625, 7.875], "texture": "#1"},
				"west": {"uv": [14, 8, 14.625, 8.875], "texture": "#1"},
				"up": {"uv": [13.625, 14.625, 13, 14], "texture": "#1"},
				"down": {"uv": [14.625, 13, 14, 13.625], "texture": "#1"}
			}
		},
		{
			"from": [12.3, 12.6, 7.5],
			"to": [13.2, 13.6, 8.5],
			"rotation": {"angle": 0, "axis": "y", "origin": [8, 31.74853, 8]},
			"faces": {
				"north": {"uv": [11, 13, 11.875, 14], "texture": "#1"},
				"east": {"uv": [5, 13, 6, 14], "texture": "#1"},
				"south": {"uv": [13, 11, 13.875, 12], "texture": "#1"},
				"west": {"uv": [6, 13, 7, 14], "texture": "#1"},
				"up": {"uv": [12.875, 14, 12, 13], "texture": "#1"},
				"down": {"uv": [13.875, 12, 13, 13], "texture": "#1"}
			}
		},
		{
			"from": [10.1, 12.7, 7.6],
			"to": [12.3, 13.5, 8.4],
			"rotation": {"angle": 0, "axis": "y", "origin": [8, 31.74853, 8]},
			"faces": {
				"north": {"uv": [10, 9, 12.25, 9.75], "texture": "#1"},
				"east": {"uv": [14, 4, 14.75, 4.75], "texture": "#1"},
				"south": {"uv": [10, 10, 12.25, 10.75], "texture": "#1"},
				"west": {"uv": [5, 14, 5.75, 14.75], "texture": "#1"},
				"up": {"uv": [13.25, 0.75, 11, 0], "texture": "#1"},
				"down": {"uv": [13.25, 1, 11, 1.75], "texture": "#1"}
			}
		},
		{
			"from": [3.7, 12.7, 7.6],
			"to": [5.9, 13.5, 8.4],
			"rotation": {"angle": 0, "axis": "y", "origin": [8, 31.74853, 8]},
			"faces": {
				"north": {"uv": [11, 2, 13.25, 2.75], "texture": "#1"},
				"east": {"uv": [14, 5, 14.75, 5.75], "texture": "#1"},
				"south": {"uv": [11, 3, 13.25, 3.75], "texture": "#1"},
				"west": {"uv": [6, 14, 6.75, 14.75], "texture": "#1"},
				"up": {"uv": [13.25, 5.75, 11, 5], "texture": "#1"},
				"down": {"uv": [8.25, 11, 6, 11.75], "texture": "#1"}
			}
		},
		{
			"from": [2.8, 12.6, 7.5],
			"to": [3.7, 13.6, 8.5],
			"rotation": {"angle": 0, "axis": "y", "origin": [8, 31.74853, 8]},
			"faces": {
				"north": {"uv": [13, 13, 13.875, 14], "texture": "#1"},
				"east": {"uv": [13, 6, 14, 7], "texture": "#1"},
				"south": {"uv": [0, 14, 0.875, 15], "texture": "#1"},
				"west": {"uv": [7, 13, 8, 14], "texture": "#1"},
				"up": {"uv": [14.875, 1, 14, 0], "texture": "#1"},
				"down": {"uv": [1.875, 14, 1, 15], "texture": "#1"}
			}
		}
	],
	"display": {
		"thirdperson_righthand": {
			"rotation": [0, 90, 0],
			"translation": [0, -2.75, 1.25],
			"scale": [1.2, 1.2, 1.2]
		},
		"thirdperson_lefthand": {
			"rotation": [0, 90, 0],
			"translation": [0, -2.75, 1.25],
			"scale": [1.2, 1.2, 1.2]
		},
		"firstperson_righthand": {
			"rotation": [0, -90, 0],
			"translation": [0.75, -4, -1.5],
			"scale": [1.2, 1.2, 1.2]
		},
		"firstperson_lefthand": {
			"rotation": [0, -90, 0],
			"translation": [0.75, -4, -1.5],
			"scale": [1.2, 1.2, 1.2]
		},
		"ground": {
			"rotation": [0, 0, 180],
			"translation": [0, 11.5, 0],
			"scale": [0.65, 0.65, 0.65]
		},
		"gui": {
			"rotation": [0, 0, -35],
			"translation": [-3.5, -4.75, 0],
			"scale": [0.65, 0.65, 0.65]
		},
		"fixed": {
			"rotation": [0, 0, 47],
			"translation": [6.5, -6, 0]
		}
	},
	"groups": [
		{
			"name": "group",
			"origin": [8, 8, 8],
			"color": 0,
			"children": [0, 1, 2, 3, 4, 5, 6, 7]
		},
		{
			"name": "group",
			"origin": [8, 8, 8],
			"color": 0,
			"children": [8, 9, 10, 11, 12, 13, 14, 15, 16, 17, 18, 19, 20, 21]
		}
	]
}