{
	"credit": "Made with Blockbench",
	"textures": {
		"0": "simplyswords:item/gold_hammer_handle",
		"1": "simplyswords:item/gold_hammer_head",
		"particle": "simplyswords:item/gold_hammer_handle"
	},
	"elements": [
		{
			"from": [7.7, 10.1, 7.6],
			"to": [8.5, 16.6, 8.4],
			"rotation": {"angle": 0, "axis": "y", "origin": [16.1, -6.7, 0]},
			"faces": {
				"north": {"uv": [3, 0, 3.75, 6.5], "texture": "#0"},
				"east": {"uv": [0, 0, 0.75, 6.5], "texture": "#0"},
				"south": {"uv": [1, 0, 1.75, 6.5], "texture": "#0"},
				"west": {"uv": [2, 0, 2.75, 6.5], "texture": "#0"},
				"up": {"uv": [9.75, 6.75, 9, 6], "rotation": 90, "texture": "#0"},
				"down": {"uv": [7.75, 9, 7, 9.75], "rotation": 270, "texture": "#0"}
			}
		},
		{
			"from": [7.6, 16.6, 7.5],
			"to": [8.6, 19.7, 8.5],
			"rotation": {"angle": 0, "axis": "y", "origin": [16.1, -6.7, 0]},
			"faces": {
				"north": {"uv": [7, 0, 8, 3.125], "texture": "#0"},
				"east": {"uv": [6, 0, 7, 3.125], "texture": "#0"},
				"south": {"uv": [6, 4, 7, 7.125], "texture": "#0"},
				"west": {"uv": [0, 7, 1, 10.125], "texture": "#0"},
				"up": {"uv": [7, 9, 6, 8], "rotation": 90, "texture": "#0"},
				"down": {"uv": [9, 6, 8, 7], "rotation": 270, "texture": "#0"}
			}
		},
		{
			"from": [7.6, 21.3, 7.5],
			"to": [8.6, 21.8, 8.5],
			"rotation": {"angle": 0, "axis": "y", "origin": [16.1, -6.7, 0]},
			"faces": {
				"north": {"uv": [10, 4, 11, 4.5], "texture": "#0"},
				"east": {"uv": [10, 2, 11, 2.5], "texture": "#0"},
				"south": {"uv": [10, 3, 11, 3.5], "texture": "#0"},
				"west": {"uv": [4, 10, 5, 10.5], "texture": "#0"},
				"up": {"uv": [8, 9, 7, 8], "rotation": 90, "texture": "#0"},
				"down": {"uv": [9, 7, 8, 8], "rotation": 270, "texture": "#0"}
			}
		},
		{
			"from": [7.06075, 8.98628, 7.6],
			"to": [7.86075, 10.38628, 8.4],
			"rotation": {"angle": -22.5, "axis": "z", "origin": [7.46075, 8.63628, 8]},
			"faces": {
				"north": {"uv": [8, 4, 8.75, 5.375], "texture": "#0"},
				"east": {"uv": [7, 6, 7.75, 7.375], "texture": "#0"},
				"south": {"uv": [8, 0, 8.75, 1.375], "texture": "#0"},
				"west": {"uv": [8, 2, 8.75, 3.375], "texture": "#0"},
				"up": {"uv": [9.75, 7.75, 9, 7], "rotation": 90, "texture": "#0"},
				"down": {"uv": [8.75, 9, 8, 9.75], "rotation": 270, "texture": "#0"}
			}
		},
		{
			"from": [7.22514, 4.31271, 7.6],
			"to": [8.02514, 9.11271, 8.4],
			"rotation": {"angle": 0, "axis": "x", "origin": [7.62514, 7.36271, 8]},
			"faces": {
				"north": {"uv": [5, 5, 5.75, 9.75], "texture": "#0"},
				"east": {"uv": [4, 0, 4.75, 4.75], "texture": "#0"},
				"south": {"uv": [5, 0, 5.75, 4.75], "texture": "#0"},
				"west": {"uv": [4, 5, 4.75, 9.75], "texture": "#0"},
				"up": {"uv": [9.75, 8.75, 9, 8], "rotation": 90, "texture": "#0"},
				"down": {"uv": [9.75, 9, 9, 9.75], "rotation": 270, "texture": "#0"}
			}
		},
		{
			"from": [7.12514, 4.21271, 7.5],
			"to": [8.12514, 5.01271, 8.5],
			"rotation": {"angle": 0, "axis": "y", "origin": [7.62514, 6.06271, 8]},
			"faces": {
				"north": {"uv": [6, 9, 7, 9.75], "texture": "#0"},
				"east": {"uv": [9, 3, 10, 3.75], "texture": "#0"},
				"south": {"uv": [9, 4, 10, 4.75], "texture": "#0"},
				"west": {"uv": [9, 5, 10, 5.75], "texture": "#0"},
				"up": {"uv": [9, 9, 8, 8], "rotation": 90, "texture": "#0"},
				"down": {"uv": [10, 0, 9, 1], "rotation": 270, "texture": "#0"}
			}
		},
		{
			"from": [7.86439, 2.699, 7.6],
			"to": [8.66439, 4.599, 8.4],
			"rotation": {"angle": 22.5, "axis": "z", "origin": [8.26439, 2.849, 8]},
			"faces": {
				"north": {"uv": [7, 4, 7.75, 5.875], "texture": "#0"},
				"east": {"uv": [1, 7, 1.75, 8.875], "texture": "#0"},
				"south": {"uv": [2, 7, 2.75, 8.875], "texture": "#0"},
				"west": {"uv": [3, 7, 3.75, 8.875], "texture": "#0"},
				"up": {"uv": [10.75, 0.75, 10, 0], "rotation": 90, "texture": "#0"},
				"down": {"uv": [10.75, 1, 10, 1.75], "rotation": 270, "texture": "#0"}
			}
		},
		{
			"from": [8.60683, 1.71843, 7.7],
			"to": [9.20683, 3.11843, 8.3],
			"rotation": {"angle": 45, "axis": "z", "origin": [8.90683, 2.16843, 8]},
			"faces": {
				"north": {"uv": [3, 9, 3.625, 10.375], "texture": "#0"},
				"east": {"uv": [1, 9, 1.625, 10.375], "texture": "#0"},
				"south": {"uv": [9, 1, 9.625, 2.375], "texture": "#0"},
				"west": {"uv": [2, 9, 2.625, 10.375], "texture": "#0"},
				"up": {"uv": [5.625, 10.625, 5, 10], "rotation": 90, "texture": "#0"},
				"down": {"uv": [10.625, 5, 10, 5.625], "rotation": 270, "texture": "#0"}
			}
		},
		{
			"from": [7.1, 19.7, 7.2],
			"to": [11.1, 21.3, 8.8],
			"rotation": {"angle": 0, "axis": "y", "origin": [16.1, -6.7, 0]},
			"faces": {
				"north": {"uv": [3, 2, 7, 3.625], "texture": "#1"},
				"east": {"uv": [10, 7, 11.625, 8.625], "texture": "#1"},
				"south": {"uv": [3, 0, 7, 1.625], "texture": "#1"},
				"west": {"uv": [8, 10, 9.625, 11.625], "texture": "#1"},
				"up": {"uv": [4.625, 8, 3, 4], "rotation": 90, "texture": "#1"},
				"down": {"uv": [6.625, 4, 5, 8], "rotation": 270, "texture": "#1"}
			}
		},
		{
			"from": [3.7, 20.2, 7.5],
			"to": [7.1, 21.3, 8.5],
			"rotation": {"angle": 0, "axis": "y", "origin": [16.1, -6.7, 0]},
			"faces": {
				"north": {"uv": [7, 5, 10.375, 6.125], "texture": "#1"},
				"east": {"uv": [5, 11, 6, 12.125], "texture": "#1"},
				"south": {"uv": [7, 3, 10.375, 4.125], "texture": "#1"},
				"west": {"uv": [7, 11, 8, 12.125], "texture": "#1"},
				"up": {"uv": [8, 10.375, 7, 7], "rotation": 90, "texture": "#1"},
				"down": {"uv": [4, 8, 3, 11.375], "rotation": 270, "texture": "#1"}
			}
		},
		{
			"from": [0.3, 20.5, 7.6],
			"to": [3.7, 21.3, 8.4],
			"rotation": {"angle": 0, "axis": "y", "origin": [16.1, -6.7, 0]},
			"faces": {
				"north": {"uv": [10, 9, 13.375, 9.75], "texture": "#1"},
				"east": {"uv": [2, 11, 2.75, 11.75], "texture": "#1"},
				"south": {"uv": [10, 2, 13.375, 2.75], "texture": "#1"},
				"west": {"uv": [4, 11, 4.75, 11.75], "texture": "#1"},
				"up": {"uv": [6.75, 11.375, 6, 8], "rotation": 90, "texture": "#1"},
				"down": {"uv": [10.75, 10, 10, 13.375], "rotation": 270, "texture": "#1"}
			}
		},
		{
			"from": [11.1, 19.3, 6.8],
			"to": [12.2, 21.7, 9.2],
			"rotation": {"angle": 45, "axis": "x", "origin": [11.65, 20.5, 8]},
			"faces": {
				"north": {"uv": [11, 3, 12.125, 5.25], "texture": "#1"},
				"east": {"uv": [0, 6, 2.25, 8.25], "texture": "#1"},
				"south": {"uv": [0, 11, 1.125, 13.25], "texture": "#1"},
				"west": {"uv": [7, 0, 9.25, 2.25], "texture": "#1"},
				"up": {"uv": [13.25, 11.125, 11, 10], "rotation": 90, "texture": "#1"},
				"down": {"uv": [4.25, 12, 2, 13.125], "rotation": 270, "texture": "#1"}
			}
		},
		{
			"from": [12.2, 19, 6.5],
			"to": [13.3, 22, 9.5],
			"rotation": {"angle": 45, "axis": "x", "origin": [11.65, 20.5, 8]},
			"faces": {
				"north": {"uv": [8, 7, 9.125, 9.75], "texture": "#1"},
				"east": {"uv": [0, 0, 2.75, 2.75], "texture": "#1"},
				"south": {"uv": [4, 8, 5.125, 10.75], "texture": "#1"},
				"west": {"uv": [0, 3, 2.75, 5.75], "texture": "#1"},
				"up": {"uv": [2.75, 10.125, 0, 9], "rotation": 90, "texture": "#1"},
				"down": {"uv": [12.75, 0, 10, 1.125], "rotation": 270, "texture": "#1"}
			}
		}
	],
	"display": {
		"thirdperson_righthand": {
			"rotation": [0, 90, 0],
			"translation": [0, 0.5, 1.5],
			"scale": [1.65, 1.65, 1.65]
		},
		"thirdperson_lefthand": {
			"rotation": [0, -90, 0],
			"translation": [0, 0.5, 1.5],
			"scale": [1.65, 1.65, 1.65]
		},
		"firstperson_righthand": {
			"rotation": [0, 90, 0],
			"translation": [1.5, -1.25, 0],
			"scale": [1.65, 1.65, 1.65]
		},
		"firstperson_lefthand": {
			"rotation": [0, -90, 0],
			"translation": [1.5, -1.25, 0],
			"scale": [1.65, 1.65, 1.65]
		},
		"ground": {
			"translation": [0, 5.25, 0]
		},
		"gui": {
			"rotation": [0, 0, -38],
			"translation": [-3.25, -3.5, 0],
			"scale": [0.73, 0.73, 0.73]
		},
		"fixed": {
			"rotation": [0, 0, 47],
			"translation": [4.5, -4, 0]
		}
	},
	"groups": [
		{
			"name": "group",
			"origin": [8, 8, 8],
			"color": 0,
			"children": [0, 1, 2, 3, 4, 5, 6, 7]
		},
		{
			"name": "group",
			"origin": [8, 8, 8],
			"color": 0,
			"children": [8, 9, 10, 11, 12]
		}
	]
}