{
	"credit": "Made with Blockbench",
	"texture_size": [32, 32],
	"textures": {
		"0": "simplyswords:item/golden_scythe_handle",
		"1": "simplyswords:item/golden_scythe_blades",
		"particle": "simplyswords:item/golden_scythe_handle"
	},
	"elements": [
		{
			"from": [7.7, 0, 7.8],
			"to": [8.3, 12.5, 8.4],
			"faces": {
				"north": {"uv": [0, 0, 0.625, 12.5], "texture": "#0"},
				"east": {"uv": [1, 0, 1.625, 12.5], "texture": "#0"},
				"south": {"uv": [2, 0, 2.625, 12.5], "texture": "#0"},
				"west": {"uv": [3, 0, 3.625, 12.5], "texture": "#0"},
				"up": {"uv": [10.625, 6.625, 10, 6], "texture": "#0"},
				"down": {"uv": [10.625, 7, 10, 7.625], "texture": "#0"}
			}
		},
		{
			"from": [8.49602, 11.92175, 7.8],
			"to": [9.09602, 14.42175, 8.4],
			"rotation": {"angle": -45, "axis": "z", "origin": [8.79602, 13.17175, 8.1]},
			"faces": {
				"north": {"uv": [4, 9, 4.625, 11.5], "texture": "#0"},
				"east": {"uv": [5, 9, 5.625, 11.5], "texture": "#0"},
				"south": {"uv": [6, 9, 6.625, 11.5], "texture": "#0"},
				"west": {"uv": [7, 9, 7.625, 11.5], "texture": "#0"},
				"up": {"uv": [10.625, 8.625, 10, 8], "texture": "#0"},
				"down": {"uv": [10.625, 9, 10, 9.625], "texture": "#0"}
			}
		},
		{
			"from": [9.29203, 13.8435, 7.8],
			"to": [9.89203, 16.3435, 8.4],
			"rotation": {"angle": 0, "axis": "y", "origin": [9.59203, 15.0935, 8.1]},
			"faces": {
				"north": {"uv": [8, 9, 8.625, 11.5], "texture": "#0"},
				"east": {"uv": [9, 9, 9.625, 11.5], "texture": "#0"},
				"south": {"uv": [10, 0, 10.625, 2.5], "texture": "#0"},
				"west": {"uv": [10, 3, 10.625, 5.5], "texture": "#0"},
				"up": {"uv": [10.625, 10.625, 10, 10], "texture": "#0"},
				"down": {"uv": [11.625, 0, 11, 0.625], "texture": "#0"}
			}
		},
		{
			"from": [8.29203, 16.3435, 6.8],
			"to": [10.89203, 18.8435, 9.4],
			"rotation": {"angle": 0, "axis": "y", "origin": [9.59203, 15.0935, 8.1]},
			"faces": {
				"north": {"uv": [4, 0, 6.375, 2.375], "texture": "#0"},
				"east": {"uv": [4, 3, 6.375, 5.375], "texture": "#0"},
				"south": {"uv": [4, 6, 6.375, 8.375], "texture": "#0"},
				"west": {"uv": [7, 0, 9.375, 2.375], "texture": "#0"},
				"up": {"uv": [9.375, 5.375, 7, 3], "texture": "#0"},
				"down": {"uv": [9.375, 6, 7, 8.375], "texture": "#0"}
			}
		},
		{
			"from": [0.89203, 16.7435, 7.9],
			"to": [8.39203, 18.3435, 8.3],
			"rotation": {"angle": 0, "axis": "y", "origin": [9.59203, 15.0935, 8.1]},
			"faces": {
				"north": {"uv": [0, 0, 3.75, 0.8125], "texture": "#1"},
				"east": {"uv": [1.5, 7.5, 1.6875, 8.3125], "texture": "#1"},
				"south": {"uv": [0, 1, 3.75, 1.8125], "texture": "#1"},
				"west": {"uv": [7.5, 1.5, 7.6875, 2.3125], "texture": "#1"},
				"up": {"uv": [7.25, 2.1875, 3.5, 2], "texture": "#1"},
				"down": {"uv": [7.25, 2.5, 3.5, 2.6875], "texture": "#1"}
			}
		},
		{
			"from": [-2.40797, 15.5435, 7.9],
			"to": [-1.70797, 16.0435, 8.3],
			"rotation": {"angle": 0, "axis": "y", "origin": [9.59203, 15.0935, 8.1]},
			"faces": {
				"north": {"uv": [8, 3.5, 8.375, 3.75], "texture": "#1"},
				"east": {"uv": [6.5, 8.5, 6.6875, 8.75], "texture": "#1"},
				"south": {"uv": [4, 8, 4.375, 8.25], "texture": "#1"},
				"west": {"uv": [8.5, 6.5, 8.6875, 6.75], "texture": "#1"},
				"up": {"uv": [3.875, 8.6875, 3.5, 8.5], "texture": "#1"},
				"down": {"uv": [8.875, 3.5, 8.5, 3.6875], "texture": "#1"}
			}
		},
		{
			"from": [-1.70797, 15.7435, 7.9],
			"to": [-1.00797, 16.7435, 8.3],
			"rotation": {"angle": 0, "axis": "y", "origin": [9.59203, 15.0935, 8.1]},
			"faces": {
				"north": {"uv": [1.5, 7, 1.875, 7.5], "texture": "#1"},
				"east": {"uv": [8, 4, 8.1875, 4.5], "texture": "#1"},
				"south": {"uv": [3.5, 7, 3.875, 7.5], "texture": "#1"},
				"west": {"uv": [8, 4.5, 8.1875, 5], "texture": "#1"},
				"up": {"uv": [4.375, 8.6875, 4, 8.5], "texture": "#1"},
				"down": {"uv": [8.875, 4, 8.5, 4.1875], "texture": "#1"}
			}
		},
		{
			"from": [-1.00797, 16.1435, 7.9],
			"to": [-0.20797, 17.4435, 8.3],
			"rotation": {"angle": 0, "axis": "y", "origin": [9.59203, 15.0935, 8.1]},
			"faces": {
				"north": {"uv": [2, 6.5, 2.375, 7.125], "texture": "#1"},
				"east": {"uv": [5.5, 7.5, 5.6875, 8.125], "texture": "#1"},
				"south": {"uv": [2.5, 6.5, 2.875, 7.125], "texture": "#1"},
				"west": {"uv": [6, 7.5, 6.1875, 8.125], "texture": "#1"},
				"up": {"uv": [4.875, 8.6875, 4.5, 8.5], "texture": "#1"},
				"down": {"uv": [8.875, 4.5, 8.5, 4.6875], "texture": "#1"}
			}
		},
		{
			"from": [-0.20797, 16.5435, 7.9],
			"to": [0.89203, 17.8435, 8.3],
			"rotation": {"angle": 0, "axis": "y", "origin": [9.59203, 15.0935, 8.1]},
			"faces": {
				"north": {"uv": [0, 6, 0.5625, 6.625], "texture": "#1"},
				"east": {"uv": [6.5, 7.5, 6.6875, 8.125], "texture": "#1"},
				"south": {"uv": [1, 6, 1.5625, 6.625], "texture": "#1"},
				"west": {"uv": [7, 7.5, 7.1875, 8.125], "texture": "#1"},
				"up": {"uv": [3.5625, 8.1875, 3, 8], "texture": "#1"},
				"down": {"uv": [8.5625, 3, 8, 3.1875], "texture": "#1"}
			}
		},
		{
			"from": [14.30797, 15.5435, 7.9],
			"to": [14.90797, 16.4435, 8.3],
			"rotation": {"angle": 0, "axis": "y", "origin": [6.40797, 15.0935, 8.1]},
			"faces": {
				"north": {"uv": [7.5, 3, 7.8125, 3.4375], "texture": "#1"},
				"east": {"uv": [2.5, 8.5, 2.6875, 8.9375], "texture": "#1"},
				"south": {"uv": [7.5, 3.5, 7.8125, 3.9375], "texture": "#1"},
				"west": {"uv": [3, 8.5, 3.1875, 8.9375], "texture": "#1"},
				"up": {"uv": [5.3125, 8.6875, 5, 8.5], "texture": "#1"},
				"down": {"uv": [8.8125, 5, 8.5, 5.1875], "texture": "#1"}
			}
		},
		{
			"from": [13.70797, 15.7435, 7.9],
			"to": [14.30797, 16.9435, 8.3],
			"rotation": {"angle": 0, "axis": "y", "origin": [6.40797, 15.0935, 8.1]},
			"faces": {
				"north": {"uv": [3, 6.5, 3.3125, 7.125], "texture": "#1"},
				"east": {"uv": [7.5, 7.5, 7.6875, 8.125], "texture": "#1"},
				"south": {"uv": [0, 7, 0.3125, 7.625], "texture": "#1"},
				"west": {"uv": [0, 8, 0.1875, 8.625], "texture": "#1"},
				"up": {"uv": [5.8125, 8.6875, 5.5, 8.5], "texture": "#1"},
				"down": {"uv": [8.8125, 5.5, 8.5, 5.6875], "texture": "#1"}
			}
		},
		{
			"from": [13.10797, 16.2435, 7.9],
			"to": [13.70797, 17.4435, 8.3],
			"rotation": {"angle": 0, "axis": "y", "origin": [6.40797, 15.0935, 8.1]},
			"faces": {
				"north": {"uv": [0.5, 7, 0.8125, 7.625], "texture": "#1"},
				"east": {"uv": [0.5, 8, 0.6875, 8.625], "texture": "#1"},
				"south": {"uv": [1, 7, 1.3125, 7.625], "texture": "#1"},
				"west": {"uv": [1, 8, 1.1875, 8.625], "texture": "#1"},
				"up": {"uv": [6.3125, 8.6875, 6, 8.5], "texture": "#1"},
				"down": {"uv": [8.8125, 6, 8.5, 6.1875], "texture": "#1"}
			}
		},
		{
			"from": [12.10797, 16.4435, 7.9],
			"to": [13.10797, 17.8435, 8.3],
			"rotation": {"angle": 0, "axis": "y", "origin": [6.40797, 15.0935, 8.1]},
			"faces": {
				"north": {"uv": [6, 3, 6.5, 3.6875], "texture": "#1"},
				"east": {"uv": [4.5, 7.5, 4.6875, 8.1875], "texture": "#1"},
				"south": {"uv": [3.5, 6, 4, 6.6875], "texture": "#1"},
				"west": {"uv": [5, 7.5, 5.1875, 8.1875], "texture": "#1"},
				"up": {"uv": [8.5, 6.6875, 8, 6.5], "texture": "#1"},
				"down": {"uv": [8.5, 7.5, 8, 7.6875], "texture": "#1"}
			}
		},
		{
			"from": [10.80797, 16.7435, 7.9],
			"to": [12.10797, 18.2435, 8.3],
			"rotation": {"angle": 0, "axis": "y", "origin": [6.40797, 15.0935, 8.1]},
			"faces": {
				"north": {"uv": [0, 5, 0.625, 5.75], "texture": "#1"},
				"east": {"uv": [2, 7.5, 2.1875, 8.25], "texture": "#1"},
				"south": {"uv": [1, 5, 1.625, 5.75], "texture": "#1"},
				"west": {"uv": [2.5, 7.5, 2.6875, 8.25], "texture": "#1"},
				"up": {"uv": [8.625, 1.6875, 8, 1.5], "texture": "#1"},
				"down": {"uv": [8.625, 2, 8, 2.1875], "texture": "#1"}
			}
		},
		{
			"from": [1.59203, 18.1435, 8],
			"to": [8.39203, 18.7435, 8.2],
			"rotation": {"angle": 0, "axis": "y", "origin": [9.59203, 15.0935, 8.1]},
			"faces": {
				"north": {"uv": [0, 2, 3.375, 2.3125], "texture": "#1"},
				"east": {"uv": [7, 8.5, 7.125, 8.8125], "texture": "#1"},
				"south": {"uv": [0, 2.5, 3.375, 2.8125], "texture": "#1"},
				"west": {"uv": [8.5, 7, 8.625, 7.3125], "texture": "#1"},
				"up": {"uv": [7.875, 4.125, 4.5, 4], "texture": "#1"},
				"down": {"uv": [5.375, 5, 2, 5.125], "texture": "#1"}
			}
		},
		{
			"from": [-0.79421, 17.66885, 8],
			"to": [1.80579, 18.26885, 8.2],
			"rotation": {"angle": 22.5, "axis": "z", "origin": [0.50579, 17.96885, 8.1]},
			"faces": {
				"north": {"uv": [2, 5.5, 3.3125, 5.8125], "texture": "#1"},
				"east": {"uv": [7.5, 8.5, 7.625, 8.8125], "texture": "#1"},
				"south": {"uv": [3.5, 5.5, 4.8125, 5.8125], "texture": "#1"},
				"west": {"uv": [8.5, 7.5, 8.625, 7.8125], "texture": "#1"},
				"up": {"uv": [5.3125, 7.125, 4, 7], "texture": "#1"},
				"down": {"uv": [8.3125, 5, 7, 5.125], "texture": "#1"}
			}
		},
		{
			"from": [0.78014, 16.35746, 8],
			"to": [8.48014, 16.75746, 8.2],
			"rotation": {"angle": 0, "axis": "y", "origin": [2.08014, 16.65746, 8.1]},
			"faces": {
				"north": {"uv": [0, 3, 3.875, 3.1875], "texture": "#1"},
				"east": {"uv": [3, 9, 3.125, 9.1875], "texture": "#1"},
				"south": {"uv": [0, 3.5, 3.875, 3.6875], "texture": "#1"},
				"west": {"uv": [9, 3, 9.125, 3.1875], "texture": "#1"},
				"up": {"uv": [3.875, 4.625, 0, 4.5], "texture": "#1"},
				"down": {"uv": [7.875, 4.5, 4, 4.625], "texture": "#1"}
			}
		},
		{
			"from": [-3.58536, 15.99896, 8],
			"to": [-0.08536, 16.59896, 8.2],
			"rotation": {"angle": 45, "axis": "z", "origin": [-1.83536, 16.29896, 8.1]},
			"faces": {
				"north": {"uv": [4, 1.5, 5.75, 1.8125], "texture": "#1"},
				"east": {"uv": [8, 8.5, 8.125, 8.8125], "texture": "#1"},
				"south": {"uv": [2.5, 4, 4.25, 4.3125], "texture": "#1"},
				"west": {"uv": [8.5, 8.5, 8.625, 8.8125], "texture": "#1"},
				"up": {"uv": [5.75, 6.625, 4, 6.5], "texture": "#1"},
				"down": {"uv": [8.25, 5.5, 6.5, 5.625], "texture": "#1"}
			}
		},
		{
			"from": [-3.30334, 15.36618, 8],
			"to": [1.09666, 15.96618, 8.2],
			"rotation": {"angle": 22.5, "axis": "z", "origin": [-1.55334, 15.66618, 8.1]},
			"faces": {
				"north": {"uv": [0, 4, 2.1875, 4.3125], "texture": "#1"},
				"east": {"uv": [0, 9, 0.125, 9.3125], "texture": "#1"},
				"south": {"uv": [4, 0, 6.1875, 0.3125], "texture": "#1"},
				"west": {"uv": [9, 0, 9.125, 0.3125], "texture": "#1"},
				"up": {"uv": [6.1875, 6.125, 4, 6], "texture": "#1"},
				"down": {"uv": [8.6875, 0, 6.5, 0.125], "texture": "#1"}
			}
		},
		{
			"from": [9.81986, 16.35746, 8],
			"to": [12.11986, 16.95746, 8.2],
			"rotation": {"angle": 0, "axis": "y", "origin": [13.91986, 16.65746, 8.1]},
			"faces": {
				"north": {"uv": [6, 1.5, 7.125, 1.8125], "texture": "#1"},
				"east": {"uv": [0.5, 9, 0.625, 9.3125], "texture": "#1"},
				"south": {"uv": [2, 6, 3.125, 6.3125], "texture": "#1"},
				"west": {"uv": [9, 0.5, 9.125, 0.8125], "texture": "#1"},
				"up": {"uv": [8.625, 2.625, 7.5, 2.5], "texture": "#1"},
				"down": {"uv": [4.125, 7.5, 3, 7.625], "texture": "#1"}
			}
		},
		{
			"from": [9.80797, 18.1435, 8],
			"to": [11.30797, 18.7435, 8.2],
			"rotation": {"angle": 0, "axis": "y", "origin": [6.40797, 15.0935, 8.1]},
			"faces": {
				"north": {"uv": [6.5, 3, 7.25, 3.3125], "texture": "#1"},
				"east": {"uv": [1, 9, 1.125, 9.3125], "texture": "#1"},
				"south": {"uv": [6.5, 3.5, 7.25, 3.8125], "texture": "#1"},
				"west": {"uv": [9, 1, 9.125, 1.3125], "texture": "#1"},
				"up": {"uv": [8.75, 8.125, 8, 8], "texture": "#1"},
				"down": {"uv": [2.25, 8.5, 1.5, 8.625], "texture": "#1"}
			}
		},
		{
			"from": [11.09421, 17.66885, 8],
			"to": [13.69421, 18.26885, 8.2],
			"rotation": {"angle": -22.5, "axis": "z", "origin": [12.39421, 17.96885, 8.1]},
			"faces": {
				"north": {"uv": [5, 5.5, 6.3125, 5.8125], "texture": "#1"},
				"east": {"uv": [1.5, 9, 1.625, 9.3125], "texture": "#1"},
				"south": {"uv": [5.5, 5, 6.8125, 5.3125], "texture": "#1"},
				"west": {"uv": [9, 1.5, 9.125, 1.8125], "texture": "#1"},
				"up": {"uv": [6.8125, 7.125, 5.5, 7], "texture": "#1"},
				"down": {"uv": [8.3125, 7, 7, 7.125], "texture": "#1"}
			}
		},
		{
			"from": [12.98536, 15.99896, 8],
			"to": [16.48536, 16.59896, 8.2],
			"rotation": {"angle": -45, "axis": "z", "origin": [14.73536, 16.29896, 8.1]},
			"faces": {
				"north": {"uv": [4, 3, 5.75, 3.3125], "texture": "#1"},
				"east": {"uv": [2, 9, 2.125, 9.3125], "texture": "#1"},
				"south": {"uv": [4, 3.5, 5.75, 3.8125], "texture": "#1"},
				"west": {"uv": [9, 2, 9.125, 2.3125], "texture": "#1"},
				"up": {"uv": [7.75, 6.625, 6, 6.5], "texture": "#1"},
				"down": {"uv": [8.25, 6, 6.5, 6.125], "texture": "#1"}
			}
		},
		{
			"from": [11.80334, 15.36618, 8],
			"to": [16.20334, 15.96618, 8.2],
			"rotation": {"angle": -22.5, "axis": "z", "origin": [14.45334, 15.66618, 8.1]},
			"faces": {
				"north": {"uv": [4, 0.5, 6.1875, 0.8125], "texture": "#1"},
				"east": {"uv": [2.5, 9, 2.625, 9.3125], "texture": "#1"},
				"south": {"uv": [4, 1, 6.1875, 1.3125], "texture": "#1"},
				"west": {"uv": [9, 2.5, 9.125, 2.8125], "texture": "#1"},
				"up": {"uv": [8.6875, 0.625, 6.5, 0.5], "texture": "#1"},
				"down": {"uv": [8.6875, 1, 6.5, 1.125], "texture": "#1"}
			}
		}
	],
	"display": {
		"thirdperson_righthand": {
			"rotation": [0, -90, 0],
			"translation": [0, 0.75, 1],
			"scale": [1.6, 1.6, 1.6]
		},
		"thirdperson_lefthand": {
			"rotation": [0, 90, 0],
			"translation": [0, 0.75, 1],
			"scale": [1.6, 1.6, 1.6]
		},
		"firstperson_righthand": {
			"rotation": [0, -90, 18],
			"translation": [0, 4.25, 2.75],
			"scale": [1.6, 1.6, 1.6]
		},
		"firstperson_lefthand": {
			"rotation": [0, 90, -18],
			"translation": [0, 4.25, 2.75],
			"scale": [1.6, 1.6, 1.6]
		},
		"ground": {
			"translation": [0, 5.25, 0]
		},
		"gui": {
			"rotation": [0, 139, 44],
			"translation": [-2, -1.75, 0],
			"scale": [0.83, 0.83, 0.83]
		},
		"fixed": {
			"rotation": [0, 0, 43],
			"translation": [0, -1.75, -1],
			"scale": [1.77, 1.77, 1.77]
		}
	},
	"groups": [
		{
			"name": "group",
			"origin": [8, 8, 8],
			"color": 0,
			"children": [0, 1, 2, 3]
		},
		{
			"name": "group",
			"origin": [8, 8, 8],
			"color": 0,
			"children": [4, 5, 6, 7, 8, 9, 10, 11, 12, 13, 14, 15, 16, 17, 18, 19, 20, 21, 22, 23]
		}
	]
}