{
	"credit": "Made with Blockbench",
	"texture_size": [32, 32],
	"textures": {
		"0": "simplyswords:item/weathered_straightsword_hilt",
		"1": "simplyswords:item/weathered_straightsword_blade",
		"particle": "simplyswords:item/weathered_straightsword_hilt"
	},
	"elements": [
		{
			"from": [7.55, 30.62782, 7.9],
			"to": [8.45, 31.52782, 8.1],
			"rotation": {"angle": 45, "axis": "z", "origin": [8, 31.07782, 8]},
			"faces": {
				"north": {"uv": [8, 6, 8.4375, 6.4375], "texture": "#1"},
				"east": {"uv": [1, 9, 1.125, 9.4375], "texture": "#1"},
				"south": {"uv": [8, 6.5, 8.4375, 6.9375], "texture": "#1"},
				"west": {"uv": [9, 1, 9.125, 1.4375], "texture": "#1"},
				"up": {"uv": [9.4375, 1.625, 9, 1.5], "texture": "#1"},
				"down": {"uv": [9.4375, 2, 9, 2.125], "texture": "#1"}
			}
		},
		{
			"from": [6.25, 13.52782, 7.8],
			"to": [9.75, 14.42782, 8.2],
			"rotation": {"angle": 0, "axis": "z", "origin": [8, 31.07782, 8]},
			"faces": {
				"north": {"uv": [3, 7, 4.75, 7.4375], "texture": "#1"},
				"east": {"uv": [8, 8.5, 8.1875, 8.9375], "texture": "#1"},
				"south": {"uv": [5, 7, 6.75, 7.4375], "texture": "#1"},
				"west": {"uv": [8.5, 8.5, 8.6875, 8.9375], "texture": "#1"},
				"up": {"uv": [9.25, 3.1875, 7.5, 3], "texture": "#1"},
				"down": {"uv": [9.25, 3.5, 7.5, 3.6875], "texture": "#1"}
			}
		},
		{
			"from": [6.45, 14.42782, 7.8],
			"to": [9.55, 27.92782, 8.2],
			"rotation": {"angle": 0, "axis": "y", "origin": [8, 31.07782, 8]},
			"faces": {
				"north": {"uv": [0, 0, 1.5625, 6.75], "texture": "#1"},
				"east": {"uv": [6, 0, 6.1875, 6.75], "texture": "#1"},
				"south": {"uv": [2, 0, 3.5625, 6.75], "texture": "#1"},
				"west": {"uv": [6.5, 0, 6.6875, 6.75], "texture": "#1"},
				"up": {"uv": [9.0625, 5.1875, 7.5, 5], "texture": "#1"},
				"down": {"uv": [9.0625, 5.5, 7.5, 5.6875], "texture": "#1"}
			}
		},
		{
			"from": [6.95, 27.92782, 7.8],
			"to": [9.05, 29.12782, 8.2],
			"rotation": {"angle": 0, "axis": "y", "origin": [8, 31.07782, 8]},
			"faces": {
				"north": {"uv": [7.5, 0, 8.5625, 0.625], "texture": "#1"},
				"east": {"uv": [8, 7.5, 8.1875, 8.125], "texture": "#1"},
				"south": {"uv": [7.5, 1, 8.5625, 1.625], "texture": "#1"},
				"west": {"uv": [8.5, 2, 8.6875, 2.625], "texture": "#1"},
				"up": {"uv": [9.0625, 4.1875, 8, 4], "texture": "#1"},
				"down": {"uv": [9.0625, 4.5, 8, 4.6875], "texture": "#1"}
			}
		},
		{
			"from": [7.35, 29.12782, 7.8],
			"to": [8.65, 30.32782, 8.2],
			"rotation": {"angle": 0, "axis": "y", "origin": [8, 31.07782, 8]},
			"faces": {
				"north": {"uv": [7.5, 2, 8.125, 2.625], "texture": "#1"},
				"east": {"uv": [3, 8.5, 3.1875, 9.125], "texture": "#1"},
				"south": {"uv": [3, 7.5, 3.625, 8.125], "texture": "#1"},
				"west": {"uv": [3.5, 8.5, 3.6875, 9.125], "texture": "#1"},
				"up": {"uv": [4.625, 8.6875, 4, 8.5], "texture": "#1"},
				"down": {"uv": [9.125, 6, 8.5, 6.1875], "texture": "#1"}
			}
		},
		{
			"from": [7.65, 30.32782, 7.8],
			"to": [8.35, 31.12782, 8.2],
			"rotation": {"angle": 0, "axis": "y", "origin": [8, 31.07782, 8]},
			"faces": {
				"north": {"uv": [8, 7, 8.375, 7.375], "texture": "#1"},
				"east": {"uv": [0, 9, 0.1875, 9.375], "texture": "#1"},
				"south": {"uv": [7.5, 8, 7.875, 8.375], "texture": "#1"},
				"west": {"uv": [9, 0, 9.1875, 0.375], "texture": "#1"},
				"up": {"uv": [0.875, 9.1875, 0.5, 9], "texture": "#1"},
				"down": {"uv": [9.375, 0.5, 9, 0.6875], "texture": "#1"}
			}
		},
		{
			"from": [7.94286, 27.03986, 7.9],
			"to": [8.84286, 30.93986, 8.1],
			"rotation": {"angle": 22.5, "axis": "z", "origin": [8.39286, 30.48986, 8]},
			"faces": {
				"north": {"uv": [0, 7, 0.4375, 8.9375], "texture": "#1"},
				"east": {"uv": [5.5, 7.5, 5.625, 9.4375], "texture": "#1"},
				"south": {"uv": [7, 0, 7.4375, 1.9375], "texture": "#1"},
				"west": {"uv": [6, 7.5, 6.125, 9.4375], "texture": "#1"},
				"up": {"uv": [9.4375, 2.625, 9, 2.5], "texture": "#1"},
				"down": {"uv": [4.4375, 9, 4, 9.125], "texture": "#1"}
			}
		},
		{
			"from": [9.36681, 12.88115, 7.9],
			"to": [10.26681, 14.38115, 8.1],
			"rotation": {"angle": 22.5, "axis": "z", "origin": [9.81681, 13.93115, 8]},
			"faces": {
				"north": {"uv": [4, 7.5, 4.4375, 8.25], "texture": "#1"},
				"east": {"uv": [5, 8.5, 5.125, 9.25], "texture": "#1"},
				"south": {"uv": [7.5, 4, 7.9375, 4.75], "texture": "#1"},
				"west": {"uv": [8.5, 6.5, 8.625, 7.25], "texture": "#1"},
				"up": {"uv": [4.9375, 9.125, 4.5, 9], "texture": "#1"},
				"down": {"uv": [9.4375, 6.5, 9, 6.625], "texture": "#1"}
			}
		},
		{
			"from": [9.22886, 14.17469, 7.9],
			"to": [10.12886, 27.47469, 8.1],
			"rotation": {"angle": 0, "axis": "z", "origin": [9.67886, 25.52469, 8]},
			"faces": {
				"north": {"uv": [4, 0, 4.4375, 6.625], "texture": "#1"},
				"east": {"uv": [1.5, 7, 1.625, 13.625], "texture": "#1"},
				"south": {"uv": [4.5, 0, 4.9375, 6.625], "texture": "#1"},
				"west": {"uv": [2, 7, 2.125, 13.625], "texture": "#1"},
				"up": {"uv": [7.4375, 9.125, 7, 9], "texture": "#1"},
				"down": {"uv": [9.4375, 7, 9, 7.125], "texture": "#1"}
			}
		},
		{
			"from": [7.15714, 27.03986, 7.9],
			"to": [8.05714, 30.93986, 8.1],
			"rotation": {"angle": -22.5, "axis": "z", "origin": [7.60714, 30.48986, 8]},
			"faces": {
				"north": {"uv": [0.5, 7, 0.9375, 8.9375], "texture": "#1"},
				"east": {"uv": [7.5, 6, 7.625, 7.9375], "texture": "#1"},
				"south": {"uv": [1, 7, 1.4375, 8.9375], "texture": "#1"},
				"west": {"uv": [6.5, 7.5, 6.625, 9.4375], "texture": "#1"},
				"up": {"uv": [9.4375, 7.625, 9, 7.5], "texture": "#1"},
				"down": {"uv": [8.4375, 9, 8, 9.125], "texture": "#1"}
			}
		},
		{
			"from": [5.87114, 14.17469, 7.9],
			"to": [6.77114, 27.47469, 8.1],
			"rotation": {"angle": 0, "axis": "z", "origin": [6.32114, 25.52469, 8]},
			"faces": {
				"north": {"uv": [5, 0, 5.4375, 6.625], "texture": "#1"},
				"east": {"uv": [7, 2, 7.125, 8.625], "texture": "#1"},
				"south": {"uv": [5.5, 0, 5.9375, 6.625], "texture": "#1"},
				"west": {"uv": [2.5, 7, 2.625, 13.625], "texture": "#1"},
				"up": {"uv": [9.4375, 8.125, 9, 8], "texture": "#1"},
				"down": {"uv": [8.9375, 9, 8.5, 9.125], "texture": "#1"}
			}
		},
		{
			"from": [5.73319, 12.88115, 7.9],
			"to": [6.63319, 14.38115, 8.1],
			"rotation": {"angle": -22.5, "axis": "z", "origin": [6.18319, 13.93115, 8]},
			"faces": {
				"north": {"uv": [4.5, 7.5, 4.9375, 8.25], "texture": "#1"},
				"east": {"uv": [7.5, 8.5, 7.625, 9.25], "texture": "#1"},
				"south": {"uv": [5, 7.5, 5.4375, 8.25], "texture": "#1"},
				"west": {"uv": [8.5, 7.5, 8.625, 8.25], "texture": "#1"},
				"up": {"uv": [9.4375, 8.625, 9, 8.5], "texture": "#1"},
				"down": {"uv": [9.4375, 9, 9, 9.125], "texture": "#1"}
			}
		},
		{
			"from": [4.75, 12.62782, 7.3],
			"to": [11.25, 13.52782, 8.7],
			"rotation": {"angle": 0, "axis": "z", "origin": [8, 31.07782, 8]},
			"faces": {
				"north": {"uv": [3, 2, 6.25, 2.4375], "texture": "#0"},
				"east": {"uv": [1, 7.5, 1.6875, 7.9375], "texture": "#0"},
				"south": {"uv": [3, 2.5, 6.25, 2.9375], "texture": "#0"},
				"west": {"uv": [2, 7.5, 2.6875, 7.9375], "texture": "#0"},
				"up": {"uv": [3.25, 0.6875, 0, 0], "texture": "#0"},
				"down": {"uv": [3.25, 1, 0, 1.6875], "texture": "#0"}
			}
		},
		{
			"from": [5.05, 11.72782, 7.4],
			"to": [10.95, 12.62782, 8.6],
			"rotation": {"angle": 0, "axis": "y", "origin": [8, 31.07782, 8]},
			"faces": {
				"north": {"uv": [3.5, 0.5, 6.4375, 0.9375], "texture": "#0"},
				"east": {"uv": [7.5, 3, 8.125, 3.4375], "texture": "#0"},
				"south": {"uv": [3.5, 1, 6.4375, 1.4375], "texture": "#0"},
				"west": {"uv": [4, 7.5, 4.625, 7.9375], "texture": "#0"},
				"up": {"uv": [2.9375, 2.625, 0, 2], "texture": "#0"},
				"down": {"uv": [2.9375, 3, 0, 3.625], "texture": "#0"}
			}
		},
		{
			"from": [10.55324, 12.92248, 7.7],
			"to": [12.65324, 13.62248, 8.3],
			"rotation": {"angle": 22.5, "axis": "z", "origin": [13.50324, 13.27248, 8]},
			"faces": {
				"north": {"uv": [6, 3, 7.0625, 3.375], "texture": "#0"},
				"east": {"uv": [7.5, 5.5, 7.8125, 5.875], "texture": "#0"},
				"south": {"uv": [6.5, 1, 7.5625, 1.375], "texture": "#0"},
				"west": {"uv": [6, 7.5, 6.3125, 7.875], "texture": "#0"},
				"up": {"uv": [3.5625, 7.3125, 2.5, 7], "texture": "#0"},
				"down": {"uv": [8.0625, 3.5, 7, 3.8125], "texture": "#0"}
			}
		},
		{
			"from": [12.26441, 13.14211, 7.5],
			"to": [13.76441, 14.04211, 8.5],
			"rotation": {"angle": 45, "axis": "z", "origin": [13.31441, 13.59211, 8]},
			"faces": {
				"north": {"uv": [7, 7, 7.75, 7.4375], "texture": "#0"},
				"east": {"uv": [1.5, 6.5, 2, 6.9375], "texture": "#0"},
				"south": {"uv": [0, 7.5, 0.75, 7.9375], "texture": "#0"},
				"west": {"uv": [7.5, 4, 8, 4.4375], "texture": "#0"},
				"up": {"uv": [7.25, 3, 6.5, 2.5], "texture": "#0"},
				"down": {"uv": [7.25, 6, 6.5, 6.5], "texture": "#0"}
			}
		},
		{
			"from": [3.34676, 12.92248, 7.7],
			"to": [5.44676, 13.62248, 8.3],
			"rotation": {"angle": -22.5, "axis": "z", "origin": [2.49676, 13.27248, 8]},
			"faces": {
				"north": {"uv": [6.5, 1.5, 7.5625, 1.875], "texture": "#0"},
				"east": {"uv": [7.5, 6, 7.8125, 6.375], "texture": "#0"},
				"south": {"uv": [6.5, 2, 7.5625, 2.375], "texture": "#0"},
				"west": {"uv": [6.5, 7.5, 6.8125, 7.875], "texture": "#0"},
				"up": {"uv": [5.0625, 7.3125, 4, 7], "texture": "#0"},
				"down": {"uv": [6.5625, 7, 5.5, 7.3125], "texture": "#0"}
			}
		},
		{
			"from": [2.23559, 13.14211, 7.5],
			"to": [3.73559, 14.04211, 8.5],
			"rotation": {"angle": -45, "axis": "z", "origin": [2.68559, 13.59211, 8]},
			"faces": {
				"north": {"uv": [7.5, 0, 8.25, 0.4375], "texture": "#0"},
				"east": {"uv": [7.5, 4.5, 8, 4.9375], "texture": "#0"},
				"south": {"uv": [7.5, 0.5, 8.25, 0.9375], "texture": "#0"},
				"west": {"uv": [5, 7.5, 5.5, 7.9375], "texture": "#0"},
				"up": {"uv": [7.25, 7, 6.5, 6.5], "texture": "#0"},
				"down": {"uv": [2.25, 7, 1.5, 7.5], "texture": "#0"}
			}
		},
		{
			"from": [5.35, 10.82782, 7.5],
			"to": [10.65, 11.72782, 8.5],
			"rotation": {"angle": 0, "axis": "y", "origin": [8, 31.07782, 8]},
			"faces": {
				"north": {"uv": [3.5, 1.5, 6.125, 1.9375], "texture": "#0"},
				"east": {"uv": [7.5, 5, 8, 5.4375], "texture": "#0"},
				"south": {"uv": [4, 3.5, 6.625, 3.9375], "texture": "#0"},
				"west": {"uv": [5.5, 7.5, 6, 7.9375], "texture": "#0"},
				"up": {"uv": [5.625, 3.5, 3, 3], "texture": "#0"},
				"down": {"uv": [6.125, 0, 3.5, 0.5], "texture": "#0"}
			}
		},
		{
			"from": [7.45, 6.32782, 7.5],
			"to": [8.55, 10.82782, 8.5],
			"rotation": {"angle": 0, "axis": "y", "origin": [8, 31.07782, 8]},
			"faces": {
				"north": {"uv": [3, 3.5, 3.5625, 5.75], "texture": "#0"},
				"east": {"uv": [1, 4, 1.5, 6.25], "texture": "#0"},
				"south": {"uv": [0, 4, 0.5625, 6.25], "texture": "#0"},
				"west": {"uv": [1.5, 4, 2, 6.25], "texture": "#0"},
				"up": {"uv": [8.0625, 3, 7.5, 2.5], "texture": "#0"},
				"down": {"uv": [3.5625, 7.5, 3, 8], "texture": "#0"}
			}
		},
		{
			"from": [7.35, 4.22782, 7.4],
			"to": [8.65, 6.32782, 8.6],
			"rotation": {"angle": 0, "axis": "y", "origin": [8, 31.07782, 8]},
			"faces": {
				"north": {"uv": [2, 4, 2.625, 5.0625], "texture": "#0"},
				"east": {"uv": [2, 5.5, 2.625, 6.5625], "texture": "#0"},
				"south": {"uv": [5.5, 4, 6.125, 5.0625], "texture": "#0"},
				"west": {"uv": [5.5, 5.5, 6.125, 6.5625], "texture": "#0"},
				"up": {"uv": [7.125, 4.625, 6.5, 4], "texture": "#0"},
				"down": {"uv": [7.125, 5, 6.5, 5.625], "texture": "#0"}
			}
		},
		{
			"from": [6.85, 3.12782, 7.2],
			"to": [9.15, 4.22782, 8.8],
			"rotation": {"angle": 0, "axis": "y", "origin": [8, 31.07782, 8]},
			"faces": {
				"north": {"uv": [3, 6, 4.125, 6.5625], "texture": "#0"},
				"east": {"uv": [4.5, 6, 5.3125, 6.5625], "texture": "#0"},
				"south": {"uv": [0, 6.5, 1.125, 7.0625], "texture": "#0"},
				"west": {"uv": [6.5, 0, 7.3125, 0.5625], "texture": "#0"},
				"up": {"uv": [5.125, 4.8125, 4, 4], "texture": "#0"},
				"down": {"uv": [5.125, 5, 4, 5.8125], "texture": "#0"}
			}
		}
	],
	"display": {
		"thirdperson_righthand": {
			"rotation": [0, -90, 0],
			"translation": [0, -1.75, 1.25],
			"scale": [0.75, 0.75, 0.75]
		},
		"thirdperson_lefthand": {
			"rotation": [0, -90, 0],
			"translation": [0, -1.75, 1.25],
			"scale": [0.75, 0.751, 0.75]
		},
		"firstperson_righthand": {
			"rotation": [0, 90, 0],
			"translation": [0, -1.75, 0],
			"scale": [0.75, 0.75, 0.75]
		},
		"firstperson_lefthand": {
			"rotation": [0, 90, 0],
			"translation": [0, -1.75, 0],
			"scale": [0.75, 0.75, 0.75]
		},
		"ground": {
			"rotation": [0, 0, 180],
			"translation": [0, 9.5, 0],
			"scale": [0.54, 0.54, 0.54]
		},
		"gui": {
			"rotation": [0, 0, -45],
			"translation": [-4.75, -4.5, 0],
			"scale": [0.65, 0.65, 0.65]
		},
		"fixed": {
			"rotation": [0, 0, 47],
			"translation": [6.25, -6, 0]
		}
	},
	"groups": [
		{
			"name": "group",
			"origin": [8, 8, 8],
			"color": 0,
			"children": [0, 1, 2, 3, 4, 5, 6, 7, 8, 9, 10, 11]
		},
		{
			"name": "group",
			"origin": [8, 8, 8],
			"color": 0,
			"children": [12, 13, 14, 15, 16, 17, 18, 19, 20, 21]
		}
	]
}