{
	"credit": "Made with Blockbench",
	"textures": {
		"0": "simplyswords:item/royal_rapier_hilt",
		"1": "simplyswords:item/royal_rapier_blade",
		"particle": "simplyswords:item/royal_rapier_hilt"
	},
	"elements": [
		{
			"from": [7.75, 30.76924, 7.9],
			"to": [8.45, 31.46924, 8.1],
			"rotation": {"angle": 45, "axis": "z", "origin": [8.1, 31.11924, 8]},
			"faces": {
				"north": {"uv": [5, 14, 5.75, 14.75], "texture": "#1"},
				"east": {"uv": [15, 0, 15.25, 0.75], "texture": "#1"},
				"south": {"uv": [14, 5, 14.75, 5.75], "texture": "#1"},
				"west": {"uv": [15, 1, 15.25, 1.75], "texture": "#1"},
				"up": {"uv": [3.75, 15.25, 3, 15], "texture": "#1"},
				"down": {"uv": [4.75, 15, 4, 15.25], "texture": "#1"}
			}
		},
		{
			"from": [7.25, 15.66924, 7.8],
			"to": [8.95, 29.56924, 8.2],
			"rotation": {"angle": 0, "axis": "y", "origin": [8.1, 31.11924, 8]},
			"faces": {
				"north": {"uv": [0, 0, 1.75, 13.875], "texture": "#1"},
				"east": {"uv": [8, 0, 8.375, 13.875], "texture": "#1"},
				"south": {"uv": [2, 0, 3.75, 13.875], "texture": "#1"},
				"west": {"uv": [9, 0, 9.375, 13.875], "texture": "#1"},
				"up": {"uv": [15.75, 3.375, 14, 3], "texture": "#1"},
				"down": {"uv": [15.75, 4, 14, 4.375], "texture": "#1"}
			}
		},
		{
			"from": [7.45, 29.56924, 7.8],
			"to": [8.75, 30.36924, 8.2],
			"rotation": {"angle": 0, "axis": "y", "origin": [8.1, 31.11924, 8]},
			"faces": {
				"north": {"uv": [14, 2, 15.25, 2.75], "texture": "#1"},
				"east": {"uv": [11, 14, 11.375, 14.75], "texture": "#1"},
				"south": {"uv": [3, 14, 4.25, 14.75], "texture": "#1"},
				"west": {"uv": [12, 14, 12.375, 14.75], "texture": "#1"},
				"up": {"uv": [8.25, 14.375, 7, 14], "texture": "#1"},
				"down": {"uv": [15.25, 7, 14, 7.375], "texture": "#1"}
			}
		},
		{
			"from": [7.75, 30.36924, 7.8],
			"to": [8.45, 31.16924, 8.2],
			"rotation": {"angle": 0, "axis": "y", "origin": [8.1, 31.11924, 8]},
			"faces": {
				"north": {"uv": [6, 14, 6.75, 14.75], "texture": "#1"},
				"east": {"uv": [14, 12, 14.375, 12.75], "texture": "#1"},
				"south": {"uv": [14, 6, 14.75, 6.75], "texture": "#1"},
				"west": {"uv": [13, 14, 13.375, 14.75], "texture": "#1"},
				"up": {"uv": [14.75, 13.375, 14, 13], "texture": "#1"},
				"down": {"uv": [14.75, 14, 14, 14.375], "texture": "#1"}
			}
		},
		{
			"from": [7.32846, 29.06731, 7.9],
			"to": [8.02846, 30.86731, 8.1],
			"rotation": {"angle": 22.5, "axis": "z", "origin": [7.67846, 32.41731, 8]},
			"faces": {
				"north": {"uv": [0, 14, 0.75, 15.75], "texture": "#1"},
				"east": {"uv": [14, 8, 14.25, 9.75], "texture": "#1"},
				"south": {"uv": [14, 0, 14.75, 1.75], "texture": "#1"},
				"west": {"uv": [9, 14, 9.25, 15.75], "texture": "#1"},
				"up": {"uv": [5.75, 15.25, 5, 15], "texture": "#1"},
				"down": {"uv": [15.75, 5, 15, 5.25], "texture": "#1"}
			}
		},
		{
			"from": [8.5838, 15.55626, 7.9],
			"to": [9.2838, 29.45626, 8.1],
			"rotation": {"angle": 0, "axis": "y", "origin": [8.9338, 28.55626, 8]},
			"faces": {
				"north": {"uv": [4, 0, 4.75, 13.875], "texture": "#1"},
				"east": {"uv": [10, 0, 10.25, 13.875], "texture": "#1"},
				"south": {"uv": [5, 0, 5.75, 13.875], "texture": "#1"},
				"west": {"uv": [11, 0, 11.25, 13.875], "texture": "#1"},
				"up": {"uv": [6.75, 15.25, 6, 15], "texture": "#1"},
				"down": {"uv": [15.75, 6, 15, 6.25], "texture": "#1"}
			}
		},
		{
			"from": [8.17154, 29.06731, 7.9],
			"to": [8.87154, 30.86731, 8.1],
			"rotation": {"angle": -22.5, "axis": "z", "origin": [8.52154, 32.41731, 8]},
			"faces": {
				"north": {"uv": [0.75, 14, 0, 15.75], "texture": "#1"},
				"east": {"uv": [9.25, 14, 9, 15.75], "texture": "#1"},
				"south": {"uv": [14.75, 0, 14, 1.75], "texture": "#1"},
				"west": {"uv": [14.25, 8, 14, 9.75], "texture": "#1"},
				"up": {"uv": [5, 15.25, 5.75, 15], "texture": "#1"},
				"down": {"uv": [15, 5, 15.75, 5.25], "texture": "#1"}
			}
		},
		{
			"from": [6.9162, 15.55626, 7.9],
			"to": [7.6162, 29.45626, 8.1],
			"rotation": {"angle": 0, "axis": "y", "origin": [7.2662, 28.55626, 8]},
			"faces": {
				"north": {"uv": [4.75, 0, 4, 13.875], "texture": "#1"},
				"east": {"uv": [11.25, 0, 11, 13.875], "texture": "#1"},
				"south": {"uv": [5.75, 0, 5, 13.875], "texture": "#1"},
				"west": {"uv": [10.25, 0, 10, 13.875], "texture": "#1"},
				"up": {"uv": [6, 15.25, 6.75, 15], "texture": "#1"},
				"down": {"uv": [15, 6, 15.75, 6.25], "texture": "#1"}
			}
		},
		{
			"from": [5.55, 10.16924, 9.8],
			"to": [10.65, 11.96924, 10.5],
			"rotation": {"angle": 0, "axis": "y", "origin": [7.35, 11.21924, 10.65]},
			"faces": {
				"north": {"uv": [3.5, 0, 6.0625, 0.875], "texture": "#0"},
				"east": {"uv": [4, 9, 4.375, 9.875], "texture": "#0"},
				"south": {"uv": [3.5, 1, 6.0625, 1.875], "texture": "#0"},
				"west": {"uv": [9, 4, 9.375, 4.875], "texture": "#0"},
				"up": {"uv": [4.5625, 6.375, 2, 6], "texture": "#0"},
				"down": {"uv": [8.5625, 4, 6, 4.375], "texture": "#0"}
			}
		},
		{
			"from": [5.55, 10.16924, 6.2],
			"to": [6.25, 11.96924, 9.8],
			"rotation": {"angle": 0, "axis": "y", "origin": [7.3, 31.81924, 8]},
			"faces": {
				"north": {"uv": [4.5, 9, 4.875, 9.875], "texture": "#0"},
				"east": {"uv": [2, 4, 3.8125, 4.875], "texture": "#0"},
				"south": {"uv": [5, 9, 5.375, 9.875], "texture": "#0"},
				"west": {"uv": [4, 4, 5.8125, 4.875], "texture": "#0"},
				"up": {"uv": [4.375, 8.8125, 4, 7], "texture": "#0"},
				"down": {"uv": [4.875, 7, 4.5, 8.8125], "texture": "#0"}
			}
		},
		{
			"from": [5.55, 10.16924, 5.5],
			"to": [10.65, 11.96924, 6.2],
			"rotation": {"angle": 0, "axis": "y", "origin": [7.35, 11.21924, 5.35]},
			"faces": {
				"north": {"uv": [3.5, 2, 6.0625, 2.875], "texture": "#0"},
				"east": {"uv": [9, 5, 9.375, 5.875], "texture": "#0"},
				"south": {"uv": [3.5, 3, 6.0625, 3.875], "texture": "#0"},
				"west": {"uv": [5.5, 9, 5.875, 9.875], "texture": "#0"},
				"up": {"uv": [8.5625, 4.875, 6, 4.5], "texture": "#0"},
				"down": {"uv": [7.5625, 6, 5, 6.375], "texture": "#0"}
			}
		},
		{
			"from": [9.95, 10.16924, 6.2],
			"to": [10.65, 11.96924, 9.8],
			"rotation": {"angle": 0, "axis": "y", "origin": [8.7, 31.81924, 8]},
			"faces": {
				"north": {"uv": [9, 6, 9.375, 6.875], "texture": "#0"},
				"east": {"uv": [2, 5, 3.8125, 5.875], "texture": "#0"},
				"south": {"uv": [6.5, 9, 6.875, 9.875], "texture": "#0"},
				"west": {"uv": [4, 5, 5.8125, 5.875], "texture": "#0"},
				"up": {"uv": [5.375, 8.8125, 5, 7], "texture": "#0"},
				"down": {"uv": [5.875, 7, 5.5, 8.8125], "texture": "#0"}
			}
		},
		{
			"from": [6.25, 11.26924, 6.2],
			"to": [9.95, 11.96924, 9.8],
			"rotation": {"angle": 0, "axis": "y", "origin": [8, 31.11924, 8]},
			"faces": {
				"north": {"uv": [6, 5, 7.875, 5.375], "texture": "#0"},
				"east": {"uv": [6, 7, 7.8125, 7.375], "texture": "#0"},
				"south": {"uv": [6, 5.5, 7.875, 5.875], "texture": "#0"},
				"west": {"uv": [0, 7.5, 1.8125, 7.875], "texture": "#0"},
				"up": {"uv": [1.875, 1.8125, 0, 0], "texture": "#0"},
				"down": {"uv": [1.875, 2, 0, 3.8125], "texture": "#0"}
			}
		},
		{
			"from": [6.75, 11.96924, 7.7],
			"to": [9.45, 15.66924, 8.3],
			"rotation": {"angle": 0, "axis": "y", "origin": [8, 31.11924, 8]},
			"faces": {
				"north": {"uv": [2, 0, 3.375, 1.875], "texture": "#0"},
				"east": {"uv": [7.5, 0, 7.8125, 1.875], "texture": "#0"},
				"south": {"uv": [2, 2, 3.375, 3.875], "texture": "#0"},
				"west": {"uv": [6, 7.5, 6.3125, 9.375], "texture": "#0"},
				"up": {"uv": [9.375, 7.3125, 8, 7], "texture": "#0"},
				"down": {"uv": [9.875, 3, 8.5, 3.3125], "texture": "#0"}
			}
		},
		{
			"from": [7.55, 12.96924, 7.6],
			"to": [8.65, 14.66924, 8.4],
			"rotation": {"angle": 0, "axis": "y", "origin": [8, 31.11924, 8]},
			"faces": {
				"north": {"uv": [8, 5, 8.5625, 5.875], "texture": "#0"},
				"east": {"uv": [7, 9, 7.375, 9.875], "texture": "#0"},
				"south": {"uv": [8, 6, 8.5625, 6.875], "texture": "#0"},
				"west": {"uv": [7.5, 9, 7.875, 9.875], "texture": "#0"},
				"up": {"uv": [10.0625, 2.375, 9.5, 2], "texture": "#0"},
				"down": {"uv": [10.0625, 2.5, 9.5, 2.875], "texture": "#0"}
			}
		},
		{
			"from": [7.55, 2.56924, 7.5],
			"to": [8.55, 8.96924, 8.5],
			"rotation": {"angle": 0, "axis": "y", "origin": [8, 31.11924, 8]},
			"faces": {
				"north": {"uv": [0, 4, 0.5, 7.1875], "texture": "#0"},
				"east": {"uv": [0.5, 4, 1, 7.1875], "texture": "#0"},
				"south": {"uv": [1, 4, 1.5, 7.1875], "texture": "#0"},
				"west": {"uv": [1.5, 4, 2, 7.1875], "texture": "#0"},
				"up": {"uv": [1, 10, 0.5, 9.5], "texture": "#0"},
				"down": {"uv": [1.5, 9.5, 1, 10], "texture": "#0"}
			}
		},
		{
			"from": [7.45, 0.76924, 7.4],
			"to": [8.65, 2.56924, 8.6],
			"rotation": {"angle": 0, "axis": "y", "origin": [8, 31.11924, 8]},
			"faces": {
				"north": {"uv": [8, 0, 8.625, 0.875], "texture": "#0"},
				"east": {"uv": [8, 1, 8.625, 1.875], "texture": "#0"},
				"south": {"uv": [2, 8, 2.625, 8.875], "texture": "#0"},
				"west": {"uv": [3, 8, 3.625, 8.875], "texture": "#0"},
				"up": {"uv": [9.625, 0.625, 9, 0], "texture": "#0"},
				"down": {"uv": [9.625, 1, 9, 1.625], "texture": "#0"}
			}
		},
		{
			"from": [7.45, 8.96924, 7.4],
			"to": [8.65, 11.26924, 8.6],
			"rotation": {"angle": 0, "axis": "y", "origin": [8, 31.11924, 8]},
			"faces": {
				"north": {"uv": [6.5, 0, 7.125, 1.125], "texture": "#0"},
				"east": {"uv": [6.5, 1.5, 7.125, 2.625], "texture": "#0"},
				"south": {"uv": [2, 6.5, 2.625, 7.625], "texture": "#0"},
				"west": {"uv": [3, 6.5, 3.625, 7.625], "texture": "#0"},
				"up": {"uv": [2.625, 9.625, 2, 9], "texture": "#0"},
				"down": {"uv": [3.625, 9, 3, 9.625], "texture": "#0"}
			}
		},
		{
			"from": [8.65, 9.26924, 7.6],
			"to": [11.75, 10.16924, 8.4],
			"rotation": {"angle": 0, "axis": "y", "origin": [8, 31.11924, 8]},
			"faces": {
				"north": {"uv": [6.5, 3, 8.0625, 3.4375], "texture": "#0"},
				"east": {"uv": [1.5, 9.5, 1.875, 9.9375], "texture": "#0"},
				"south": {"uv": [6.5, 3.5, 8.0625, 3.9375], "texture": "#0"},
				"west": {"uv": [9.5, 3.5, 9.875, 3.9375], "texture": "#0"},
				"up": {"uv": [9.0625, 2.375, 7.5, 2], "texture": "#0"},
				"down": {"uv": [9.0625, 2.5, 7.5, 2.875], "texture": "#0"}
			}
		},
		{
			"from": [11.75, 9.16924, 7.5],
			"to": [13.35, 10.26924, 8.5],
			"rotation": {"angle": 0, "axis": "y", "origin": [8, 31.11924, 8]},
			"faces": {
				"north": {"uv": [6.5, 8, 7.3125, 8.5625], "texture": "#0"},
				"east": {"uv": [8, 9, 8.5, 9.5625], "texture": "#0"},
				"south": {"uv": [7.5, 8, 8.3125, 8.5625], "texture": "#0"},
				"west": {"uv": [8.5, 9, 9, 9.5625], "texture": "#0"},
				"up": {"uv": [9.3125, 4, 8.5, 3.5], "texture": "#0"},
				"down": {"uv": [9.3125, 7.5, 8.5, 8], "texture": "#0"}
			}
		},
		{
			"from": [4.35, 9.26924, 7.6],
			"to": [7.45, 10.16924, 8.4],
			"rotation": {"angle": 0, "axis": "y", "origin": [8, 31.11924, 8]},
			"faces": {
				"north": {"uv": [8.0625, 3, 6.5, 3.4375], "texture": "#0"},
				"east": {"uv": [9.875, 3.5, 9.5, 3.9375], "texture": "#0"},
				"south": {"uv": [8.0625, 3.5, 6.5, 3.9375], "texture": "#0"},
				"west": {"uv": [1.875, 9.5, 1.5, 9.9375], "texture": "#0"},
				"up": {"uv": [7.5, 2.375, 9.0625, 2], "texture": "#0"},
				"down": {"uv": [7.5, 2.5, 9.0625, 2.875], "texture": "#0"}
			}
		},
		{
			"from": [2.75, 9.16924, 7.5],
			"to": [4.35, 10.26924, 8.5],
			"rotation": {"angle": 0, "axis": "y", "origin": [8, 31.11924, 8]},
			"faces": {
				"north": {"uv": [7.3125, 8, 6.5, 8.5625], "texture": "#0"},
				"east": {"uv": [9, 9, 8.5, 9.5625], "texture": "#0"},
				"south": {"uv": [8.3125, 8, 7.5, 8.5625], "texture": "#0"},
				"west": {"uv": [8.5, 9, 8, 9.5625], "texture": "#0"},
				"up": {"uv": [8.5, 4, 9.3125, 3.5], "texture": "#0"},
				"down": {"uv": [8.5, 7.5, 9.3125, 8], "texture": "#0"}
			}
		}
	],
	"display": {
		"thirdperson_righthand": {
			"rotation": [0, 90, 0],
			"translation": [0, 0.25, 1]
		},
		"thirdperson_lefthand": {
			"rotation": [0, 90, 0],
			"translation": [0, 0.25, 1]
		},
		"firstperson_righthand": {
			"rotation": [0, 90, 0]
		},
		"firstperson_lefthand": {
			"rotation": [0, 90, 0]
		},
		"ground": {
			"rotation": [0, 0, 180],
			"translation": [0, 20.25, 0]
		},
		"gui": {
			"rotation": [0, 0, -152],
			"translation": [-2.5, 4, 0],
			"scale": [0.53, 0.53, 0.53]
		},
		"fixed": {
			"rotation": [0, 0, 47],
			"translation": [4.75, -4.75, 0]
		}
	},
	"groups": [
		{
			"name": "group",
			"origin": [8, 8, 8],
			"color": 0,
			"children": [0, 1, 2, 3, 4, 5, 6, 7]
		},
		{
			"name": "group",
			"origin": [8, 8, 8],
			"color": 0,
			"children": [8, 9, 10, 11, 12, 13, 14, 15, 16, 17, 18, 19, 20, 21]
		}
	]
}