{
	"credit": "Made with Blockbench",
	"texture_size": [32, 32],
	"textures": {
		"0": "simplyswords:item/abyss_nail",
		"particle": "simplyswords:item/abyss_nail"
	},
	"elements": [
		{
			"from": [7.6, 25.6, 7.9],
			"to": [8.4, 26.4, 8.1],
			"rotation": {"angle": 45, "axis": "z", "origin": [8, 26, 8]},
			"faces": {
				"north": {"uv": [11.5, 4, 11.875, 4.375], "texture": "#0"},
				"east": {"uv": [4.5, 12, 4.625, 12.375], "texture": "#0"},
				"south": {"uv": [11.5, 4.5, 11.875, 4.875], "texture": "#0"},
				"west": {"uv": [12, 4.5, 12.125, 4.875], "texture": "#0"},
				"up": {"uv": [5.375, 12.125, 5, 12], "texture": "#0"},
				"down": {"uv": [5.875, 12, 5.5, 12.125], "texture": "#0"}
			}
		},
		{
			"from": [7.1, 7.9, 7.4],
			"to": [8.7, 9.5, 8.6],
			"rotation": {"angle": -45, "axis": "z", "origin": [8, 8.6, 8]},
			"faces": {
				"north": {"uv": [4, 8, 4.8125, 8.8125], "texture": "#0"},
				"east": {"uv": [4, 9, 4.625, 9.8125], "texture": "#0"},
				"south": {"uv": [8, 4, 8.8125, 4.8125], "texture": "#0"},
				"west": {"uv": [9, 4.5, 9.625, 5.3125], "texture": "#0"},
				"up": {"uv": [9.8125, 6.125, 9, 5.5], "texture": "#0"},
				"down": {"uv": [7.3125, 9, 6.5, 9.625], "texture": "#0"}
			}
		},
		{
			"from": [3.46949, 11.83223, 7.4],
			"to": [4.66949, 13.03223, 8.6],
			"rotation": {"angle": -45, "axis": "z", "origin": [3.96949, 6.83223, 8]},
			"faces": {
				"north": {"uv": [2, 10, 2.625, 10.625], "texture": "#0"},
				"east": {"uv": [10, 3, 10.625, 3.625], "texture": "#0"},
				"south": {"uv": [4, 10, 4.625, 10.625], "texture": "#0"},
				"west": {"uv": [10, 4, 10.625, 4.625], "texture": "#0"},
				"up": {"uv": [10.625, 5.625, 10, 5], "texture": "#0"},
				"down": {"uv": [10.625, 6, 10, 6.625], "texture": "#0"}
			}
		},
		{
			"from": [6.1, 10.12132, 7.8],
			"to": [9.9, 17.22132, 8.2],
			"rotation": {"angle": 0, "axis": "y", "origin": [8, 10.72132, 8]},
			"faces": {
				"north": {"uv": [0, 0, 1.875, 3.5625], "texture": "#0"},
				"east": {"uv": [3, 8, 3.1875, 11.5625], "texture": "#0"},
				"south": {"uv": [2, 0, 3.875, 3.5625], "texture": "#0"},
				"west": {"uv": [3.5, 8, 3.6875, 11.5625], "texture": "#0"},
				"up": {"uv": [11.875, 8.1875, 10, 8], "texture": "#0"},
				"down": {"uv": [11.875, 8.5, 10, 8.6875], "texture": "#0"}
			}
		},
		{
			"from": [6.4, 17.22132, 7.8],
			"to": [9.6, 21.12132, 8.2],
			"rotation": {"angle": 0, "axis": "y", "origin": [8, 10.72132, 8]},
			"faces": {
				"north": {"uv": [0, 4, 1.625, 5.9375], "texture": "#0"},
				"east": {"uv": [6.5, 10, 6.6875, 11.9375], "texture": "#0"},
				"south": {"uv": [4, 0, 5.625, 1.9375], "texture": "#0"},
				"west": {"uv": [7, 10, 7.1875, 11.9375], "texture": "#0"},
				"up": {"uv": [12.125, 0.1875, 10.5, 0], "texture": "#0"},
				"down": {"uv": [12.125, 0.5, 10.5, 0.6875], "texture": "#0"}
			}
		},
		{
			"from": [6.8, 21.12132, 7.8],
			"to": [9.2, 24.22132, 8.2],
			"rotation": {"angle": 0, "axis": "y", "origin": [8, 10.72132, 8]},
			"faces": {
				"north": {"uv": [2, 4, 3.1875, 5.5625], "texture": "#0"},
				"east": {"uv": [7.5, 10, 7.6875, 11.5625], "texture": "#0"},
				"south": {"uv": [4, 2, 5.1875, 3.5625], "texture": "#0"},
				"west": {"uv": [1, 10.5, 1.1875, 12.0625], "texture": "#0"},
				"up": {"uv": [5.1875, 11.1875, 4, 11], "texture": "#0"},
				"down": {"uv": [12.1875, 5, 11, 5.1875], "texture": "#0"}
			}
		},
		{
			"from": [7.2, 24.22132, 7.8],
			"to": [8.8, 25.12132, 8.2],
			"rotation": {"angle": 0, "axis": "y", "origin": [8, 10.72132, 8]},
			"faces": {
				"north": {"uv": [10, 7, 10.8125, 7.4375], "texture": "#0"},
				"east": {"uv": [1.5, 12, 1.6875, 12.4375], "texture": "#0"},
				"south": {"uv": [10, 7.5, 10.8125, 7.9375], "texture": "#0"},
				"west": {"uv": [3, 12, 3.1875, 12.4375], "texture": "#0"},
				"up": {"uv": [12.3125, 3.6875, 11.5, 3.5], "texture": "#0"},
				"down": {"uv": [4.8125, 11.5, 4, 11.6875], "texture": "#0"}
			}
		},
		{
			"from": [7.6, 25.12132, 7.8],
			"to": [8.4, 26.02132, 8.2],
			"rotation": {"angle": 0, "axis": "y", "origin": [8, 10.72132, 8]},
			"faces": {
				"north": {"uv": [1.5, 11.5, 1.875, 11.9375], "texture": "#0"},
				"east": {"uv": [12, 3, 12.1875, 3.4375], "texture": "#0"},
				"south": {"uv": [11.5, 3, 11.875, 3.4375], "texture": "#0"},
				"west": {"uv": [3.5, 12, 3.6875, 12.4375], "texture": "#0"},
				"up": {"uv": [4.375, 12.1875, 4, 12], "texture": "#0"},
				"down": {"uv": [12.375, 4, 12, 4.1875], "texture": "#0"}
			}
		},
		{
			"from": [7.5, 7.34142, 7.5],
			"to": [8.5, 8.24142, 8.5],
			"rotation": {"angle": 0, "axis": "y", "origin": [8, 8.74142, 8]},
			"faces": {
				"north": {"uv": [5.5, 11, 6, 11.4375], "texture": "#0"},
				"east": {"uv": [11, 5.5, 11.5, 5.9375], "texture": "#0"},
				"south": {"uv": [6, 11, 6.5, 11.4375], "texture": "#0"},
				"west": {"uv": [11, 6, 11.5, 6.4375], "texture": "#0"},
				"up": {"uv": [11, 2.5, 10.5, 2], "texture": "#0"},
				"down": {"uv": [11, 2.5, 10.5, 3], "texture": "#0"}
			}
		},
		{
			"from": [7.3, 6.74142, 7.3],
			"to": [8.7, 7.34142, 8.7],
			"rotation": {"angle": 0, "axis": "y", "origin": [8, 8.74142, 8]},
			"faces": {
				"north": {"uv": [11, 6.5, 11.6875, 6.8125], "texture": "#0"},
				"east": {"uv": [11, 7, 11.6875, 7.3125], "texture": "#0"},
				"south": {"uv": [11, 7.5, 11.6875, 7.8125], "texture": "#0"},
				"west": {"uv": [11, 9, 11.6875, 9.3125], "texture": "#0"},
				"up": {"uv": [10.1875, 0.6875, 9.5, 0], "texture": "#0"},
				"down": {"uv": [1.6875, 9.5, 1, 10.1875], "texture": "#0"}
			}
		},
		{
			"from": [7.3, 0.04142, 7.3],
			"to": [8.7, 0.64142, 8.7],
			"rotation": {"angle": 0, "axis": "y", "origin": [8, 8.74142, 8]},
			"faces": {
				"north": {"uv": [11, 9.5, 11.6875, 9.8125], "texture": "#0"},
				"east": {"uv": [11, 10, 11.6875, 10.3125], "texture": "#0"},
				"south": {"uv": [11, 10.5, 11.6875, 10.8125], "texture": "#0"},
				"west": {"uv": [11, 11, 11.6875, 11.3125], "texture": "#0"},
				"up": {"uv": [10.1875, 1.6875, 9.5, 1], "texture": "#0"},
				"down": {"uv": [10.1875, 2, 9.5, 2.6875], "texture": "#0"}
			}
		},
		{
			"from": [7.6, 0.64142, 7.6],
			"to": [8.4, 6.74142, 8.4],
			"rotation": {"angle": 0, "axis": "y", "origin": [8, 8.74142, 8]},
			"faces": {
				"north": {"uv": [5, 6, 5.375, 9.0625], "texture": "#0"},
				"east": {"uv": [5.5, 6, 5.875, 9.0625], "texture": "#0"},
				"south": {"uv": [6, 6, 6.375, 9.0625], "texture": "#0"},
				"west": {"uv": [6.5, 2, 6.875, 5.0625], "texture": "#0"},
				"up": {"uv": [5.375, 11.875, 5, 11.5], "texture": "#0"},
				"down": {"uv": [5.875, 11.5, 5.5, 11.875], "texture": "#0"}
			}
		},
		{
			"from": [3.42313, 7.03595, 7.6],
			"to": [4.52313, 9.33595, 8.4],
			"rotation": {"angle": 0, "axis": "y", "origin": [4.02313, 8.18595, 8]},
			"faces": {
				"north": {"uv": [8, 8, 8.5625, 9.125], "texture": "#0"},
				"east": {"uv": [5.5, 9.5, 5.875, 10.625], "texture": "#0"},
				"south": {"uv": [8.5, 0, 9.0625, 1.125], "texture": "#0"},
				"west": {"uv": [6, 9.5, 6.375, 10.625], "texture": "#0"},
				"up": {"uv": [12.0625, 2.375, 11.5, 2], "texture": "#0"},
				"down": {"uv": [12.0625, 2.5, 11.5, 2.875], "texture": "#0"}
			}
		},
		{
			"from": [3.57599, 9.00717, 7.5],
			"to": [4.97599, 11.30717, 8.5],
			"rotation": {"angle": -22.5, "axis": "z", "origin": [4.27599, 9.80717, 8]},
			"faces": {
				"north": {"uv": [7, 1.5, 7.6875, 2.625], "texture": "#0"},
				"east": {"uv": [9, 1.5, 9.5, 2.625], "texture": "#0"},
				"south": {"uv": [7, 3, 7.6875, 4.125], "texture": "#0"},
				"west": {"uv": [9, 3, 9.5, 4.125], "texture": "#0"},
				"up": {"uv": [10.6875, 10.5, 10, 10], "texture": "#0"},
				"down": {"uv": [0.6875, 10.5, 0, 11], "texture": "#0"}
			}
		},
		{
			"from": [5.7, 10.16274, 7.4],
			"to": [7.3, 14.06274, 8.6],
			"rotation": {"angle": 45, "axis": "z", "origin": [8, 10.86274, 8]},
			"faces": {
				"north": {"uv": [5.5, 2, 6.3125, 3.9375], "texture": "#0"},
				"east": {"uv": [3, 6, 3.625, 7.9375], "texture": "#0"},
				"south": {"uv": [5.5, 4, 6.3125, 5.9375], "texture": "#0"},
				"west": {"uv": [4, 6, 4.625, 7.9375], "texture": "#0"},
				"up": {"uv": [9.8125, 9.125, 9, 8.5], "texture": "#0"},
				"down": {"uv": [0.8125, 9.5, 0, 10.125], "texture": "#0"}
			}
		},
		{
			"from": [8.7, 10.16274, 7.4],
			"to": [10.3, 14.06274, 8.6],
			"rotation": {"angle": -45, "axis": "z", "origin": [8, 10.86274, 8]},
			"faces": {
				"north": {"uv": [6.3125, 2, 5.5, 3.9375], "texture": "#0"},
				"east": {"uv": [4.625, 6, 4, 7.9375], "texture": "#0"},
				"south": {"uv": [6.3125, 4, 5.5, 5.9375], "texture": "#0"},
				"west": {"uv": [3.625, 6, 3, 7.9375], "texture": "#0"},
				"up": {"uv": [9, 9.125, 9.8125, 8.5], "texture": "#0"},
				"down": {"uv": [0, 9.5, 0.8125, 10.125], "texture": "#0"}
			}
		},
		{
			"from": [11.02401, 9.00717, 7.5],
			"to": [12.42401, 11.30717, 8.5],
			"rotation": {"angle": 22.5, "axis": "z", "origin": [11.72401, 9.80717, 8]},
			"faces": {
				"north": {"uv": [7.6875, 1.5, 7, 2.625], "texture": "#0"},
				"east": {"uv": [9.5, 3, 9, 4.125], "texture": "#0"},
				"south": {"uv": [7.6875, 3, 7, 4.125], "texture": "#0"},
				"west": {"uv": [9.5, 1.5, 9, 2.625], "texture": "#0"},
				"up": {"uv": [10, 10.5, 10.6875, 10], "texture": "#0"},
				"down": {"uv": [0, 10.5, 0.6875, 11], "texture": "#0"}
			}
		},
		{
			"from": [11.47687, 7.03595, 7.6],
			"to": [12.57687, 9.33595, 8.4],
			"rotation": {"angle": 0, "axis": "y", "origin": [11.97687, 8.18595, 8]},
			"faces": {
				"north": {"uv": [8.5625, 8, 8, 9.125], "texture": "#0"},
				"east": {"uv": [6.375, 9.5, 6, 10.625], "texture": "#0"},
				"south": {"uv": [9.0625, 0, 8.5, 1.125], "texture": "#0"},
				"west": {"uv": [5.875, 9.5, 5.5, 10.625], "texture": "#0"},
				"up": {"uv": [11.5, 2.375, 12.0625, 2], "texture": "#0"},
				"down": {"uv": [11.5, 2.5, 12.0625, 2.875], "texture": "#0"}
			}
		},
		{
			"from": [8.80208, 24.69792, 7.9],
			"to": [9.60208, 26.09792, 8.1],
			"rotation": {"angle": 45, "axis": "z", "origin": [9.20208, 24.79792, 8]},
			"faces": {
				"north": {"uv": [7, 4.5, 7.375, 5.1875], "texture": "#0"},
				"east": {"uv": [11.5, 5.5, 11.625, 6.1875], "texture": "#0"},
				"south": {"uv": [8.5, 3, 8.875, 3.6875], "texture": "#0"},
				"west": {"uv": [6, 11.5, 6.125, 12.1875], "texture": "#0"},
				"up": {"uv": [12.375, 5.625, 12, 5.5], "texture": "#0"},
				"down": {"uv": [12.375, 6, 12, 6.125], "texture": "#0"}
			}
		},
		{
			"from": [8.75563, 21.31005, 7.9],
			"to": [9.55563, 25.01005, 8.1],
			"rotation": {"angle": 0, "axis": "y", "origin": [9.15563, 23.71005, 8]},
			"faces": {
				"north": {"uv": [6.5, 7, 6.875, 8.875], "texture": "#0"},
				"east": {"uv": [10, 10.5, 10.125, 12.375], "texture": "#0"},
				"south": {"uv": [7, 7, 7.375, 8.875], "texture": "#0"},
				"west": {"uv": [10.5, 10.5, 10.625, 12.375], "texture": "#0"},
				"up": {"uv": [6.875, 12.125, 6.5, 12], "texture": "#0"},
				"down": {"uv": [12.375, 6.5, 12, 6.625], "texture": "#0"}
			}
		},
		{
			"from": [9.15563, 17.71005, 7.9],
			"to": [9.95563, 21.31005, 8.1],
			"rotation": {"angle": 0, "axis": "y", "origin": [9.15563, 23.71005, 8]},
			"faces": {
				"north": {"uv": [8, 0, 8.375, 1.8125], "texture": "#0"},
				"east": {"uv": [11, 1, 11.125, 2.8125], "texture": "#0"},
				"south": {"uv": [2, 8, 2.375, 9.8125], "texture": "#0"},
				"west": {"uv": [2, 11, 2.125, 12.8125], "texture": "#0"},
				"up": {"uv": [7.375, 12.125, 7, 12], "texture": "#0"},
				"down": {"uv": [12.375, 7, 12, 7.125], "texture": "#0"}
			}
		},
		{
			"from": [9.55563, 10.91005, 7.9],
			"to": [10.35563, 17.71005, 8.1],
			"rotation": {"angle": 0, "axis": "y", "origin": [9.15563, 23.71005, 8]},
			"faces": {
				"north": {"uv": [0, 6, 0.375, 9.375], "texture": "#0"},
				"east": {"uv": [8, 9.5, 8.125, 12.875], "texture": "#0"},
				"south": {"uv": [0.5, 6, 0.875, 9.375], "texture": "#0"},
				"west": {"uv": [8.5, 9.5, 8.625, 12.875], "texture": "#0"},
				"up": {"uv": [7.875, 12.125, 7.5, 12], "texture": "#0"},
				"down": {"uv": [12.375, 7.5, 12, 7.625], "texture": "#0"}
			}
		},
		{
			"from": [6.39792, 24.69792, 7.9],
			"to": [7.19792, 26.09792, 8.1],
			"rotation": {"angle": -45, "axis": "z", "origin": [6.79792, 24.79792, 8]},
			"faces": {
				"north": {"uv": [10.5, 1, 10.875, 1.6875], "texture": "#0"},
				"east": {"uv": [11, 11.5, 11.125, 12.1875], "texture": "#0"},
				"south": {"uv": [1.5, 10.5, 1.875, 11.1875], "texture": "#0"},
				"west": {"uv": [11.5, 11.5, 11.625, 12.1875], "texture": "#0"},
				"up": {"uv": [12.375, 8.125, 12, 8], "texture": "#0"},
				"down": {"uv": [12.375, 8.5, 12, 8.625], "texture": "#0"}
			}
		},
		{
			"from": [6.44437, 21.31005, 7.9],
			"to": [7.24437, 25.01005, 8.1],
			"rotation": {"angle": 0, "axis": "y", "origin": [6.84437, 23.71005, 8]},
			"faces": {
				"north": {"uv": [7.5, 4.5, 7.875, 6.375], "texture": "#0"},
				"east": {"uv": [0, 11, 0.125, 12.875], "texture": "#0"},
				"south": {"uv": [7.5, 6.5, 7.875, 8.375], "texture": "#0"},
				"west": {"uv": [0.5, 11, 0.625, 12.875], "texture": "#0"},
				"up": {"uv": [12.375, 9.125, 12, 9], "texture": "#0"},
				"down": {"uv": [12.375, 9.5, 12, 9.625], "texture": "#0"}
			}
		},
		{
			"from": [6.04437, 17.71005, 7.9],
			"to": [6.84437, 21.31005, 8.1],
			"rotation": {"angle": 0, "axis": "y", "origin": [6.84437, 23.71005, 8]},
			"faces": {
				"north": {"uv": [8, 2, 8.375, 3.8125], "texture": "#0"},
				"east": {"uv": [2.5, 11, 2.625, 12.8125], "texture": "#0"},
				"south": {"uv": [2.5, 8, 2.875, 9.8125], "texture": "#0"},
				"west": {"uv": [11, 3, 11.125, 4.8125], "texture": "#0"},
				"up": {"uv": [12.375, 10.125, 12, 10], "texture": "#0"},
				"down": {"uv": [12.375, 10.5, 12, 10.625], "texture": "#0"}
			}
		},
		{
			"from": [5.64437, 10.91005, 7.9],
			"to": [6.44437, 17.71005, 8.1],
			"rotation": {"angle": 0, "axis": "y", "origin": [6.84437, 23.71005, 8]},
			"faces": {
				"north": {"uv": [1, 6, 1.375, 9.375], "texture": "#0"},
				"east": {"uv": [9, 9.5, 9.125, 12.875], "texture": "#0"},
				"south": {"uv": [1.5, 6, 1.875, 9.375], "texture": "#0"},
				"west": {"uv": [9.5, 9.5, 9.625, 12.875], "texture": "#0"},
				"up": {"uv": [12.375, 11.125, 12, 11], "texture": "#0"},
				"down": {"uv": [12.375, 11.5, 12, 11.625], "texture": "#0"}
			}
		}
	],
	"display": {
		"thirdperson_righthand": {
			"rotation": [0, 90, 0],
			"translation": [0, 1.5, 1.25]
		},
		"thirdperson_lefthand": {
			"rotation": [0, 90, 0],
			"translation": [0, 1.5, 1.25]
		},
		"firstperson_righthand": {
			"rotation": [0, 90, -9],
			"translation": [0, 1, 0.5]
		},
		"firstperson_lefthand": {
			"rotation": [0, -90, 9],
			"translation": [0, 1, 0.5]
		},
		"ground": {
			"rotation": [0, 0, 180],
			"translation": [0, 14.75, 0]
		},
		"gui": {
			"rotation": [0, -30, -36],
			"translation": [-2.5, -2.75, 0],
			"scale": [0.66, 0.66, 0.66]
		},
		"fixed": {
			"rotation": [0, 0, 47],
			"translation": [4, -4.5, 0],
			"scale": [1.3, 1.3, 1.3]
		}
	},
	"groups": [
		{
			"name": "group",
			"origin": [8, 8, 8],
			"color": 0,
			"children": [0, 1, 2, 3, 4, 5, 6, 7, 8, 9, 10, 11, 12, 13, 14, 15, 16, 17, 18, 19, 20, 21, 22, 23, 24, 25]
		}
	]
}