{
	"credit": "Made with Blockbench",
	"texture_size": [64, 64],
	"textures": {
		"0": "simplyswords:item/dragon_hammer_shaft",
		"1": "simplyswords:item/dragon_hammer_head",
		"particle": "simplyswords:item/dragon_hammer_shaft"
	},
	"elements": [
		{
			"from": [6.2, 22.63104, -0.86857],
			"to": [9.8, 23.93104, 3.93143],
			"rotation": {"angle": -22.5, "axis": "x", "origin": [8, 23.28104, 1.53143]},
			"faces": {
				"north": {"uv": [8.75, 2.5, 9.625, 2.8125], "texture": "#1"},
				"east": {"uv": [8, 6.75, 9.1875, 7.0625], "texture": "#1"},
				"south": {"uv": [8.75, 4.75, 9.625, 5.0625], "texture": "#1"},
				"west": {"uv": [8, 7.25, 9.1875, 7.5625], "texture": "#1"},
				"up": {"uv": [2.875, 6.1875, 2, 5], "texture": "#1"},
				"down": {"uv": [3.875, 5, 3, 6.1875], "texture": "#1"}
			}
		},
		{
			"from": [6.2, 25.65374, -0.79203],
			"to": [9.8, 27.35374, 4.00797],
			"rotation": {"angle": 22.5, "axis": "x", "origin": [8, 26.50374, 1.60797]},
			"faces": {
				"north": {"uv": [8, 5.75, 8.875, 6.1875], "texture": "#1"},
				"east": {"uv": [7.5, 2.5, 8.6875, 2.9375], "texture": "#1"},
				"south": {"uv": [8, 6.25, 8.875, 6.6875], "texture": "#1"},
				"west": {"uv": [0.75, 8, 1.9375, 8.4375], "texture": "#1"},
				"up": {"uv": [5.875, 4.9375, 5, 3.75], "texture": "#1"},
				"down": {"uv": [4.875, 5, 4, 6.1875], "texture": "#1"}
			}
		},
		{
			"from": [5.8, 23.5, 3.5],
			"to": [10.2, 28.2, 8],
			"rotation": {"angle": 0, "axis": "y", "origin": [0, 4, -4.1]},
			"faces": {
				"north": {"uv": [3, 0, 4.125, 1.1875], "texture": "#1"},
				"east": {"uv": [3, 1.25, 4.125, 2.4375], "texture": "#1"},
				"south": {"uv": [3, 2.5, 4.125, 3.6875], "texture": "#1"},
				"west": {"uv": [0, 3.75, 1.125, 4.9375], "texture": "#1"},
				"up": {"uv": [2.375, 4.875, 1.25, 3.75], "texture": "#1"},
				"down": {"uv": [3.625, 3.75, 2.5, 4.875], "texture": "#1"}
			}
		},
		{
			"from": [5.9, 23.79731, 5.67929],
			"to": [10.1, 27.29731, 10.17929],
			"rotation": {"angle": 45, "axis": "x", "origin": [8, 24.94731, 7.92929]},
			"faces": {
				"north": {"uv": [6.25, 2.25, 7.3125, 3.125], "texture": "#1"},
				"east": {"uv": [5, 5, 6.125, 5.875], "texture": "#1"},
				"south": {"uv": [3, 6.25, 4.0625, 7.125], "texture": "#1"},
				"west": {"uv": [5.25, 1.25, 6.375, 2.125], "texture": "#1"},
				"up": {"uv": [4.8125, 4.875, 3.75, 3.75], "texture": "#1"},
				"down": {"uv": [5.3125, 0, 4.25, 1.125], "texture": "#1"}
			}
		},
		{
			"from": [7.2, 27.29731, 6.47929],
			"to": [8.8, 28.59731, 9.37929],
			"rotation": {"angle": 45, "axis": "x", "origin": [8, 24.94731, 7.92929]},
			"faces": {
				"north": {"uv": [5.25, 9, 5.625, 9.3125], "texture": "#1"},
				"east": {"uv": [8.75, 7.75, 9.5, 8.0625], "texture": "#1"},
				"south": {"uv": [5.75, 9, 6.125, 9.3125], "texture": "#1"},
				"west": {"uv": [0, 9, 0.75, 9.3125], "texture": "#1"},
				"up": {"uv": [8.875, 4.75, 8.5, 4], "texture": "#1"},
				"down": {"uv": [8.375, 8.5, 8, 9.25], "texture": "#1"}
			}
		},
		{
			"from": [6, 20.51802, 7.68198],
			"to": [10, 25.01802, 11.18198],
			"rotation": {"angle": 0, "axis": "x", "origin": [8, 22.76802, 9.43198]},
			"faces": {
				"north": {"uv": [4.25, 1.25, 5.25, 2.375], "texture": "#1"},
				"east": {"uv": [5.25, 2.25, 6.125, 3.375], "texture": "#1"},
				"south": {"uv": [4.25, 2.5, 5.25, 3.625], "texture": "#1"},
				"west": {"uv": [5.5, 0, 6.375, 1.125], "texture": "#1"},
				"up": {"uv": [7.25, 5.625, 6.25, 4.75], "texture": "#1"},
				"down": {"uv": [7.5, 0, 6.5, 0.875], "texture": "#1"}
			}
		},
		{
			"from": [7.1, 21.31802, 11.18198],
			"to": [8.9, 24.21802, 12.28198],
			"rotation": {"angle": 0, "axis": "y", "origin": [8, 22.76802, 9.43198]},
			"faces": {
				"north": {"uv": [0.75, 8.5, 1.1875, 9.25], "texture": "#1"},
				"east": {"uv": [4.75, 6.25, 5, 7], "texture": "#1"},
				"south": {"uv": [1.25, 8.5, 1.6875, 9.25], "texture": "#1"},
				"west": {"uv": [4, 7.25, 4.25, 8], "texture": "#1"},
				"up": {"uv": [5.6875, 3.75, 5.25, 3.5], "texture": "#1"},
				"down": {"uv": [6.6875, 3.25, 6.25, 3.5], "texture": "#1"}
			}
		},
		{
			"from": [6.1, 16.28808, 9.82428],
			"to": [9.9, 20.78808, 13.32428],
			"rotation": {"angle": 22.5, "axis": "x", "origin": [8, 26.03808, 11.57428]},
			"faces": {
				"north": {"uv": [0, 5, 0.9375, 6.125], "texture": "#1"},
				"east": {"uv": [6, 3.5, 6.875, 4.625], "texture": "#1"},
				"south": {"uv": [1, 5, 1.9375, 6.125], "texture": "#1"},
				"west": {"uv": [5, 6, 5.875, 7.125], "texture": "#1"},
				"up": {"uv": [7.4375, 1.875, 6.5, 1], "texture": "#1"},
				"down": {"uv": [7.9375, 3.25, 7, 4.125], "texture": "#1"}
			}
		},
		{
			"from": [7.2, 17.28808, 13.32428],
			"to": [8.8, 19.98808, 14.32428],
			"rotation": {"angle": 22.5, "axis": "x", "origin": [8, 26.03808, 11.57428]},
			"faces": {
				"north": {"uv": [2.5, 8.75, 2.875, 9.4375], "texture": "#1"},
				"east": {"uv": [7.75, 8.75, 8, 9.4375], "texture": "#1"},
				"south": {"uv": [7.25, 8.75, 7.625, 9.4375], "texture": "#1"},
				"west": {"uv": [4.5, 9, 4.75, 9.6875], "texture": "#1"},
				"up": {"uv": [6.625, 6, 6.25, 5.75], "texture": "#1"},
				"down": {"uv": [6.875, 2, 6.5, 2.25], "texture": "#1"}
			}
		},
		{
			"from": [6.2, 13.19995, 6.22633],
			"to": [9.8, 17.69995, 9.72633],
			"rotation": {"angle": 0, "axis": "x", "origin": [8, 15.44995, 7.97633]},
			"faces": {
				"north": {"uv": [6, 6, 6.875, 7.125], "texture": "#1"},
				"east": {"uv": [0, 6.25, 0.875, 7.375], "texture": "#1"},
				"south": {"uv": [1, 6.25, 1.875, 7.375], "texture": "#1"},
				"west": {"uv": [2, 6.25, 2.875, 7.375], "texture": "#1"},
				"up": {"uv": [7.875, 6.625, 7, 5.75], "texture": "#1"},
				"down": {"uv": [7.875, 6.75, 7, 7.625], "texture": "#1"}
			}
		},
		{
			"from": [7.3, 13.89995, 9.72633],
			"to": [8.7, 15.99995, 10.62633],
			"rotation": {"angle": 0, "axis": "y", "origin": [8, 15.44995, 7.97633]},
			"faces": {
				"north": {"uv": [9, 2, 9.375, 2.5], "texture": "#1"},
				"east": {"uv": [6.75, 7.25, 7, 7.75], "texture": "#1"},
				"south": {"uv": [9, 3, 9.375, 3.5], "texture": "#1"},
				"west": {"uv": [9, 4.25, 9.25, 4.75], "texture": "#1"},
				"up": {"uv": [7.375, 2.25, 7, 2], "texture": "#1"},
				"down": {"uv": [7.875, 3, 7.5, 3.25], "texture": "#1"}
			}
		},
		{
			"from": [5.7, 27.84879, 3.56986],
			"to": [7.1, 29.14879, 10.96986],
			"rotation": {"angle": -22.5, "axis": "x", "origin": [6.45, 28.49879, 5.91986]},
			"faces": {
				"north": {"uv": [9, 5.75, 9.375, 6.0625], "texture": "#1"},
				"east": {"uv": [7.25, 5.25, 9.125, 5.5625], "texture": "#1"},
				"south": {"uv": [6.25, 9, 6.625, 9.3125], "texture": "#1"},
				"west": {"uv": [0, 7.5, 1.875, 7.8125], "texture": "#1"},
				"up": {"uv": [4.625, 8.125, 4.25, 6.25], "texture": "#1"},
				"down": {"uv": [3.375, 7.25, 3, 9.125], "texture": "#1"}
			}
		},
		{
			"from": [8.9, 27.84879, 3.56986],
			"to": [10.3, 29.14879, 10.96986],
			"rotation": {"angle": -22.5, "axis": "x", "origin": [6.45, 28.49879, 5.91986]},
			"faces": {
				"north": {"uv": [9, 6.25, 9.375, 6.5625], "texture": "#1"},
				"east": {"uv": [7.5, 0, 9.375, 0.3125], "texture": "#1"},
				"south": {"uv": [6.75, 9, 7.125, 9.3125], "texture": "#1"},
				"west": {"uv": [7.5, 0.5, 9.375, 0.8125], "texture": "#1"},
				"up": {"uv": [3.875, 9.125, 3.5, 7.25], "texture": "#1"},
				"down": {"uv": [5.125, 7.25, 4.75, 9.125], "texture": "#1"}
			}
		},
		{
			"from": [6.9, 23.8, -0.2],
			"to": [9.1, 25.9, 3.5],
			"rotation": {"angle": 0, "axis": "y", "origin": [0, 4, -4.1]},
			"faces": {
				"north": {"uv": [8.5, 8.5, 9.0625, 9], "texture": "#1"},
				"east": {"uv": [8, 3, 8.9375, 3.5], "texture": "#1"},
				"south": {"uv": [1.75, 8.75, 2.3125, 9.25], "texture": "#1"},
				"west": {"uv": [8, 3.5, 8.9375, 4], "texture": "#1"},
				"up": {"uv": [7.8125, 8.6875, 7.25, 7.75], "texture": "#1"},
				"down": {"uv": [0.5625, 8, 0, 8.9375], "texture": "#1"}
			}
		},
		{
			"from": [6.8, 23.7, -1.4],
			"to": [9.2, 26, -0.2],
			"rotation": {"angle": 0, "axis": "y", "origin": [0, 4, -4.1]},
			"faces": {
				"north": {"uv": [8, 7.75, 8.625, 8.3125], "texture": "#1"},
				"east": {"uv": [9, 3.5, 9.3125, 4.0625], "texture": "#1"},
				"south": {"uv": [4, 8.25, 4.625, 8.8125], "texture": "#1"},
				"west": {"uv": [4, 9, 4.3125, 9.5625], "texture": "#1"},
				"up": {"uv": [9.625, 1.3125, 9, 1], "texture": "#1"},
				"down": {"uv": [9.625, 1.5, 9, 1.8125], "texture": "#1"}
			}
		},
		{
			"from": [5.1, 22.3, -3.2],
			"to": [10.9, 27.4, -1.4],
			"rotation": {"angle": 0, "axis": "y", "origin": [0, 4, -4.1]},
			"faces": {
				"north": {"uv": [0, 0, 1.4375, 1.25], "texture": "#1"},
				"east": {"uv": [2, 7.5, 2.4375, 8.75], "texture": "#1"},
				"south": {"uv": [0, 1.25, 1.4375, 2.5], "texture": "#1"},
				"west": {"uv": [2.5, 7.5, 2.9375, 8.75], "texture": "#1"},
				"up": {"uv": [8.4375, 4.6875, 7, 4.25], "texture": "#1"},
				"down": {"uv": [8.6875, 4.75, 7.25, 5.1875], "texture": "#1"}
			}
		},
		{
			"from": [5.4, 26.86148, -2.29267],
			"to": [10.6, 31.96148, -0.49267],
			"rotation": {"angle": 22.5, "axis": "x", "origin": [8, 29.41148, -1.39267]},
			"faces": {
				"north": {"uv": [1.5, 0, 2.8125, 1.25], "texture": "#1"},
				"east": {"uv": [5.25, 7.75, 5.6875, 9], "texture": "#1"},
				"south": {"uv": [1.5, 1.25, 2.8125, 2.5], "texture": "#1"},
				"west": {"uv": [5.75, 7.75, 6.1875, 9], "texture": "#1"},
				"up": {"uv": [6.5625, 7.6875, 5.25, 7.25], "texture": "#1"},
				"down": {"uv": [8.8125, 1, 7.5, 1.4375], "texture": "#1"}
			}
		},
		{
			"from": [5.4, 17.73852, -2.29267],
			"to": [10.6, 22.83852, -0.49267],
			"rotation": {"angle": -22.5, "axis": "x", "origin": [8, 20.28852, -1.39267]},
			"faces": {
				"north": {"uv": [0, 2.5, 1.3125, 3.75], "texture": "#1"},
				"east": {"uv": [6.25, 7.75, 6.6875, 9], "texture": "#1"},
				"south": {"uv": [1.5, 2.5, 2.8125, 3.75], "texture": "#1"},
				"west": {"uv": [6.75, 7.75, 7.1875, 9], "texture": "#1"},
				"up": {"uv": [8.8125, 1.9375, 7.5, 1.5], "texture": "#1"},
				"down": {"uv": [8.8125, 2, 7.5, 2.4375], "texture": "#1"}
			}
		},
		{
			"from": [7.4, -0.00005, 7.42633],
			"to": [8.6, 11.99995, 8.52633],
			"rotation": {"angle": 0, "axis": "y", "origin": [8, 15.44995, 7.97633]},
			"faces": {
				"north": {"uv": [0, 0, 1.25, 12], "texture": "#0"},
				"east": {"uv": [4, 0, 5, 12], "texture": "#0"},
				"south": {"uv": [2, 0, 3.25, 12], "texture": "#0"},
				"west": {"uv": [5, 0, 6, 12], "texture": "#0"},
				"up": {"uv": [10.25, 5, 9, 4], "texture": "#0"},
				"down": {"uv": [10.25, 5, 9, 6], "texture": "#0"}
			}
		},
		{
			"from": [6.8, 11.99995, 6.82633],
			"to": [9.2, 13.19995, 9.12633],
			"rotation": {"angle": 0, "axis": "y", "origin": [8, 15.44995, 7.97633]},
			"faces": {
				"north": {"uv": [6, 6, 8.5, 7.25], "texture": "#0"},
				"east": {"uv": [9, 0, 11.25, 1.25], "texture": "#0"},
				"south": {"uv": [6, 8, 8.5, 9.25], "texture": "#0"},
				"west": {"uv": [9, 2, 11.25, 3.25], "texture": "#0"},
				"up": {"uv": [8.5, 2.25, 6, 0], "texture": "#0"},
				"down": {"uv": [8.5, 3, 6, 5.25], "texture": "#0"}
			}
		}
	],
	"display": {
		"thirdperson_righthand": {
			"translation": [0, 3, 1.5],
			"scale": [1.25, 1.25, 1.25]
		},
		"thirdperson_lefthand": {
			"translation": [0, 3, 1.5],
			"scale": [1.25, 1.25, 1.25]
		},
		"firstperson_righthand": {
			"translation": [1.75, 0.25, 0],
			"scale": [1.25, 1.25, 1.25]
		},
		"firstperson_lefthand": {
			"translation": [1.75, 0.25, 0],
			"scale": [1.25, 1.25, 1.25]
		},
		"ground": {
			"rotation": [0, 0, 180],
			"translation": [0, 11.75, 0],
			"scale": [0.6, 0.6, 0.6]
		},
		"gui": {
			"rotation": [39, -135, 36],
			"translation": [-2.75, -4.5, 0],
			"scale": [0.6, 0.6, 0.6]
		},
		"fixed": {
			"rotation": [0, -90, 0],
			"translation": [0, -4.25, -0.75],
			"scale": [0.6, 0.6, 0.6]
		}
	},
	"groups": [
		{
			"name": "group",
			"origin": [8, 8, 8],
			"color": 0,
			"children": [0, 1, 2, 3, 4, 5, 6, 7, 8, 9, 10, 11, 12, 13, 14, 15, 16, 17]
		},
		{
			"name": "group",
			"origin": [8, 8, 8],
			"color": 0,
			"children": [18, 19]
		}
	]
}