{
	"credit": "Made with Blockbench",
	"texture_size": [32, 32],
	"textures": {
		"0": "simplyswords:item/dmsp_blade",
		"1": "simplyswords:item/dmsp_handle",
		"particle": "simplyswords:item/dmsp_handle"
	},
	"elements": [
		{
			"from": [7.9, 31.2, 8.2],
			"to": [8.1, 32, 9],
			"rotation": {"angle": -45, "axis": "x", "origin": [8, 31, 8]},
			"faces": {
				"north": {"uv": [8, 3.5, 8.125, 3.875], "texture": "#0"},
				"east": {"uv": [7, 3.5, 7.375, 3.875], "texture": "#0"},
				"south": {"uv": [8, 4, 8.125, 4.375], "texture": "#0"},
				"west": {"uv": [7, 4, 7.375, 4.375], "texture": "#0"},
				"up": {"uv": [4.625, 8.375, 4.5, 8], "texture": "#0"},
				"down": {"uv": [8.125, 4.5, 8, 4.875], "texture": "#0"}
			}
		},
		{
			"from": [7.9, 30.56109, 6.36256],
			"to": [8.1, 31.96109, 7.16256],
			"rotation": {"angle": 45, "axis": "x", "origin": [8, 30.61109, 6.76256]},
			"faces": {
				"north": {"uv": [7.5, 5.5, 7.625, 6.1875], "texture": "#0"},
				"east": {"uv": [6.5, 3.5, 6.875, 4.1875], "texture": "#0"},
				"south": {"uv": [7.5, 6.5, 7.625, 7.1875], "texture": "#0"},
				"west": {"uv": [6.5, 6, 6.875, 6.6875], "texture": "#0"},
				"up": {"uv": [5.125, 8.375, 5, 8], "texture": "#0"},
				"down": {"uv": [8.125, 5, 8, 5.375], "texture": "#0"}
			}
		},
		{
			"from": [7.9, 28.10827, 5.89729],
			"to": [8.1, 30.80827, 6.69729],
			"rotation": {"angle": 22.5, "axis": "x", "origin": [8, 29.45827, 6.29729]},
			"faces": {
				"north": {"uv": [7.5, 0.5, 7.625, 1.875], "texture": "#0"},
				"east": {"uv": [3, 5.5, 3.375, 6.875], "texture": "#0"},
				"south": {"uv": [7.5, 2, 7.625, 3.375], "texture": "#0"},
				"west": {"uv": [3.5, 5.5, 3.875, 6.875], "texture": "#0"},
				"up": {"uv": [5.625, 8.375, 5.5, 8], "texture": "#0"},
				"down": {"uv": [8.125, 5.5, 8, 5.875], "texture": "#0"}
			}
		},
		{
			"from": [7.9, 17.1641, 5.41112],
			"to": [8.1, 28.3641, 6.21112],
			"rotation": {"angle": 0, "axis": "x", "origin": [8, 27.0141, 5.81112]},
			"faces": {
				"north": {"uv": [1, 5.5, 1.125, 11.125], "texture": "#0"},
				"east": {"uv": [4, 0, 4.375, 5.625], "texture": "#0"},
				"south": {"uv": [1.5, 5.5, 1.625, 11.125], "texture": "#0"},
				"west": {"uv": [4.5, 0, 4.875, 5.625], "texture": "#0"},
				"up": {"uv": [6.125, 8.375, 6, 8], "texture": "#0"},
				"down": {"uv": [8.125, 6, 8, 6.375], "texture": "#0"}
			}
		},
		{
			"from": [7.9, 17.1641, 9.78888],
			"to": [8.1, 28.3641, 10.58888],
			"rotation": {"angle": 0, "axis": "y", "origin": [8, 27.0141, 10.18888]},
			"faces": {
				"north": {"uv": [2, 5.5, 2.125, 11.125], "texture": "#0"},
				"east": {"uv": [5, 0, 5.375, 5.625], "texture": "#0"},
				"south": {"uv": [2.5, 5.5, 2.625, 11.125], "texture": "#0"},
				"west": {"uv": [0, 5.5, 0.375, 11.125], "texture": "#0"},
				"up": {"uv": [8.125, 6.875, 8, 6.5], "texture": "#0"},
				"down": {"uv": [8.125, 7, 8, 7.375], "texture": "#0"}
			}
		},
		{
			"from": [7.8, 17.61777, 6.15],
			"to": [8.2, 28.31777, 9.85],
			"rotation": {"angle": 0, "axis": "x", "origin": [8, 18.96777, 8]},
			"faces": {
				"north": {"uv": [5.5, 0, 5.6875, 5.375], "texture": "#0"},
				"east": {"uv": [0, 0, 1.875, 5.375], "texture": "#0"},
				"south": {"uv": [0.5, 5.5, 0.6875, 10.875], "texture": "#0"},
				"west": {"uv": [2, 0, 3.875, 5.375], "texture": "#0"},
				"up": {"uv": [5.6875, 7.875, 5.5, 6], "texture": "#0"},
				"down": {"uv": [6.1875, 6, 6, 7.875], "texture": "#0"}
			}
		},
		{
			"from": [7.8, 28.31777, 6.25],
			"to": [8.2, 29.11777, 9.75],
			"rotation": {"angle": 0, "axis": "y", "origin": [8, 18.96777, 8]},
			"faces": {
				"north": {"uv": [7, 5, 7.1875, 5.375], "texture": "#0"},
				"east": {"uv": [5.5, 5.5, 7.25, 5.875], "texture": "#0"},
				"south": {"uv": [8, 0, 8.1875, 0.375], "texture": "#0"},
				"west": {"uv": [6, 0, 7.75, 0.375], "texture": "#0"},
				"up": {"uv": [6.6875, 3.25, 6.5, 1.5], "texture": "#0"},
				"down": {"uv": [4.1875, 6.5, 4, 8.25], "texture": "#0"}
			}
		},
		{
			"from": [7.8, 29.11777, 6.55],
			"to": [8.2, 29.91777, 9.45],
			"rotation": {"angle": 0, "axis": "y", "origin": [8, 18.96777, 8]},
			"faces": {
				"north": {"uv": [8, 0.5, 8.1875, 0.875], "texture": "#0"},
				"east": {"uv": [6, 0.5, 7.4375, 0.875], "texture": "#0"},
				"south": {"uv": [8, 1, 8.1875, 1.375], "texture": "#0"},
				"west": {"uv": [6, 1, 7.4375, 1.375], "texture": "#0"},
				"up": {"uv": [4.6875, 7.9375, 4.5, 6.5], "texture": "#0"},
				"down": {"uv": [5.1875, 6.5, 5, 7.9375], "texture": "#0"}
			}
		},
		{
			"from": [7.8, 29.91777, 6.85],
			"to": [8.2, 30.71777, 9.15],
			"rotation": {"angle": 0, "axis": "y", "origin": [8, 18.96777, 8]},
			"faces": {
				"north": {"uv": [8, 1.5, 8.1875, 1.875], "texture": "#0"},
				"east": {"uv": [4, 6, 5.125, 6.375], "texture": "#0"},
				"south": {"uv": [8, 2, 8.1875, 2.375], "texture": "#0"},
				"west": {"uv": [6, 4.5, 7.125, 4.875], "texture": "#0"},
				"up": {"uv": [7.1875, 7.125, 7, 6], "texture": "#0"},
				"down": {"uv": [6.6875, 7, 6.5, 8.125], "texture": "#0"}
			}
		},
		{
			"from": [7.8, 30.71777, 7.35],
			"to": [8.2, 31.41777, 8.65],
			"rotation": {"angle": 0, "axis": "y", "origin": [8, 18.96777, 8]},
			"faces": {
				"north": {"uv": [8, 2.5, 8.1875, 2.875], "texture": "#0"},
				"east": {"uv": [6, 5, 6.625, 5.375], "texture": "#0"},
				"south": {"uv": [8, 3, 8.1875, 3.375], "texture": "#0"},
				"west": {"uv": [3, 7, 3.625, 7.375], "texture": "#0"},
				"up": {"uv": [7.6875, 4.125, 7.5, 3.5], "texture": "#0"},
				"down": {"uv": [7.6875, 4.5, 7.5, 5.125], "texture": "#0"}
			}
		},
		{
			"from": [7.9, 28.10827, 9.30271],
			"to": [8.1, 30.80827, 10.10271],
			"rotation": {"angle": -22.5, "axis": "x", "origin": [8, 29.45827, 9.70271]},
			"faces": {
				"north": {"uv": [3, 7.5, 3.125, 8.875], "texture": "#0"},
				"east": {"uv": [6, 1.5, 6.375, 2.875], "texture": "#0"},
				"south": {"uv": [3.5, 7.5, 3.625, 8.875], "texture": "#0"},
				"west": {"uv": [6, 3, 6.375, 4.375], "texture": "#0"},
				"up": {"uv": [8.125, 7.875, 8, 7.5], "texture": "#0"},
				"down": {"uv": [8.125, 8, 8, 8.375], "texture": "#0"}
			}
		},
		{
			"from": [7.9, 30.57574, 8.87279],
			"to": [8.1, 31.97574, 9.67279],
			"rotation": {"angle": -45, "axis": "x", "origin": [8, 30.57574, 9.27279]},
			"faces": {
				"north": {"uv": [7, 7.5, 7.125, 8.1875], "texture": "#0"},
				"east": {"uv": [7, 1.5, 7.375, 2.1875], "texture": "#0"},
				"south": {"uv": [7.5, 7.5, 7.625, 8.1875], "texture": "#0"},
				"west": {"uv": [7, 2.5, 7.375, 3.1875], "texture": "#0"},
				"up": {"uv": [8.625, 0.375, 8.5, 0], "texture": "#0"},
				"down": {"uv": [8.625, 0.5, 8.5, 0.875], "texture": "#0"}
			}
		},
		{
			"from": [7.3, 16.21716, 6.1],
			"to": [8.7, 19.11716, 9],
			"rotation": {"angle": -45, "axis": "x", "origin": [8, 18.11716, 8]},
			"faces": {
				"north": {"uv": [3.5, 1.5, 4.1875, 2.9375], "texture": "#1"},
				"east": {"uv": [2, 0, 3.4375, 1.4375], "texture": "#1"},
				"south": {"uv": [3.5, 3, 4.1875, 4.4375], "texture": "#1"},
				"west": {"uv": [2, 1.5, 3.4375, 2.9375], "texture": "#1"},
				"up": {"uv": [5.1875, 2.9375, 4.5, 1.5], "texture": "#1"},
				"down": {"uv": [2.6875, 4.5, 2, 5.9375], "texture": "#1"}
			}
		},
		{
			"from": [7.4, 16.01716, 5.9],
			"to": [8.6, 18.41716, 8.3],
			"rotation": {"angle": -45, "axis": "x", "origin": [8, 18.11716, 8]},
			"faces": {
				"north": {"uv": [3, 4.5, 3.625, 5.6875], "texture": "#1"},
				"east": {"uv": [2, 3, 3.1875, 4.1875], "texture": "#1"},
				"south": {"uv": [4.5, 3, 5.125, 4.1875], "texture": "#1"},
				"west": {"uv": [3.5, 0, 4.6875, 1.1875], "texture": "#1"},
				"up": {"uv": [4.625, 5.6875, 4, 4.5], "texture": "#1"},
				"down": {"uv": [5.625, 0, 5, 1.1875], "texture": "#1"}
			}
		},
		{
			"from": [7.4, 18.05563, 7.3],
			"to": [8.6, 19.45563, 8.7],
			"rotation": {"angle": -45, "axis": "x", "origin": [8, 18.75563, 8]},
			"faces": {
				"north": {"uv": [5, 5.5, 5.625, 6.1875], "texture": "#1"},
				"east": {"uv": [5, 4.5, 5.6875, 5.1875], "texture": "#1"},
				"south": {"uv": [6, 0, 6.625, 0.6875], "texture": "#1"},
				"west": {"uv": [5.5, 1.5, 6.1875, 2.1875], "texture": "#1"},
				"up": {"uv": [2.625, 6.6875, 2, 6], "texture": "#1"},
				"down": {"uv": [3.625, 6, 3, 6.6875], "texture": "#1"}
			}
		},
		{
			"from": [7.5, 18.15563, 7.4],
			"to": [8.5, 19.55563, 8.8],
			"rotation": {"angle": -45, "axis": "x", "origin": [8, 18.75563, 8]},
			"faces": {
				"north": {"uv": [2, 7, 2.5, 7.6875], "texture": "#1"},
				"east": {"uv": [5.5, 2.5, 6.1875, 3.1875], "texture": "#1"},
				"south": {"uv": [2.5, 7, 3, 7.6875], "texture": "#1"},
				"west": {"uv": [5.5, 3.5, 6.1875, 4.1875], "texture": "#1"},
				"up": {"uv": [3.5, 7.6875, 3, 7], "texture": "#1"},
				"down": {"uv": [4, 7, 3.5, 7.6875], "texture": "#1"}
			}
		},
		{
			"from": [7.4, 16.62721, 7.4],
			"to": [8.6, 17.12721, 8.6],
			"rotation": {"angle": 0, "axis": "y", "origin": [8, 17.82721, 9.35]},
			"faces": {
				"north": {"uv": [1, 8, 1.625, 8.25], "texture": "#1"},
				"east": {"uv": [8, 1.5, 8.625, 1.75], "texture": "#1"},
				"south": {"uv": [2, 8, 2.625, 8.25], "texture": "#1"},
				"west": {"uv": [8, 2, 8.625, 2.25], "texture": "#1"},
				"up": {"uv": [7.125, 1.625, 6.5, 1], "texture": "#1"},
				"down": {"uv": [7.125, 2, 6.5, 2.625], "texture": "#1"}
			}
		},
		{
			"from": [7.5, 1.62721, 7.5],
			"to": [8.5, 2.12721, 8.5],
			"rotation": {"angle": 0, "axis": "y", "origin": [8, 17.82721, 9.35]},
			"faces": {
				"north": {"uv": [8, 3, 8.5, 3.25], "texture": "#1"},
				"east": {"uv": [3.5, 8, 4, 8.25], "texture": "#1"},
				"south": {"uv": [8, 3.5, 8.5, 3.75], "texture": "#1"},
				"west": {"uv": [4, 8, 4.5, 8.25], "texture": "#1"},
				"up": {"uv": [6.5, 1.5, 6, 1], "texture": "#1"},
				"down": {"uv": [8, 1.5, 7.5, 2], "texture": "#1"}
			}
		},
		{
			"from": [7.4, 0.62721, 7.4],
			"to": [8.6, 1.62721, 8.6],
			"rotation": {"angle": 0, "axis": "y", "origin": [8, 17.82721, 9.35]},
			"faces": {
				"north": {"uv": [6.5, 7, 7.125, 7.5], "texture": "#1"},
				"east": {"uv": [0, 7.5, 0.625, 8], "texture": "#1"},
				"south": {"uv": [1, 7.5, 1.625, 8], "texture": "#1"},
				"west": {"uv": [7.5, 1, 8.125, 1.5], "texture": "#1"},
				"up": {"uv": [7.125, 3.625, 6.5, 3], "texture": "#1"},
				"down": {"uv": [7.125, 4, 6.5, 4.625], "texture": "#1"}
			}
		},
		{
			"from": [7.7, 2.12721, 7.7],
			"to": [8.3, 16.62721, 8.3],
			"rotation": {"angle": 0, "axis": "y", "origin": [8, 17.82721, 9.35]},
			"faces": {
				"north": {"uv": [0, 0, 0.3125, 7.25], "texture": "#1"},
				"east": {"uv": [0.5, 0, 0.8125, 7.25], "texture": "#1"},
				"south": {"uv": [1, 0, 1.3125, 7.25], "texture": "#1"},
				"west": {"uv": [1.5, 0, 1.8125, 7.25], "texture": "#1"},
				"up": {"uv": [4.8125, 8.3125, 4.5, 8], "texture": "#1"},
				"down": {"uv": [5.3125, 8, 5, 8.3125], "texture": "#1"}
			}
		},
		{
			"from": [7.6, 14.32721, 7.6],
			"to": [8.4, 16.62721, 8.4],
			"rotation": {"angle": 0, "axis": "y", "origin": [8, 17.82721, 9.35]},
			"faces": {
				"north": {"uv": [4, 6, 4.375, 7.125], "texture": "#1"},
				"east": {"uv": [4.5, 6, 4.875, 7.125], "texture": "#1"},
				"south": {"uv": [6, 4.5, 6.375, 5.625], "texture": "#1"},
				"west": {"uv": [6, 6, 6.375, 7.125], "texture": "#1"},
				"up": {"uv": [8.375, 2.875, 8, 2.5], "texture": "#1"},
				"down": {"uv": [3.375, 8, 3, 8.375], "texture": "#1"}
			}
		},
		{
			"from": [7.4, 17.12721, 5.29584],
			"to": [8.6, 17.92721, 6.39584],
			"rotation": {"angle": 0, "axis": "y", "origin": [8, 17.52721, 15.74584]},
			"faces": {
				"north": {"uv": [4, 7.5, 4.625, 7.875], "texture": "#1"},
				"east": {"uv": [7.5, 5, 8.0625, 5.375], "texture": "#1"},
				"south": {"uv": [7.5, 4, 8.125, 4.375], "texture": "#1"},
				"west": {"uv": [7.5, 5.5, 8.0625, 5.875], "texture": "#1"},
				"up": {"uv": [5.625, 7.0625, 5, 6.5], "texture": "#1"},
				"down": {"uv": [7.125, 5, 6.5, 5.5625], "texture": "#1"}
			}
		},
		{
			"from": [7.4, 17.12721, 9.59584],
			"to": [8.6, 17.92721, 10.69584],
			"rotation": {"angle": 0, "axis": "y", "origin": [8, 17.52721, 15.74584]},
			"faces": {
				"north": {"uv": [7.5, 4.5, 8.125, 4.875], "texture": "#1"},
				"east": {"uv": [6, 7.5, 6.5625, 7.875], "texture": "#1"},
				"south": {"uv": [5, 7.5, 5.625, 7.875], "texture": "#1"},
				"west": {"uv": [7.5, 6, 8.0625, 6.375], "texture": "#1"},
				"up": {"uv": [7.125, 6.5625, 6.5, 6], "texture": "#1"},
				"down": {"uv": [7.625, 0, 7, 0.5625], "texture": "#1"}
			}
		},
		{
			"from": [7.5, 16.96631, 4.48697],
			"to": [8.5, 17.76631, 5.48697],
			"rotation": {"angle": -22.5, "axis": "x", "origin": [8, 17.36631, 4.98697]},
			"faces": {
				"north": {"uv": [7.5, 6.5, 8, 6.875], "texture": "#1"},
				"east": {"uv": [7, 7.5, 7.5, 7.875], "texture": "#1"},
				"south": {"uv": [7.5, 7, 8, 7.375], "texture": "#1"},
				"west": {"uv": [7.5, 7.5, 8, 7.875], "texture": "#1"},
				"up": {"uv": [8, 2.5, 7.5, 2], "texture": "#1"},
				"down": {"uv": [8, 2.5, 7.5, 3], "texture": "#1"}
			}
		},
		{
			"from": [7.5, 16.96631, 10.5047],
			"to": [8.5, 17.76631, 11.5047],
			"rotation": {"angle": 22.5, "axis": "x", "origin": [8, 17.36631, 11.0047]},
			"faces": {
				"north": {"uv": [0, 8, 0.5, 8.375], "texture": "#1"},
				"east": {"uv": [8, 0, 8.5, 0.375], "texture": "#1"},
				"south": {"uv": [0.5, 8, 1, 8.375], "texture": "#1"},
				"west": {"uv": [8, 0.5, 8.5, 0.875], "texture": "#1"},
				"up": {"uv": [8, 3.5, 7.5, 3], "texture": "#1"},
				"down": {"uv": [8, 3.5, 7.5, 4], "texture": "#1"}
			}
		}
	],
	"display": {
		"thirdperson_righthand": {
			"rotation": [0, 180, 0],
			"translation": [0, 2.75, 1],
			"scale": [1.38, 1.38, 1.38]
		},
		"thirdperson_lefthand": {
			"rotation": [0, 180, 0],
			"translation": [0, 2.75, 1],
			"scale": [1.38, 1.38, 1.38]
		},
		"firstperson_righthand": {
			"rotation": [0, 180, 0],
			"translation": [0, -2.25, 0],
			"scale": [1.38, 1.38, 1.38]
		},
		"firstperson_lefthand": {
			"rotation": [0, -180, 0],
			"translation": [0, -2.25, 0],
			"scale": [1.38, 1.38, 1.38]
		},
		"ground": {
			"translation": [0, 5.25, 0]
		},
		"gui": {
			"rotation": [15, 57, -45],
			"translation": [-0.75, -4, 0],
			"scale": [0.56, 0.56, 0.56]
		},
		"fixed": {
			"rotation": [0, 0, 46],
			"translation": [0, 0, -2.5]
		}
	},
	"groups": [
		{
			"name": "group",
			"origin": [8, 8, 8],
			"color": 0,
			"children": [0, 1, 2, 3, 4, 5, 6, 7, 8, 9, 10, 11]
		},
		{
			"name": "group",
			"origin": [8, 8, 8],
			"color": 0,
			"children": [12, 13, 14, 15, 16, 17, 18, 19, 20, 21, 22, 23, 24]
		}
	]
}