{
	"credit": "Made with Blockbench",
	"texture_size": [32, 32],
	"textures": {
		"0": "simplyswords:item/broadsword_hilt",
		"1": "simplyswords:item/broadsword_blade",
		"particle": "simplyswords:item/broadsword_hilt"
	},
	"elements": [
		{
			"from": [6.8, 10.9, 7.6],
			"to": [8.5, 12.6, 8.4],
			"rotation": {"angle": -45, "axis": "z", "origin": [8, 11.4, 8]},
			"faces": {
				"north": {"uv": [5, 0, 6.75, 1.75], "texture": "#0"},
				"east": {"uv": [0, 9, 0.75, 10.75], "texture": "#0"},
				"south": {"uv": [2, 5, 3.75, 6.75], "texture": "#0"},
				"west": {"uv": [9, 0, 9.75, 1.75], "texture": "#0"},
				"up": {"uv": [2.75, 9.75, 1, 9], "texture": "#0"},
				"down": {"uv": [4.75, 9, 3, 9.75], "texture": "#0"}
			}
		},
		{
			"from": [6.5, 10.7, 7.5],
			"to": [9.5, 11.9, 8.5],
			"rotation": {"angle": 0, "axis": "y", "origin": [8, 11.4, 8]},
			"faces": {
				"north": {"uv": [0, 0, 3, 1.25], "texture": "#0"},
				"east": {"uv": [5, 9, 6, 10.25], "texture": "#0"},
				"south": {"uv": [0, 2, 3, 3.25], "texture": "#0"},
				"west": {"uv": [6, 9, 7, 10.25], "texture": "#0"},
				"up": {"uv": [8, 3, 5, 2], "texture": "#0"},
				"down": {"uv": [8, 3, 5, 4], "texture": "#0"}
			}
		},
		{
			"from": [7.5, 9.5, 7.5],
			"to": [8.5, 10.7, 8.5],
			"rotation": {"angle": 0, "axis": "y", "origin": [8, 11.4, 8]},
			"faces": {
				"north": {"uv": [7, 9, 8, 10.25], "texture": "#0"},
				"east": {"uv": [8, 9, 9, 10.25], "texture": "#0"},
				"south": {"uv": [9, 9, 10, 10.25], "texture": "#0"},
				"west": {"uv": [10, 0, 11, 1.25], "texture": "#0"},
				"up": {"uv": [3, 5, 2, 4], "texture": "#0"},
				"down": {"uv": [6, 4, 5, 5], "texture": "#0"}
			}
		},
		{
			"from": [7.5, 3.7, 7.5],
			"to": [8.5, 4.9, 8.5],
			"rotation": {"angle": 0, "axis": "y", "origin": [8, 11.4, 8]},
			"faces": {
				"north": {"uv": [1, 10, 2, 11.25], "texture": "#0"},
				"east": {"uv": [2, 10, 3, 11.25], "texture": "#0"},
				"south": {"uv": [10, 2, 11, 3.25], "texture": "#0"},
				"west": {"uv": [3, 10, 4, 11.25], "texture": "#0"},
				"up": {"uv": [11, 11, 10, 10], "texture": "#0"},
				"down": {"uv": [1, 11, 0, 12], "texture": "#0"}
			}
		},
		{
			"from": [7.6, 4.9, 7.6],
			"to": [8.4, 9.5, 8.4],
			"rotation": {"angle": 0, "axis": "y", "origin": [8, 11.4, 8]},
			"faces": {
				"north": {"uv": [3, 0, 3.75, 4.625], "texture": "#0"},
				"east": {"uv": [0, 4, 0.75, 8.625], "texture": "#0"},
				"south": {"uv": [4, 0, 4.75, 4.625], "texture": "#0"},
				"west": {"uv": [1, 4, 1.75, 8.625], "texture": "#0"},
				"up": {"uv": [11.75, 8.75, 11, 8], "texture": "#0"},
				"down": {"uv": [11.75, 9, 11, 9.75], "texture": "#0"}
			}
		},
		{
			"from": [9.10292, 11.49623, 7.6],
			"to": [11.00292, 12.69623, 8.4],
			"rotation": {"angle": 22.5, "axis": "z", "origin": [11.30292, 12.09623, 8]},
			"faces": {
				"north": {"uv": [4, 5, 5.875, 6.25], "texture": "#0"},
				"east": {"uv": [11, 0, 11.75, 1.25], "texture": "#0"},
				"south": {"uv": [6, 4, 7.875, 5.25], "texture": "#0"},
				"west": {"uv": [11, 2, 11.75, 3.25], "texture": "#0"},
				"up": {"uv": [7.875, 8.75, 6, 8], "texture": "#0"},
				"down": {"uv": [9.875, 6, 8, 6.75], "texture": "#0"}
			}
		},
		{
			"from": [10.90286, 11.57311, 7.7],
			"to": [12.10286, 13.47311, 8.3],
			"rotation": {"angle": -45, "axis": "z", "origin": [11.50286, 12.52311, 8]},
			"faces": {
				"north": {"uv": [6, 6, 7.25, 7.875], "texture": "#0"},
				"east": {"uv": [4, 10, 4.625, 11.875], "texture": "#0"},
				"south": {"uv": [7, 0, 8.25, 1.875], "texture": "#0"},
				"west": {"uv": [10, 4, 10.625, 5.875], "texture": "#0"},
				"up": {"uv": [7.25, 11.625, 6, 11], "texture": "#0"},
				"down": {"uv": [12.25, 6, 11, 6.625], "texture": "#0"}
			}
		},
		{
			"from": [3.89714, 11.57311, 7.7],
			"to": [5.09714, 13.47311, 8.3],
			"rotation": {"angle": 45, "axis": "z", "origin": [4.49714, 12.52311, 8]},
			"faces": {
				"north": {"uv": [2, 7, 3.25, 8.875], "texture": "#0"},
				"east": {"uv": [10, 6, 10.625, 7.875], "texture": "#0"},
				"south": {"uv": [4, 7, 5.25, 8.875], "texture": "#0"},
				"west": {"uv": [10, 8, 10.625, 9.875], "texture": "#0"},
				"up": {"uv": [12.25, 7.625, 11, 7], "texture": "#0"},
				"down": {"uv": [9.25, 11, 8, 11.625], "texture": "#0"}
			}
		},
		{
			"from": [4.99708, 11.49623, 7.6],
			"to": [6.89708, 12.69623, 8.4],
			"rotation": {"angle": -22.5, "axis": "z", "origin": [4.69708, 12.09623, 8]},
			"faces": {
				"north": {"uv": [8, 2, 9.875, 3.25], "texture": "#0"},
				"east": {"uv": [11, 4, 11.75, 5.25], "texture": "#0"},
				"south": {"uv": [8, 4, 9.875, 5.25], "texture": "#0"},
				"west": {"uv": [5, 11, 5.75, 12.25], "texture": "#0"},
				"up": {"uv": [9.875, 7.75, 8, 7], "texture": "#0"},
				"down": {"uv": [9.875, 8, 8, 8.75], "texture": "#0"}
			}
		},
		{
			"from": [9.53736, 11.9299, 7.9],
			"to": [10.03736, 25.4299, 8.1],
			"rotation": {"angle": 0, "axis": "y", "origin": [9.78736, 23.2299, 8]},
			"faces": {
				"north": {"uv": [4, 0, 4.25, 6.75], "texture": "#1"},
				"east": {"uv": [7, 0, 7.125, 6.75], "texture": "#1"},
				"south": {"uv": [4.5, 0, 4.75, 6.75], "texture": "#1"},
				"west": {"uv": [4, 7, 4.125, 13.75], "texture": "#1"},
				"up": {"uv": [8.75, 8.125, 8.5, 8], "texture": "#1"},
				"down": {"uv": [8.75, 8.5, 8.5, 8.625], "texture": "#1"}
			}
		},
		{
			"from": [7.96825, 25.01833, 7.9],
			"to": [8.46825, 29.41833, 8.1],
			"rotation": {"angle": 22.5, "axis": "z", "origin": [8.21825, 29.16833, 8]},
			"faces": {
				"north": {"uv": [5.5, 7, 5.75, 9.1875], "texture": "#1"},
				"east": {"uv": [3.5, 7.5, 3.625, 9.6875], "texture": "#1"},
				"south": {"uv": [7, 7, 7.25, 9.1875], "texture": "#1"},
				"west": {"uv": [7.5, 4.5, 7.625, 6.6875], "texture": "#1"},
				"up": {"uv": [9.25, 0.125, 9, 0], "texture": "#1"},
				"down": {"uv": [0.75, 9, 0.5, 9.125], "texture": "#1"}
			}
		},
		{
			"from": [7.53175, 25.01833, 7.9],
			"to": [8.03175, 29.41833, 8.1],
			"rotation": {"angle": -22.5, "axis": "z", "origin": [7.78175, 29.16833, 8]},
			"faces": {
				"north": {"uv": [0, 7.5, 0.25, 9.6875], "texture": "#1"},
				"east": {"uv": [6, 7.5, 6.125, 9.6875], "texture": "#1"},
				"south": {"uv": [7.5, 0, 7.75, 2.1875], "texture": "#1"},
				"west": {"uv": [6.5, 7.5, 6.625, 9.6875], "texture": "#1"},
				"up": {"uv": [1.25, 9.125, 1, 9], "texture": "#1"},
				"down": {"uv": [1.75, 9, 1.5, 9.125], "texture": "#1"}
			}
		},
		{
			"from": [5.96264, 11.9299, 7.9],
			"to": [6.46264, 25.4299, 8.1],
			"rotation": {"angle": 0, "axis": "y", "origin": [6.21264, 23.2299, 8]},
			"faces": {
				"north": {"uv": [5, 0, 5.25, 6.75], "texture": "#1"},
				"east": {"uv": [4.5, 7, 4.625, 13.75], "texture": "#1"},
				"south": {"uv": [5.5, 0, 5.75, 6.75], "texture": "#1"},
				"west": {"uv": [5, 7, 5.125, 13.75], "texture": "#1"},
				"up": {"uv": [9.25, 1.625, 9, 1.5], "texture": "#1"},
				"down": {"uv": [2.25, 9, 2, 9.125], "texture": "#1"}
			}
		},
		{
			"from": [7.75, 29.24497, 7.9],
			"to": [8.25, 29.74497, 8.1],
			"rotation": {"angle": -45, "axis": "z", "origin": [8, 29.49497, 8]},
			"faces": {
				"north": {"uv": [8, 8, 8.25, 8.25], "texture": "#1"},
				"east": {"uv": [9, 2, 9.125, 2.25], "texture": "#1"},
				"south": {"uv": [0.5, 8.5, 0.75, 8.75], "texture": "#1"},
				"west": {"uv": [2.5, 9, 2.625, 9.25], "texture": "#1"},
				"up": {"uv": [9.25, 2.625, 9, 2.5], "texture": "#1"},
				"down": {"uv": [3.25, 9, 3, 9.125], "texture": "#1"}
			}
		},
		{
			"from": [6.45, 11.84497, 7.8],
			"to": [9.55, 26.04497, 8.2],
			"rotation": {"angle": 0, "axis": "y", "origin": [8, 29.49497, 8]},
			"faces": {
				"north": {"uv": [0, 0, 1.5625, 7.125], "texture": "#1"},
				"east": {"uv": [6, 0, 6.1875, 7.125], "texture": "#1"},
				"south": {"uv": [2, 0, 3.5625, 7.125], "texture": "#1"},
				"west": {"uv": [6.5, 0, 6.6875, 7.125], "texture": "#1"},
				"up": {"uv": [9.0625, 3.6875, 7.5, 3.5], "texture": "#1"},
				"down": {"uv": [9.0625, 4, 7.5, 4.1875], "texture": "#1"}
			}
		},
		{
			"from": [6.75, 26.04497, 7.8],
			"to": [9.25, 26.64497, 8.2],
			"rotation": {"angle": 0, "axis": "y", "origin": [8, 29.49497, 8]},
			"faces": {
				"north": {"uv": [0.5, 7.5, 1.75, 7.8125], "texture": "#1"},
				"east": {"uv": [1, 8.5, 1.1875, 8.8125], "texture": "#1"},
				"south": {"uv": [2, 7.5, 3.25, 7.8125], "texture": "#1"},
				"west": {"uv": [1.5, 8.5, 1.6875, 8.8125], "texture": "#1"},
				"up": {"uv": [8.75, 7.1875, 7.5, 7], "texture": "#1"},
				"down": {"uv": [8.75, 7.5, 7.5, 7.6875], "texture": "#1"}
			}
		},
		{
			"from": [6.95, 26.64497, 7.8],
			"to": [9.05, 27.24497, 8.2],
			"rotation": {"angle": 0, "axis": "y", "origin": [8, 29.49497, 8]},
			"faces": {
				"north": {"uv": [7.5, 2.5, 8.5625, 2.8125], "texture": "#1"},
				"east": {"uv": [2, 8.5, 2.1875, 8.8125], "texture": "#1"},
				"south": {"uv": [7.5, 3, 8.5625, 3.3125], "texture": "#1"},
				"west": {"uv": [2.5, 8.5, 2.6875, 8.8125], "texture": "#1"},
				"up": {"uv": [9.0625, 0.6875, 8, 0.5], "texture": "#1"},
				"down": {"uv": [9.0625, 1, 8, 1.1875], "texture": "#1"}
			}
		},
		{
			"from": [7.25, 27.24497, 7.8],
			"to": [8.75, 27.84497, 8.2],
			"rotation": {"angle": 0, "axis": "y", "origin": [8, 29.49497, 8]},
			"faces": {
				"north": {"uv": [8, 0, 8.75, 0.3125], "texture": "#1"},
				"east": {"uv": [3, 8.5, 3.1875, 8.8125], "texture": "#1"},
				"south": {"uv": [0.5, 8, 1.25, 8.3125], "texture": "#1"},
				"west": {"uv": [8.5, 4.5, 8.6875, 4.8125], "texture": "#1"},
				"up": {"uv": [8.75, 2.1875, 8, 2], "texture": "#1"},
				"down": {"uv": [3.25, 8, 2.5, 8.1875], "texture": "#1"}
			}
		},
		{
			"from": [7.45, 27.84497, 7.8],
			"to": [8.55, 28.44497, 8.2],
			"rotation": {"angle": 0, "axis": "y", "origin": [8, 29.49497, 8]},
			"faces": {
				"north": {"uv": [1.5, 8, 2.0625, 8.3125], "texture": "#1"},
				"east": {"uv": [8.5, 5, 8.6875, 5.3125], "texture": "#1"},
				"south": {"uv": [8, 1.5, 8.5625, 1.8125], "texture": "#1"},
				"west": {"uv": [8.5, 6.5, 8.6875, 6.8125], "texture": "#1"},
				"up": {"uv": [8.5625, 5.6875, 8, 5.5], "texture": "#1"},
				"down": {"uv": [8.5625, 6, 8, 6.1875], "texture": "#1"}
			}
		},
		{
			"from": [7.65, 28.44497, 7.8],
			"to": [8.35, 29.04497, 8.2],
			"rotation": {"angle": 0, "axis": "y", "origin": [8, 29.49497, 8]},
			"faces": {
				"north": {"uv": [8, 4.5, 8.375, 4.8125], "texture": "#1"},
				"east": {"uv": [7.5, 8.5, 7.6875, 8.8125], "texture": "#1"},
				"south": {"uv": [8, 5, 8.375, 5.3125], "texture": "#1"},
				"west": {"uv": [8, 8.5, 8.1875, 8.8125], "texture": "#1"},
				"up": {"uv": [8.375, 6.6875, 8, 6.5], "texture": "#1"},
				"down": {"uv": [7.875, 8, 7.5, 8.1875], "texture": "#1"}
			}
		}
	],
	"display": {
		"thirdperson_righthand": {
			"rotation": [0, 90, 0],
			"translation": [0, -2, 1]
		},
		"thirdperson_lefthand": {
			"rotation": [0, 90, 0],
			"translation": [0, -2, 1]
		},
		"firstperson_righthand": {
			"rotation": [0, 90, 0],
			"translation": [0, -2.25, 0]
		},
		"firstperson_lefthand": {
			"rotation": [0, 90, 0],
			"translation": [0, -2.25, 0]
		},
		"ground": {
			"rotation": [0, 0, 180],
			"translation": [0, 17.75, 0]
		},
		"gui": {
			"rotation": [0, 0, 155],
			"translation": [2.5, 5, 0],
			"scale": [0.6, 0.6, 0.6]
		},
		"fixed": {
			"rotation": [0, 0, 47],
			"translation": [6, -5, 0]
		}
	},
	"groups": [
		{
			"name": "group",
			"origin": [8, 8, 8],
			"color": 0,
			"children": [0, 1, 2, 3, 4, 5, 6, 7, 8]
		},
		{
			"name": "group",
			"origin": [8, 8, 8],
			"color": 0,
			"children": [9, 10, 11, 12, 13, 14, 15, 16, 17, 18, 19]
		}
	]
}