{
	"credit": "Made with Blockbench",
	"textures": {
		"0": "simplyswords:item/estoc_hilt",
		"1": "simplyswords:item/estoc_blade",
		"particle": "simplyswords:item/estoc_hilt"
	},
	"elements": [
		{
			"from": [7.95, 22.61066, 7.8],
			"to": [8.25, 22.91066, 8],
			"rotation": {"angle": 45, "axis": "z", "origin": [8, 22.66066, 7.9]},
			"faces": {
				"north": {"uv": [13, 1, 13.25, 1.25], "texture": "#1"},
				"east": {"uv": [2, 13, 2.25, 13.25], "texture": "#1"},
				"south": {"uv": [13, 2, 13.25, 2.25], "texture": "#1"},
				"west": {"uv": [3, 13, 3.25, 13.25], "texture": "#1"},
				"up": {"uv": [13.25, 3.25, 13, 3], "texture": "#1"},
				"down": {"uv": [4.25, 13, 4, 13.25], "texture": "#1"}
			}
		},
		{
			"from": [7.75, 10.15208, 7.7],
			"to": [8.25, 22.25208, 8.1],
			"rotation": {"angle": 0, "axis": "y", "origin": [8, 22.80208, 7.9]},
			"faces": {
				"north": {"uv": [0, 0, 0.5, 12.125], "texture": "#1"},
				"east": {"uv": [2, 0, 2.375, 12.125], "texture": "#1"},
				"south": {"uv": [1, 0, 1.5, 12.125], "texture": "#1"},
				"west": {"uv": [3, 0, 3.375, 12.125], "texture": "#1"},
				"up": {"uv": [12.5, 0.375, 12, 0], "texture": "#1"},
				"down": {"uv": [12.5, 1, 12, 1.375], "texture": "#1"}
			}
		},
		{
			"from": [7.85, 22.25208, 7.7],
			"to": [8.15, 22.65208, 8.1],
			"rotation": {"angle": 0, "axis": "y", "origin": [8, 22.80208, 7.9]},
			"faces": {
				"north": {"uv": [12, 12, 12.25, 12.375], "texture": "#1"},
				"east": {"uv": [12, 10, 12.375, 10.375], "texture": "#1"},
				"south": {"uv": [0, 13, 0.25, 13.375], "texture": "#1"},
				"west": {"uv": [12, 11, 12.375, 11.375], "texture": "#1"},
				"up": {"uv": [13.25, 0.375, 13, 0], "texture": "#1"},
				"down": {"uv": [1.25, 13, 1, 13.375], "texture": "#1"}
			}
		},
		{
			"from": [8.02683, 22.12544, 7.8],
			"to": [8.32683, 22.72544, 8],
			"rotation": {"angle": 22.5, "axis": "z", "origin": [8.07683, 22.47544, 7.9]},
			"faces": {
				"north": {"uv": [12, 2, 12.25, 2.625], "texture": "#1"},
				"east": {"uv": [12, 3, 12.25, 3.625], "texture": "#1"},
				"south": {"uv": [12, 4, 12.25, 4.625], "texture": "#1"},
				"west": {"uv": [12, 5, 12.25, 5.625], "texture": "#1"},
				"up": {"uv": [13.25, 4.25, 13, 4], "texture": "#1"},
				"down": {"uv": [5.25, 13, 5, 13.25], "texture": "#1"}
			}
		},
		{
			"from": [7.55826, 10.04775, 7.8],
			"to": [7.85826, 22.24775, 8],
			"rotation": {"angle": 0, "axis": "y", "origin": [7.80826, 21.74775, 7.9]},
			"faces": {
				"north": {"uv": [8, 0, 8.25, 12.25], "texture": "#1"},
				"east": {"uv": [9, 0, 9.25, 12.25], "texture": "#1"},
				"south": {"uv": [10, 0, 10.25, 12.25], "texture": "#1"},
				"west": {"uv": [11, 0, 11.25, 12.25], "texture": "#1"},
				"up": {"uv": [13.25, 6.25, 13, 6], "texture": "#1"},
				"down": {"uv": [7.25, 13, 7, 13.25], "texture": "#1"}
			}
		},
		{
			"from": [8.14174, 10.04775, 7.8],
			"to": [8.44174, 22.24775, 8],
			"rotation": {"angle": 0, "axis": "y", "origin": [8.19174, 21.74775, 7.9]},
			"faces": {
				"north": {"uv": [8.25, 0, 8, 12.25], "texture": "#1"},
				"east": {"uv": [11.25, 0, 11, 12.25], "texture": "#1"},
				"south": {"uv": [10.25, 0, 10, 12.25], "texture": "#1"},
				"west": {"uv": [9.25, 0, 9, 12.25], "texture": "#1"},
				"up": {"uv": [13, 6.25, 13.25, 6], "texture": "#1"},
				"down": {"uv": [7, 13, 7.25, 13.25], "texture": "#1"}
			}
		},
		{
			"from": [7.67317, 22.12544, 7.8],
			"to": [7.97317, 22.72544, 8],
			"rotation": {"angle": -22.5, "axis": "z", "origin": [7.92317, 22.47544, 7.9]},
			"faces": {
				"north": {"uv": [12, 6, 12.25, 6.625], "texture": "#1"},
				"east": {"uv": [12, 7, 12.25, 7.625], "texture": "#1"},
				"south": {"uv": [12, 8, 12.25, 8.625], "texture": "#1"},
				"west": {"uv": [12, 9, 12.25, 9.625], "texture": "#1"},
				"up": {"uv": [13.25, 7.25, 13, 7], "texture": "#1"},
				"down": {"uv": [8.25, 13, 8, 13.25], "texture": "#1"}
			}
		},
		{
			"from": [6.85, 9.51066, 7.6],
			"to": [9.15, 10.21066, 8.3],
			"rotation": {"angle": 0, "axis": "y", "origin": [8, 29.86066, 8]},
			"faces": {
				"north": {"uv": [0, 0, 2.25, 0.75], "texture": "#0"},
				"east": {"uv": [2, 4, 2.75, 4.75], "texture": "#0"},
				"south": {"uv": [0, 1, 2.25, 1.75], "texture": "#0"},
				"west": {"uv": [3, 4, 3.75, 4.75], "texture": "#0"},
				"up": {"uv": [2.25, 2.75, 0, 2], "texture": "#0"},
				"down": {"uv": [2.25, 3, 0, 3.75], "texture": "#0"}
			}
		},
		{
			"from": [7.85, 5.81066, 7.8],
			"to": [8.15, 9.21066, 8.1],
			"rotation": {"angle": 0, "axis": "y", "origin": [8, 29.86066, 8]},
			"faces": {
				"north": {"uv": [3, 0, 3.25, 3.375], "texture": "#0"},
				"east": {"uv": [0, 4, 0.25, 7.375], "texture": "#0"},
				"south": {"uv": [4, 0, 4.25, 3.375], "texture": "#0"},
				"west": {"uv": [1, 4, 1.25, 7.375], "texture": "#0"},
				"up": {"uv": [7.25, 6.25, 7, 6], "texture": "#0"},
				"down": {"uv": [7.25, 7, 7, 7.25], "texture": "#0"}
			}
		},
		{
			"from": [7.75, 9.21066, 7.7],
			"to": [8.25, 9.81066, 8.2],
			"rotation": {"angle": 0, "axis": "y", "origin": [8, 29.86066, 8]},
			"faces": {
				"north": {"uv": [4, 4, 4.5, 4.625], "texture": "#0"},
				"east": {"uv": [5, 0, 5.5, 0.625], "texture": "#0"},
				"south": {"uv": [5, 1, 5.5, 1.625], "texture": "#0"},
				"west": {"uv": [2, 5, 2.5, 5.625], "texture": "#0"},
				"up": {"uv": [5.5, 2.5, 5, 2], "texture": "#0"},
				"down": {"uv": [3.5, 5, 3, 5.5], "texture": "#0"}
			}
		},
		{
			"from": [7.75, 5.41066, 7.7],
			"to": [8.25, 5.91066, 8.2],
			"rotation": {"angle": -45, "axis": "z", "origin": [8, 5.66066, 7.95]},
			"faces": {
				"north": {"uv": [5, 3, 5.5, 3.5], "texture": "#0"},
				"east": {"uv": [4, 5, 4.5, 5.5], "texture": "#0"},
				"south": {"uv": [5, 4, 5.5, 4.5], "texture": "#0"},
				"west": {"uv": [5, 5, 5.5, 5.5], "texture": "#0"},
				"up": {"uv": [6.5, 0.5, 6, 0], "texture": "#0"},
				"down": {"uv": [6.5, 1, 6, 1.5], "texture": "#0"}
			}
		},
		{
			"from": [9.15, 9.71066, 7.8],
			"to": [10.15, 10.01066, 8.1],
			"rotation": {"angle": 0, "axis": "y", "origin": [8, 29.86066, 8]},
			"faces": {
				"north": {"uv": [2, 6, 3, 6.25], "texture": "#0"},
				"east": {"uv": [0, 8, 0.25, 8.25], "texture": "#0"},
				"south": {"uv": [6, 2, 7, 2.25], "texture": "#0"},
				"west": {"uv": [8, 0, 8.25, 0.25], "texture": "#0"},
				"up": {"uv": [4, 6.25, 3, 6], "texture": "#0"},
				"down": {"uv": [7, 3, 6, 3.25], "texture": "#0"}
			}
		},
		{
			"from": [10.05, 9.61066, 7.7],
			"to": [10.55, 10.11066, 8.2],
			"rotation": {"angle": 45, "axis": "z", "origin": [10.3, 9.86066, 7.95]},
			"faces": {
				"north": {"uv": [4, 6, 4.5, 6.5], "texture": "#0"},
				"east": {"uv": [6, 4, 6.5, 4.5], "texture": "#0"},
				"south": {"uv": [5, 6, 5.5, 6.5], "texture": "#0"},
				"west": {"uv": [6, 5, 6.5, 5.5], "texture": "#0"},
				"up": {"uv": [6.5, 6.5, 6, 6], "texture": "#0"},
				"down": {"uv": [7.5, 0, 7, 0.5], "texture": "#0"}
			}
		},
		{
			"from": [5.85, 9.71066, 7.8],
			"to": [6.85, 10.01066, 8.1],
			"rotation": {"angle": 0, "axis": "y", "origin": [8, 29.86066, 8]},
			"faces": {
				"north": {"uv": [3, 6, 2, 6.25], "texture": "#0"},
				"east": {"uv": [8.25, 0, 8, 0.25], "texture": "#0"},
				"south": {"uv": [7, 2, 6, 2.25], "texture": "#0"},
				"west": {"uv": [0.25, 8, 0, 8.25], "texture": "#0"},
				"up": {"uv": [3, 6.25, 4, 6], "texture": "#0"},
				"down": {"uv": [6, 3, 7, 3.25], "texture": "#0"}
			}
		},
		{
			"from": [5.45, 9.61066, 7.7],
			"to": [5.95, 10.11066, 8.2],
			"rotation": {"angle": -45, "axis": "z", "origin": [5.7, 9.86066, 7.95]},
			"faces": {
				"north": {"uv": [4.5, 6, 4, 6.5], "texture": "#0"},
				"east": {"uv": [6.5, 5, 6, 5.5], "texture": "#0"},
				"south": {"uv": [5.5, 6, 5, 6.5], "texture": "#0"},
				"west": {"uv": [6.5, 4, 6, 4.5], "texture": "#0"},
				"up": {"uv": [6, 6.5, 6.5, 6], "texture": "#0"},
				"down": {"uv": [7, 0, 7.5, 0.5], "texture": "#0"}
			}
		}
	],
	"display": {
		"thirdperson_righthand": {
			"rotation": [0, 90, 0],
			"translation": [0, -1.5, 1],
			"scale": [1.55, 1.55, 1.55]
		},
		"thirdperson_lefthand": {
			"rotation": [0, 90, 0],
			"translation": [0, -1.5, 1],
			"scale": [1.55, 1.55, 1.55]
		},
		"firstperson_righthand": {
			"rotation": [0, 90, 0],
			"translation": [0, -2.25, 0],
			"scale": [1.55, 1.55, 1.55]
		},
		"firstperson_lefthand": {
			"rotation": [0, 90, 0],
			"translation": [0, -2.25, 0],
			"scale": [1.55, 1.55, 1.55]
		},
		"ground": {
			"rotation": [0, 0, 180],
			"translation": [0, 12.25, 0]
		},
		"gui": {
			"rotation": [0, 0, -47],
			"translation": [-5.25, -5.5, 0],
			"scale": [1.2, 1.2, 1.2]
		},
		"fixed": {
			"rotation": [0, 0, 47],
			"translation": [6, -6, 0],
			"scale": [2.03, 2.03, 2.03]
		}
	},
	"groups": [
		{
			"name": "group",
			"origin": [8, 8, 8],
			"color": 0,
			"children": [0, 1, 2, 3, 4, 5, 6]
		},
		{
			"name": "group",
			"origin": [8, 8, 8],
			"color": 0,
			"children": [7, 8, 9, 10, 11, 12, 13, 14]
		}
	]
}