{
	"credit": "Made with Blockbench",
	"texture_size": [32, 32],
	"textures": {
		"0": "simplyswords:item/iron_greatsword_hilt",
		"1": "simplyswords:item/iron_greatsword_blade",
		"particle": "simplyswords:item/iron_greatsword_hilt"
	},
	"elements": [
		{
			"from": [7.7, 21.08995, 7.9],
			"to": [8.3, 21.68995, 8.1],
			"rotation": {"angle": -45, "axis": "z", "origin": [8, 21.38995, 8]},
			"faces": {
				"north": {"uv": [6, 6, 6.3125, 6.3125], "texture": "#1"},
				"east": {"uv": [6, 6.5, 6.125, 6.8125], "texture": "#1"},
				"south": {"uv": [6.5, 0, 6.8125, 0.3125], "texture": "#1"},
				"west": {"uv": [6.5, 6, 6.625, 6.3125], "texture": "#1"},
				"up": {"uv": [6.8125, 6.625, 6.5, 6.5], "texture": "#1"},
				"down": {"uv": [7.3125, 0, 7, 0.125], "texture": "#1"}
			}
		},
		{
			"from": [6.9, 9.28995, 7.8],
			"to": [9.1, 9.88995, 8.2],
			"rotation": {"angle": 0, "axis": "z", "origin": [8, 21.38995, 8]},
			"faces": {
				"north": {"uv": [1.5, 5, 2.625, 5.3125], "texture": "#1"},
				"east": {"uv": [5, 6.5, 5.1875, 6.8125], "texture": "#1"},
				"south": {"uv": [3, 5, 4.125, 5.3125], "texture": "#1"},
				"west": {"uv": [6.5, 5, 6.6875, 5.3125], "texture": "#1"},
				"up": {"uv": [6.625, 2.1875, 5.5, 2], "texture": "#1"},
				"down": {"uv": [6.625, 2.5, 5.5, 2.6875], "texture": "#1"}
			}
		},
		{
			"from": [7.1, 9.88995, 7.8],
			"to": [8.9, 19.58995, 8.2],
			"rotation": {"angle": 0, "axis": "y", "origin": [8, 21.38995, 8]},
			"faces": {
				"north": {"uv": [0, 0, 0.875, 4.875], "texture": "#1"},
				"east": {"uv": [4, 0, 4.1875, 4.875], "texture": "#1"},
				"south": {"uv": [1, 0, 1.875, 4.875], "texture": "#1"},
				"west": {"uv": [4.5, 0, 4.6875, 4.875], "texture": "#1"},
				"up": {"uv": [6.375, 4.1875, 5.5, 4], "texture": "#1"},
				"down": {"uv": [6.375, 4.5, 5.5, 4.6875], "texture": "#1"}
			}
		},
		{
			"from": [7.4, 19.58995, 7.8],
			"to": [8.6, 20.28995, 8.2],
			"rotation": {"angle": 0, "axis": "y", "origin": [8, 21.38995, 8]},
			"faces": {
				"north": {"uv": [5.5, 1.5, 6.125, 1.875], "texture": "#1"},
				"east": {"uv": [6.5, 1.5, 6.6875, 1.875], "texture": "#1"},
				"south": {"uv": [2, 5.5, 2.625, 5.875], "texture": "#1"},
				"west": {"uv": [6.5, 4, 6.6875, 4.375], "texture": "#1"},
				"up": {"uv": [6.625, 3.1875, 6, 3], "texture": "#1"},
				"down": {"uv": [6.625, 3.5, 6, 3.6875], "texture": "#1"}
			}
		},
		{
			"from": [7.7, 20.28995, 7.8],
			"to": [8.3, 20.98995, 8.2],
			"rotation": {"angle": 0, "axis": "y", "origin": [8, 21.38995, 8]},
			"faces": {
				"north": {"uv": [6, 5, 6.3125, 5.375], "texture": "#1"},
				"east": {"uv": [4.5, 6.5, 4.6875, 6.875], "texture": "#1"},
				"south": {"uv": [6, 5.5, 6.3125, 5.875], "texture": "#1"},
				"west": {"uv": [6.5, 4.5, 6.6875, 4.875], "texture": "#1"},
				"up": {"uv": [5.8125, 6.6875, 5.5, 6.5], "texture": "#1"},
				"down": {"uv": [6.8125, 5.5, 6.5, 5.6875], "texture": "#1"}
			}
		},
		{
			"from": [8.19152, 19.24365, 7.9],
			"to": [8.79152, 21.34365, 8.1],
			"rotation": {"angle": 22.5, "axis": "z", "origin": [8.49152, 20.44365, 8]},
			"faces": {
				"north": {"uv": [4.5, 5, 4.8125, 6.0625], "texture": "#1"},
				"east": {"uv": [5.5, 5, 5.625, 6.0625], "texture": "#1"},
				"south": {"uv": [5, 5, 5.3125, 6.0625], "texture": "#1"},
				"west": {"uv": [6, 0, 6.125, 1.0625], "texture": "#1"},
				"up": {"uv": [7.3125, 0.625, 7, 0.5], "texture": "#1"},
				"down": {"uv": [7.3125, 1, 7, 1.125], "texture": "#1"}
			}
		},
		{
			"from": [8.94948, 8.83312, 7.9],
			"to": [9.54948, 10.03312, 8.1],
			"rotation": {"angle": 22.5, "axis": "z", "origin": [9.24948, 9.13312, 8]},
			"faces": {
				"north": {"uv": [3, 5.5, 3.3125, 6.125], "texture": "#1"},
				"east": {"uv": [6.5, 0.5, 6.625, 1.125], "texture": "#1"},
				"south": {"uv": [5.5, 3, 5.8125, 3.625], "texture": "#1"},
				"west": {"uv": [3, 6.5, 3.125, 7.125], "texture": "#1"},
				"up": {"uv": [1.8125, 7.125, 1.5, 7], "texture": "#1"},
				"down": {"uv": [7.3125, 1.5, 7, 1.625], "texture": "#1"}
			}
		},
		{
			"from": [8.6279, 9.8498, 7.9],
			"to": [9.2279, 19.4498, 8.1],
			"rotation": {"angle": 0, "axis": "z", "origin": [8.9279, 18.3998, 8]},
			"faces": {
				"north": {"uv": [2, 0, 2.3125, 4.8125], "texture": "#1"},
				"east": {"uv": [0, 5, 0.125, 9.8125], "texture": "#1"},
				"south": {"uv": [2.5, 0, 2.8125, 4.8125], "texture": "#1"},
				"west": {"uv": [5, 0, 5.125, 4.8125], "texture": "#1"},
				"up": {"uv": [7.3125, 2.125, 7, 2], "texture": "#1"},
				"down": {"uv": [7.3125, 2.5, 7, 2.625], "texture": "#1"}
			}
		},
		{
			"from": [7.20848, 19.24365, 7.9],
			"to": [7.80848, 21.34365, 8.1],
			"rotation": {"angle": -22.5, "axis": "z", "origin": [7.50848, 20.44365, 8]},
			"faces": {
				"north": {"uv": [5.5, 0, 5.8125, 1.0625], "texture": "#1"},
				"east": {"uv": [2, 6, 2.125, 7.0625], "texture": "#1"},
				"south": {"uv": [1.5, 5.5, 1.8125, 6.5625], "texture": "#1"},
				"west": {"uv": [2.5, 6, 2.625, 7.0625], "texture": "#1"},
				"up": {"uv": [7.3125, 3.125, 7, 3], "texture": "#1"},
				"down": {"uv": [7.3125, 3.5, 7, 3.625], "texture": "#1"}
			}
		},
		{
			"from": [6.45052, 8.83312, 7.9],
			"to": [7.05052, 10.03312, 8.1],
			"rotation": {"angle": -22.5, "axis": "z", "origin": [6.75052, 9.13312, 8]},
			"faces": {
				"north": {"uv": [3.5, 5.5, 3.8125, 6.125], "texture": "#1"},
				"east": {"uv": [3.5, 6.5, 3.625, 7.125], "texture": "#1"},
				"south": {"uv": [4, 5.5, 4.3125, 6.125], "texture": "#1"},
				"west": {"uv": [4, 6.5, 4.125, 7.125], "texture": "#1"},
				"up": {"uv": [7.3125, 4.125, 7, 4], "texture": "#1"},
				"down": {"uv": [4.8125, 7, 4.5, 7.125], "texture": "#1"}
			}
		},
		{
			"from": [6.7721, 9.8498, 7.9],
			"to": [7.3721, 19.4498, 8.1],
			"rotation": {"angle": 0, "axis": "z", "origin": [7.0721, 18.3998, 8]},
			"faces": {
				"north": {"uv": [3, 0, 3.3125, 4.8125], "texture": "#1"},
				"east": {"uv": [0.5, 5, 0.625, 9.8125], "texture": "#1"},
				"south": {"uv": [3.5, 0, 3.8125, 4.8125], "texture": "#1"},
				"west": {"uv": [1, 5, 1.125, 9.8125], "texture": "#1"},
				"up": {"uv": [7.3125, 4.625, 7, 4.5], "texture": "#1"},
				"down": {"uv": [5.3125, 7, 5, 7.125], "texture": "#1"}
			}
		},
		{
			"from": [6.3, 8.68995, 7.6],
			"to": [9.7, 9.28995, 8.4],
			"rotation": {"angle": 0, "axis": "z", "origin": [8, 21.38995, 8]},
			"faces": {
				"north": {"uv": [4, 0, 7.375, 0.625], "texture": "#0"},
				"east": {"uv": [4, 8, 4.75, 8.625], "texture": "#0"},
				"south": {"uv": [4, 1, 7.375, 1.625], "texture": "#0"},
				"west": {"uv": [8, 4, 8.75, 4.625], "texture": "#0"},
				"up": {"uv": [3.375, 0.75, 0, 0], "texture": "#0"},
				"down": {"uv": [3.375, 1, 0, 1.75], "texture": "#0"}
			}
		},
		{
			"from": [6.6, 8.08995, 7.6],
			"to": [9.4, 8.68995, 8.4],
			"rotation": {"angle": 0, "axis": "y", "origin": [8, 21.38995, 8]},
			"faces": {
				"north": {"uv": [4, 4, 6.75, 4.625], "texture": "#0"},
				"east": {"uv": [5, 8, 5.75, 8.625], "texture": "#0"},
				"south": {"uv": [4, 5, 6.75, 5.625], "texture": "#0"},
				"west": {"uv": [8, 5, 8.75, 5.625], "texture": "#0"},
				"up": {"uv": [6.75, 2.75, 4, 2], "texture": "#0"},
				"down": {"uv": [6.75, 3, 4, 3.75], "texture": "#0"}
			}
		},
		{
			"from": [7.7, 4.18995, 7.7],
			"to": [8.3, 8.08995, 8.3],
			"rotation": {"angle": 0, "axis": "y", "origin": [8, 21.38995, 8]},
			"faces": {
				"north": {"uv": [0, 2, 0.625, 5.875], "texture": "#0"},
				"east": {"uv": [1, 2, 1.625, 5.875], "texture": "#0"},
				"south": {"uv": [2, 2, 2.625, 5.875], "texture": "#0"},
				"west": {"uv": [3, 2, 3.625, 5.875], "texture": "#0"},
				"up": {"uv": [9.625, 3.625, 9, 3], "texture": "#0"},
				"down": {"uv": [4.625, 9, 4, 9.625], "texture": "#0"}
			}
		},
		{
			"from": [7.5, 3.58995, 7.6],
			"to": [8.5, 4.18995, 8.4],
			"rotation": {"angle": 0, "axis": "y", "origin": [8, 21.38995, 8]},
			"faces": {
				"north": {"uv": [6, 7, 7, 7.625], "texture": "#0"},
				"east": {"uv": [6, 8, 6.75, 8.625], "texture": "#0"},
				"south": {"uv": [7, 7, 8, 7.625], "texture": "#0"},
				"west": {"uv": [8, 6, 8.75, 6.625], "texture": "#0"},
				"up": {"uv": [1, 7.75, 0, 7], "texture": "#0"},
				"down": {"uv": [2, 7, 1, 7.75], "texture": "#0"}
			}
		},
		{
			"from": [7.3, 2.98995, 7.6],
			"to": [8.7, 3.58995, 8.4],
			"rotation": {"angle": 0, "axis": "y", "origin": [8, 21.38995, 8]},
			"faces": {
				"north": {"uv": [4, 6, 5.375, 6.625], "texture": "#0"},
				"east": {"uv": [7, 8, 7.75, 8.625], "texture": "#0"},
				"south": {"uv": [6, 6, 7.375, 6.625], "texture": "#0"},
				"west": {"uv": [8, 7, 8.75, 7.625], "texture": "#0"},
				"up": {"uv": [1.375, 6.75, 0, 6], "texture": "#0"},
				"down": {"uv": [3.375, 6, 2, 6.75], "texture": "#0"}
			}
		},
		{
			"from": [9.5243, 8.97326, 7.6],
			"to": [10.5243, 9.57326, 8.4],
			"rotation": {"angle": 22.5, "axis": "z", "origin": [10.3243, 9.27326, 8]},
			"faces": {
				"north": {"uv": [0, 8, 1, 8.625], "texture": "#0"},
				"east": {"uv": [8, 8, 8.75, 8.625], "texture": "#0"},
				"south": {"uv": [8, 0, 9, 0.625], "texture": "#0"},
				"west": {"uv": [0, 9, 0.75, 9.625], "texture": "#0"},
				"up": {"uv": [3, 7.75, 2, 7], "texture": "#0"},
				"down": {"uv": [8, 2, 7, 2.75], "texture": "#0"}
			}
		},
		{
			"from": [10.2653, 9.33832, 7.6],
			"to": [11.2653, 9.93832, 8.4],
			"rotation": {"angle": 45, "axis": "z", "origin": [10.7653, 9.63832, 8]},
			"faces": {
				"north": {"uv": [1, 8, 2, 8.625], "texture": "#0"},
				"east": {"uv": [9, 0, 9.75, 0.625], "texture": "#0"},
				"south": {"uv": [8, 1, 9, 1.625], "texture": "#0"},
				"west": {"uv": [1, 9, 1.75, 9.625], "texture": "#0"},
				"up": {"uv": [4, 7.75, 3, 7], "texture": "#0"},
				"down": {"uv": [8, 3, 7, 3.75], "texture": "#0"}
			}
		},
		{
			"from": [4.7347, 9.33832, 7.6],
			"to": [5.7347, 9.93832, 8.4],
			"rotation": {"angle": -45, "axis": "z", "origin": [5.2347, 9.63832, 8]},
			"faces": {
				"north": {"uv": [2, 8, 3, 8.625], "texture": "#0"},
				"east": {"uv": [9, 1, 9.75, 1.625], "texture": "#0"},
				"south": {"uv": [8, 2, 9, 2.625], "texture": "#0"},
				"west": {"uv": [2, 9, 2.75, 9.625], "texture": "#0"},
				"up": {"uv": [5, 7.75, 4, 7], "texture": "#0"},
				"down": {"uv": [8, 4, 7, 4.75], "texture": "#0"}
			}
		},
		{
			"from": [5.4757, 8.97326, 7.6],
			"to": [6.4757, 9.57326, 8.4],
			"rotation": {"angle": -22.5, "axis": "z", "origin": [5.6757, 9.27326, 8]},
			"faces": {
				"north": {"uv": [3, 8, 4, 8.625], "texture": "#0"},
				"east": {"uv": [9, 2, 9.75, 2.625], "texture": "#0"},
				"south": {"uv": [8, 3, 9, 3.625], "texture": "#0"},
				"west": {"uv": [3, 9, 3.75, 9.625], "texture": "#0"},
				"up": {"uv": [6, 7.75, 5, 7], "texture": "#0"},
				"down": {"uv": [8, 5, 7, 5.75], "texture": "#0"}
			}
		}
	],
	"display": {
		"thirdperson_righthand": {
			"rotation": [0, 90, 0],
			"translation": [0, 0.5, 1.25],
			"scale": [2, 2, 2]
		},
		"thirdperson_lefthand": {
			"rotation": [0, 90, 0],
			"translation": [0, 0.5, 1.25],
			"scale": [2, 2, 2]
		},
		"firstperson_righthand": {
			"rotation": [0, -90, 0],
			"translation": [0, 1.25, 0],
			"scale": [2, 2, 2]
		},
		"firstperson_lefthand": {
			"rotation": [0, -90, 0],
			"translation": [0, 1.25, 0],
			"scale": [2, 2, 2]
		},
		"ground": {
			"rotation": [0, 0, 180],
			"translation": [0, 11, 0]
		},
		"gui": {
			"rotation": [0, 0, -43],
			"translation": [-3, -3, 0]
		},
		"fixed": {
			"rotation": [0, 0, 47],
			"translation": [4.75, -4, 0],
			"scale": [1.48, 1.48, 1.48]
		}
	},
	"groups": [
		{
			"name": "group",
			"origin": [8, 8, 8],
			"color": 0,
			"children": [0, 1, 2, 3, 4, 5, 6, 7, 8, 9, 10]
		},
		{
			"name": "group",
			"origin": [8, 8, 8],
			"color": 0,
			"children": [11, 12, 13, 14, 15, 16, 17, 18, 19]
		}
	]
}