{
	"credit": "Made with Blockbench",
	"texture_size": [32, 32],
	"textures": {
		"0": "simplyswords:item/greatstar_handle",
		"1": "simplyswords:item/greatstar_head",
		"particle": "simplyswords:item/greatstar_handle"
	},
	"elements": [
		{
			"from": [7.6, 2.3, 7.6],
			"to": [8.4, 24.8, 8.4],
			"faces": {
				"north": {"uv": [0, 0, 0.375, 11.25], "texture": "#0"},
				"east": {"uv": [0.5, 0, 0.875, 11.25], "texture": "#0"},
				"south": {"uv": [1, 0, 1.375, 11.25], "texture": "#0"},
				"west": {"uv": [1.5, 0, 1.875, 11.25], "texture": "#0"},
				"up": {"uv": [3.375, 4.375, 3, 4], "texture": "#0"},
				"down": {"uv": [4.375, 3, 4, 3.375], "texture": "#0"}
			}
		},
		{
			"from": [7.4, 1.1, 7.4],
			"to": [8.6, 2.3, 8.6],
			"faces": {
				"north": {"uv": [2, 0, 2.625, 0.625], "texture": "#0"},
				"east": {"uv": [2, 1, 2.625, 1.625], "texture": "#0"},
				"south": {"uv": [2, 2, 2.625, 2.625], "texture": "#0"},
				"west": {"uv": [3, 0, 3.625, 0.625], "texture": "#0"},
				"up": {"uv": [3.625, 1.625, 3, 1], "texture": "#0"},
				"down": {"uv": [2.625, 3, 2, 3.625], "texture": "#0"}
			}
		},
		{
			"from": [7.4, 8.5, 7.4],
			"to": [8.6, 9.7, 8.6],
			"faces": {
				"north": {"uv": [3, 2, 3.625, 2.625], "texture": "#0"},
				"east": {"uv": [3, 3, 3.625, 3.625], "texture": "#0"},
				"south": {"uv": [4, 0, 4.625, 0.625], "texture": "#0"},
				"west": {"uv": [4, 1, 4.625, 1.625], "texture": "#0"},
				"up": {"uv": [2.625, 4.625, 2, 4], "texture": "#0"},
				"down": {"uv": [4.625, 2, 4, 2.625], "texture": "#0"}
			}
		},
		{
			"from": [5.8, 24.8, 5.8],
			"to": [10.2, 29.2, 10.2],
			"rotation": {"angle": 45, "axis": "x", "origin": [8, 27, 8]},
			"faces": {
				"north": {"uv": [0, 0, 2.1875, 2.1875], "texture": "#1"},
				"east": {"uv": [0, 2.5, 2.1875, 4.6875], "texture": "#1"},
				"south": {"uv": [2.5, 0, 4.6875, 2.1875], "texture": "#1"},
				"west": {"uv": [2.5, 2.5, 4.6875, 4.6875], "texture": "#1"},
				"up": {"uv": [2.1875, 7.1875, 0, 5], "texture": "#1"},
				"down": {"uv": [7.1875, 0, 5, 2.1875], "texture": "#1"}
			}
		},
		{
			"from": [3.3, 26.6, 7.6],
			"to": [12.7, 27.4, 8.4],
			"rotation": {"angle": -45, "axis": "z", "origin": [8, 27, 8]},
			"faces": {
				"north": {"uv": [2.5, 5, 7.1875, 5.375], "texture": "#1"},
				"east": {"uv": [10, 2.5, 10.375, 2.875], "texture": "#1"},
				"south": {"uv": [5, 2.5, 9.6875, 2.875], "texture": "#1"},
				"west": {"uv": [10, 3, 10.375, 3.375], "texture": "#1"},
				"up": {"uv": [9.6875, 3.375, 5, 3], "texture": "#1"},
				"down": {"uv": [9.6875, 3.5, 5, 3.875], "texture": "#1"}
			}
		},
		{
			"from": [7.6, 26.6, 3.3],
			"to": [8.4, 27.4, 12.7],
			"rotation": {"angle": -45, "axis": "x", "origin": [8, 27, 8]},
			"faces": {
				"north": {"uv": [10, 3.5, 10.375, 3.875], "texture": "#1"},
				"east": {"uv": [5, 4, 9.6875, 4.375], "texture": "#1"},
				"south": {"uv": [10, 4, 10.375, 4.375], "texture": "#1"},
				"west": {"uv": [5, 4.5, 9.6875, 4.875], "texture": "#1"},
				"up": {"uv": [2.875, 10.1875, 2.5, 5.5], "texture": "#1"},
				"down": {"uv": [3.375, 5.5, 3, 10.1875], "texture": "#1"}
			}
		},
		{
			"from": [7.6, 26.6, 3.3],
			"to": [8.4, 27.4, 12.7],
			"rotation": {"angle": 0, "axis": "y", "origin": [8, 27, 8]},
			"faces": {
				"north": {"uv": [10, 4.5, 10.375, 4.875], "texture": "#1"},
				"east": {"uv": [3.5, 5.5, 8.1875, 5.875], "texture": "#1"},
				"south": {"uv": [5.5, 10, 5.875, 10.375], "texture": "#1"},
				"west": {"uv": [3.5, 6, 8.1875, 6.375], "texture": "#1"},
				"up": {"uv": [3.875, 11.1875, 3.5, 6.5], "texture": "#1"},
				"down": {"uv": [4.375, 6.5, 4, 11.1875], "texture": "#1"}
			}
		},
		{
			"from": [3.3, 26.6, 7.6],
			"to": [12.7, 27.4, 8.4],
			"rotation": {"angle": 0, "axis": "y", "origin": [8, 27, 8]},
			"faces": {
				"north": {"uv": [4.5, 6.5, 9.1875, 6.875], "texture": "#1"},
				"east": {"uv": [6, 10, 6.375, 10.375], "texture": "#1"},
				"south": {"uv": [4.5, 7, 9.1875, 7.375], "texture": "#1"},
				"west": {"uv": [6.5, 10, 6.875, 10.375], "texture": "#1"},
				"up": {"uv": [12.1875, 0.375, 7.5, 0], "texture": "#1"},
				"down": {"uv": [12.1875, 0.5, 7.5, 0.875], "texture": "#1"}
			}
		},
		{
			"from": [3.3, 26.6, 7.6],
			"to": [12.7, 27.4, 8.4],
			"rotation": {"angle": -45, "axis": "y", "origin": [8, 27, 8]},
			"faces": {
				"north": {"uv": [7.5, 1, 12.1875, 1.375], "texture": "#1"},
				"east": {"uv": [7, 10, 7.375, 10.375], "texture": "#1"},
				"south": {"uv": [7.5, 1.5, 12.1875, 1.875], "texture": "#1"},
				"west": {"uv": [10, 7, 10.375, 7.375], "texture": "#1"},
				"up": {"uv": [12.1875, 2.375, 7.5, 2], "texture": "#1"},
				"down": {"uv": [9.1875, 7.5, 4.5, 7.875], "texture": "#1"}
			}
		},
		{
			"from": [3.3, 26.6, 7.6],
			"to": [12.7, 27.4, 8.4],
			"rotation": {"angle": 45, "axis": "z", "origin": [8, 27, 8]},
			"faces": {
				"north": {"uv": [7.5, 5, 12.1875, 5.375], "texture": "#1"},
				"east": {"uv": [7.5, 10, 7.875, 10.375], "texture": "#1"},
				"south": {"uv": [4.5, 8, 9.1875, 8.375], "texture": "#1"},
				"west": {"uv": [10, 7.5, 10.375, 7.875], "texture": "#1"},
				"up": {"uv": [9.1875, 8.875, 4.5, 8.5], "texture": "#1"},
				"down": {"uv": [13.1875, 5.5, 8.5, 5.875], "texture": "#1"}
			}
		},
		{
			"from": [7.6, 25.4, 7.6],
			"to": [8.4, 31.7, 8.4],
			"rotation": {"angle": 0, "axis": "y", "origin": [8, 27, 8]},
			"faces": {
				"north": {"uv": [2, 7.5, 2.375, 10.625], "texture": "#1"},
				"east": {"uv": [9.5, 7, 9.875, 10.125], "texture": "#1"},
				"south": {"uv": [4.5, 10, 4.875, 13.125], "texture": "#1"},
				"west": {"uv": [5, 10, 5.375, 13.125], "texture": "#1"},
				"up": {"uv": [8.375, 10.375, 8, 10], "texture": "#1"},
				"down": {"uv": [10.375, 8, 10, 8.375], "texture": "#1"}
			}
		},
		{
			"from": [7.6, 22.3, 7.6],
			"to": [8.4, 31.7, 8.4],
			"rotation": {"angle": -45, "axis": "x", "origin": [8, 27, 8]},
			"faces": {
				"north": {"uv": [0, 7.5, 0.375, 12.1875], "texture": "#1"},
				"east": {"uv": [0.5, 7.5, 0.875, 12.1875], "texture": "#1"},
				"south": {"uv": [1, 7.5, 1.375, 12.1875], "texture": "#1"},
				"west": {"uv": [1.5, 7.5, 1.875, 12.1875], "texture": "#1"},
				"up": {"uv": [8.875, 10.375, 8.5, 10], "texture": "#1"},
				"down": {"uv": [10.375, 8.5, 10, 8.875], "texture": "#1"}
			}
		},
		{
			"from": [3.3, 26.6, 7.6],
			"to": [12.7, 27.4, 8.4],
			"rotation": {"angle": 45, "axis": "y", "origin": [8, 27, 8]},
			"faces": {
				"north": {"uv": [8.5, 6, 13.1875, 6.375], "texture": "#1"},
				"east": {"uv": [9, 10, 9.375, 10.375], "texture": "#1"},
				"south": {"uv": [4.5, 9, 9.1875, 9.375], "texture": "#1"},
				"west": {"uv": [10, 9, 10.375, 9.375], "texture": "#1"},
				"up": {"uv": [9.1875, 9.875, 4.5, 9.5], "texture": "#1"},
				"down": {"uv": [14.1875, 6.5, 9.5, 6.875], "texture": "#1"}
			}
		}
	],
	"display": {
		"thirdperson_righthand": {
			"translation": [0, 0.75, 1.25],
			"scale": [1.27, 1.27, 1.27]
		},
		"thirdperson_lefthand": {
			"translation": [0, 0.75, 1.25],
			"scale": [1.27, 1.27, 1.27]
		},
		"firstperson_righthand": {
			"translation": [0, -8, 0],
			"scale": [1.27, 1.27, 1.27]
		},
		"firstperson_lefthand": {
			"translation": [0, -8, 0],
			"scale": [1.27, 1.27, 1.27]
		},
		"ground": {
			"rotation": [0, 0, 180],
			"translation": [0, 11.5, 0],
			"scale": [0.61, 0.61, 0.61]
		},
		"gui": {
			"rotation": [36, 31, -33],
			"translation": [-2.25, -4.25, 0],
			"scale": [0.611, 0.61, 0.61]
		},
		"fixed": {
			"rotation": [0, 0, 47],
			"translation": [5, -3.75, 0]
		}
	},
	"groups": [
		{
			"name": "group",
			"origin": [8, 8, 8],
			"color": 0,
			"children": [0, 1, 2]
		},
		{
			"name": "group",
			"origin": [8, 27, 8],
			"color": 0,
			"children": [3, 4, 5, 6, 7, 8, 9, 10, 11, 12]
		}
	]
}