{
	"credit": "Made with Blockbench",
	"texture_size": [32, 32],
	"textures": {
		"0": "simplyswords:item/throatripper_blade",
		"1": "simplyswords:item/throatripper_handle",
		"particle": "simplyswords:item/throatripper_handle"
	},
	"elements": [
		{
			"from": [8.2, 26.5, 9.4],
			"to": [9.7, 31.5, 10.9],
			"rotation": {"angle": 0, "axis": "y", "origin": [0, 7.4, 0]},
			"faces": {
				"north": {"uv": [0, 1, 0.75, 3.5], "texture": "#0"},
				"east": {"uv": [1, 1, 1.75, 3.5], "texture": "#0"},
				"south": {"uv": [2, 1, 2.75, 3.5], "texture": "#0"},
				"west": {"uv": [3, 1, 3.75, 3.5], "texture": "#0"},
				"up": {"uv": [8.25, 4.25, 7.5, 3.5], "texture": "#0"},
				"down": {"uv": [8.25, 6, 7.5, 6.75], "texture": "#0"}
			}
		},
		{
			"from": [8.9, 30.5, 4.9],
			"to": [9, 31.2, 9.4],
			"rotation": {"angle": 0, "axis": "y", "origin": [0, 8.1, -4.5]},
			"faces": {
				"north": {"uv": [12.5, 1.5, 12.625, 1.875], "texture": "#0"},
				"east": {"uv": [5, 6, 7.25, 6.375], "texture": "#0"},
				"south": {"uv": [12.5, 2, 12.625, 2.375], "texture": "#0"},
				"west": {"uv": [5, 6.5, 7.25, 6.875], "texture": "#0"},
				"up": {"uv": [11.125, 13.25, 11, 11], "texture": "#0"},
				"down": {"uv": [11.625, 8, 11.5, 10.25], "texture": "#0"}
			}
		},
		{
			"from": [8.9, 30.5, 2.7],
			"to": [9, 31.2, 4.9],
			"rotation": {"angle": 0, "axis": "y", "origin": [0, 11.2, -9]},
			"faces": {
				"north": {"uv": [12.5, 2.5, 12.625, 2.875], "texture": "#0"},
				"east": {"uv": [9, 1.5, 10.125, 1.875], "texture": "#0"},
				"south": {"uv": [3, 12.5, 3.125, 12.875], "texture": "#0"},
				"west": {"uv": [10, 8.5, 11.125, 8.875], "texture": "#0"},
				"up": {"uv": [0.125, 13.125, 0, 12], "texture": "#0"},
				"down": {"uv": [0.625, 12, 0.5, 13.125], "texture": "#0"}
			}
		},
		{
			"from": [8.9, 30.10569, 0.71767],
			"to": [9, 30.80569, 2.91767],
			"rotation": {"angle": -22.5, "axis": "x", "origin": [8.95, 30.45569, 1.81767]},
			"faces": {
				"north": {"uv": [3.5, 12.5, 3.625, 12.875], "texture": "#0"},
				"east": {"uv": [10, 9, 11.125, 9.375], "texture": "#0"},
				"south": {"uv": [12.5, 4, 12.625, 4.375], "texture": "#0"},
				"west": {"uv": [10, 9.5, 11.125, 9.875], "texture": "#0"},
				"up": {"uv": [1.125, 13.125, 1, 12], "texture": "#0"},
				"down": {"uv": [1.625, 12, 1.5, 13.125], "texture": "#0"}
			}
		},
		{
			"from": [8.9, 29.71138, -1.26466],
			"to": [9, 30.41138, 0.93534],
			"rotation": {"angle": 0, "axis": "y", "origin": [8.95, 30.06138, -0.16466]},
			"faces": {
				"north": {"uv": [12.5, 4.5, 12.625, 4.875], "texture": "#0"},
				"east": {"uv": [10, 10, 11.125, 10.375], "texture": "#0"},
				"south": {"uv": [12.5, 5, 12.625, 5.375], "texture": "#0"},
				"west": {"uv": [10.5, 1.5, 11.625, 1.875], "texture": "#0"},
				"up": {"uv": [12.125, 2.625, 12, 1.5], "texture": "#0"},
				"down": {"uv": [2.125, 12, 2, 13.125], "texture": "#0"}
			}
		},
		{
			"from": [8.9, 30.10569, -3.24699],
			"to": [9, 30.80569, -1.04699],
			"rotation": {"angle": 22.5, "axis": "x", "origin": [8.95, 30.45569, -2.14699]},
			"faces": {
				"north": {"uv": [12.5, 5.5, 12.625, 5.875], "texture": "#0"},
				"east": {"uv": [10.5, 4.5, 11.625, 4.875], "texture": "#0"},
				"south": {"uv": [12.5, 6, 12.625, 6.375], "texture": "#0"},
				"west": {"uv": [10, 10.5, 11.125, 10.875], "texture": "#0"},
				"up": {"uv": [2.625, 13.125, 2.5, 12], "texture": "#0"},
				"down": {"uv": [12.125, 4.5, 12, 5.625], "texture": "#0"}
			}
		},
		{
			"from": [8.9, 29.82469, -8.65964],
			"to": [9, 30.52469, -2.45964],
			"rotation": {"angle": -45, "axis": "x", "origin": [8.95, 30.17469, -3.55964]},
			"faces": {
				"north": {"uv": [12.5, 6.5, 12.625, 6.875], "texture": "#0"},
				"east": {"uv": [4, 1, 7.125, 1.375], "texture": "#0"},
				"south": {"uv": [12.5, 7.5, 12.625, 7.875], "texture": "#0"},
				"west": {"uv": [4, 1.5, 7.125, 1.875], "texture": "#0"},
				"up": {"uv": [10.125, 14.125, 10, 11], "texture": "#0"},
				"down": {"uv": [10.625, 11, 10.5, 14.125], "texture": "#0"}
			}
		},
		{
			"from": [8.9, 27.22572, -4.73412],
			"to": [9, 27.92572, 9.46588],
			"rotation": {"angle": 0, "axis": "y", "origin": [8.95, 27.57572, -2.58412]},
			"faces": {
				"north": {"uv": [8, 12.5, 8.125, 12.875], "texture": "#0"},
				"east": {"uv": [0, 0, 7.125, 0.375], "texture": "#0"},
				"south": {"uv": [12.5, 8, 12.625, 8.375], "texture": "#0"},
				"west": {"uv": [0, 0.5, 7.125, 0.875], "texture": "#0"},
				"up": {"uv": [2.125, 11.625, 2, 4.5], "texture": "#0"},
				"down": {"uv": [2.625, 4.5, 2.5, 11.625], "texture": "#0"}
			}
		},
		{
			"from": [8.8, 27.72572, -5.23412],
			"to": [9.1, 28.32572, 9.46588],
			"rotation": {"angle": 0, "axis": "y", "origin": [8.95, 27.57572, -2.58412]},
			"faces": {
				"north": {"uv": [9, 12.5, 9.125, 12.75], "texture": "#0"},
				"east": {"uv": [0, 3.5, 7.375, 3.75], "texture": "#0"},
				"south": {"uv": [12.5, 9, 12.625, 9.25], "texture": "#0"},
				"west": {"uv": [0, 4, 7.375, 4.25], "texture": "#0"},
				"up": {"uv": [0.125, 11.875, 0, 4.5], "texture": "#0"},
				"down": {"uv": [0.625, 4.5, 0.5, 11.875], "texture": "#0"}
			}
		},
		{
			"from": [8.8, 28.32572, -5.03412],
			"to": [9.1, 28.62572, 9.46588],
			"rotation": {"angle": 0, "axis": "y", "origin": [8.95, 27.57572, -2.58412]},
			"faces": {
				"north": {"uv": [12.5, 11, 12.625, 11.125], "texture": "#0"},
				"east": {"uv": [4, 2, 11.25, 2.125], "texture": "#0"},
				"south": {"uv": [11.5, 12.5, 11.625, 12.625], "texture": "#0"},
				"west": {"uv": [4, 2.5, 11.25, 2.625], "texture": "#0"},
				"up": {"uv": [1.125, 11.75, 1, 4.5], "texture": "#0"},
				"down": {"uv": [1.625, 4.5, 1.5, 11.75], "texture": "#0"}
			}
		},
		{
			"from": [8.8, 28.62572, -4.73412],
			"to": [9.1, 28.92572, 9.46588],
			"rotation": {"angle": 0, "axis": "y", "origin": [8.95, 27.57572, -2.58412]},
			"faces": {
				"north": {"uv": [12.5, 11.5, 12.625, 11.625], "texture": "#0"},
				"east": {"uv": [4, 3, 11.125, 3.125], "texture": "#0"},
				"south": {"uv": [12, 12.5, 12.125, 12.625], "texture": "#0"},
				"west": {"uv": [3, 4.5, 10.125, 4.625], "texture": "#0"},
				"up": {"uv": [3.125, 12.125, 3, 5], "texture": "#0"},
				"down": {"uv": [3.625, 5, 3.5, 12.125], "texture": "#0"}
			}
		},
		{
			"from": [8.8, 28.92572, -4.43412],
			"to": [9.1, 29.22572, 9.46588],
			"rotation": {"angle": 0, "axis": "y", "origin": [8.95, 27.57572, -2.58412]},
			"faces": {
				"north": {"uv": [12.5, 12, 12.625, 12.125], "texture": "#0"},
				"east": {"uv": [4, 5, 11, 5.125], "texture": "#0"},
				"south": {"uv": [12.5, 12.5, 12.625, 12.625], "texture": "#0"},
				"west": {"uv": [4, 5.5, 11, 5.625], "texture": "#0"},
				"up": {"uv": [4.125, 13, 4, 6], "texture": "#0"},
				"down": {"uv": [4.625, 6, 4.5, 13], "texture": "#0"}
			}
		},
		{
			"from": [8.8, 29.22572, -4.13412],
			"to": [9.1, 29.52572, 9.46588],
			"rotation": {"angle": 0, "axis": "y", "origin": [8.95, 27.57572, -2.58412]},
			"faces": {
				"north": {"uv": [13, 1.5, 13.125, 1.625], "texture": "#0"},
				"east": {"uv": [5, 7, 11.75, 7.125], "texture": "#0"},
				"south": {"uv": [13, 2, 13.125, 2.125], "texture": "#0"},
				"west": {"uv": [7.5, 0, 14.25, 0.125], "texture": "#0"},
				"up": {"uv": [5.125, 14.25, 5, 7.5], "texture": "#0"},
				"down": {"uv": [5.625, 7.5, 5.5, 14.25], "texture": "#0"}
			}
		},
		{
			"from": [8.8, 29.52572, -3.83412],
			"to": [9.1, 29.82572, 9.46588],
			"rotation": {"angle": 0, "axis": "y", "origin": [8.95, 27.57572, -2.58412]},
			"faces": {
				"north": {"uv": [13, 2.5, 13.125, 2.625], "texture": "#0"},
				"east": {"uv": [7.5, 0.5, 14.125, 0.625], "texture": "#0"},
				"south": {"uv": [3, 13, 3.125, 13.125], "texture": "#0"},
				"west": {"uv": [7.5, 1, 14.125, 1.125], "texture": "#0"},
				"up": {"uv": [6.125, 14.125, 6, 7.5], "texture": "#0"},
				"down": {"uv": [6.625, 7.5, 6.5, 14.125], "texture": "#0"}
			}
		},
		{
			"from": [8.8, 29.82572, 1.16588],
			"to": [9.1, 30.12572, 9.46588],
			"rotation": {"angle": 0, "axis": "y", "origin": [8.95, 27.57572, -2.58412]},
			"faces": {
				"north": {"uv": [13, 3, 13.125, 3.125], "texture": "#0"},
				"east": {"uv": [7, 8, 11.125, 8.125], "texture": "#0"},
				"south": {"uv": [3.5, 13, 3.625, 13.125], "texture": "#0"},
				"west": {"uv": [8.5, 3.5, 12.625, 3.625], "texture": "#0"},
				"up": {"uv": [7.125, 12.625, 7, 8.5], "texture": "#0"},
				"down": {"uv": [7.625, 8.5, 7.5, 12.625], "texture": "#0"}
			}
		},
		{
			"from": [8.8, 30.12572, 1.76588],
			"to": [9.1, 30.42572, 9.46588],
			"rotation": {"angle": 0, "axis": "y", "origin": [8.95, 27.57572, -2.58412]},
			"faces": {
				"north": {"uv": [13, 3.5, 13.125, 3.625], "texture": "#0"},
				"east": {"uv": [8.5, 4, 12.375, 4.125], "texture": "#0"},
				"south": {"uv": [4, 13, 4.125, 13.125], "texture": "#0"},
				"west": {"uv": [8.5, 6, 12.375, 6.125], "texture": "#0"},
				"up": {"uv": [8.125, 12.375, 8, 8.5], "texture": "#0"},
				"down": {"uv": [8.625, 8.5, 8.5, 12.375], "texture": "#0"}
			}
		},
		{
			"from": [8.8, 30.42572, 2.16588],
			"to": [9.1, 30.72572, 9.46588],
			"rotation": {"angle": 0, "axis": "y", "origin": [8.95, 27.57572, -2.58412]},
			"faces": {
				"north": {"uv": [13, 4, 13.125, 4.125], "texture": "#0"},
				"east": {"uv": [8.5, 6.5, 12.125, 6.625], "texture": "#0"},
				"south": {"uv": [4.5, 13, 4.625, 13.125], "texture": "#0"},
				"west": {"uv": [8.5, 7.5, 12.125, 7.625], "texture": "#0"},
				"up": {"uv": [9.125, 12.125, 9, 8.5], "texture": "#0"},
				"down": {"uv": [9.625, 8.5, 9.5, 12.125], "texture": "#0"}
			}
		},
		{
			"from": [8.8, 29.82572, -3.63412],
			"to": [9.1, 30.12572, -1.53412],
			"rotation": {"angle": 0, "axis": "y", "origin": [8.95, 27.57572, -2.58412]},
			"faces": {
				"north": {"uv": [13, 4.5, 13.125, 4.625], "texture": "#0"},
				"east": {"uv": [11, 5, 12, 5.125], "texture": "#0"},
				"south": {"uv": [13, 5, 13.125, 5.125], "texture": "#0"},
				"west": {"uv": [11, 5.5, 12, 5.625], "texture": "#0"},
				"up": {"uv": [12.125, 9, 12, 8], "texture": "#0"},
				"down": {"uv": [12.125, 9, 12, 10], "texture": "#0"}
			}
		},
		{
			"from": [8.8, 30.12572, -3.33412],
			"to": [9.1, 30.42572, -1.83412],
			"rotation": {"angle": 0, "axis": "y", "origin": [8.95, 27.57572, -2.58412]},
			"faces": {
				"north": {"uv": [13, 5.5, 13.125, 5.625], "texture": "#0"},
				"east": {"uv": [12, 3, 12.75, 3.125], "texture": "#0"},
				"south": {"uv": [13, 6, 13.125, 6.125], "texture": "#0"},
				"west": {"uv": [12, 7, 12.75, 7.125], "texture": "#0"},
				"up": {"uv": [12.125, 10.75, 12, 10], "texture": "#0"},
				"down": {"uv": [12.125, 11, 12, 11.75], "texture": "#0"}
			}
		},
		{
			"from": [8.8, 27.52572, -5.83412],
			"to": [9.1, 28.02572, -5.23412],
			"rotation": {"angle": 0, "axis": "y", "origin": [8.95, 27.57572, -2.58412]},
			"faces": {
				"north": {"uv": [9.5, 12.5, 9.625, 12.75], "texture": "#0"},
				"east": {"uv": [11.5, 12, 11.75, 12.25], "texture": "#0"},
				"south": {"uv": [12.5, 9.5, 12.625, 9.75], "texture": "#0"},
				"west": {"uv": [12, 12, 12.25, 12.25], "texture": "#0"},
				"up": {"uv": [12.625, 10.25, 12.5, 10], "texture": "#0"},
				"down": {"uv": [12.625, 10.5, 12.5, 10.75], "texture": "#0"}
			}
		},
		{
			"from": [8.9, 26.69747, -7.38981],
			"to": [9, 27.39747, -4.48981],
			"rotation": {"angle": -22.5, "axis": "x", "origin": [8.95, 27.04747, -5.93981]},
			"faces": {
				"north": {"uv": [8.5, 12.5, 8.625, 12.875], "texture": "#0"},
				"east": {"uv": [7.5, 1.5, 9, 1.875], "texture": "#0"},
				"south": {"uv": [12.5, 8.5, 12.625, 8.875], "texture": "#0"},
				"west": {"uv": [7, 7.5, 8.5, 7.875], "texture": "#0"},
				"up": {"uv": [11.625, 3.5, 11.5, 2], "texture": "#0"},
				"down": {"uv": [11.625, 10.5, 11.5, 12], "texture": "#0"}
			}
		},
		{
			"from": [8.5, 23.2, 9.7],
			"to": [9.4, 26.6, 10.6],
			"faces": {
				"north": {"uv": [2, 0, 2.5, 1.75], "texture": "#1"},
				"east": {"uv": [2, 2, 2.5, 3.75], "texture": "#1"},
				"south": {"uv": [2.5, 0, 3, 1.75], "texture": "#1"},
				"west": {"uv": [2.5, 2, 3, 3.75], "texture": "#1"},
				"up": {"uv": [3.5, 4.5, 3, 4], "texture": "#1"},
				"down": {"uv": [4, 4, 3.5, 4.5], "texture": "#1"}
			}
		},
		{
			"from": [8.5, 0.00645, 9.7],
			"to": [9.4, 17.60645, 10.6],
			"rotation": {"angle": 0, "axis": "y", "origin": [0, -8.99355, 0]},
			"faces": {
				"north": {"uv": [0, 0, 0.5, 8.75], "texture": "#1"},
				"east": {"uv": [0.5, 0, 1, 8.75], "texture": "#1"},
				"south": {"uv": [1, 0, 1.5, 8.75], "texture": "#1"},
				"west": {"uv": [1.5, 0, 2, 8.75], "texture": "#1"},
				"up": {"uv": [4.5, 4.5, 4, 4], "texture": "#1"},
				"down": {"uv": [5, 0, 4.5, 0.5], "texture": "#1"}
			}
		},
		{
			"from": [8.5, 20.10161, 9.08369],
			"to": [9.4, 23.50161, 9.98369],
			"rotation": {"angle": 22.5, "axis": "x", "origin": [8.95, 21.80161, 9.53369]},
			"faces": {
				"north": {"uv": [3, 0, 3.5, 1.75], "texture": "#1"},
				"east": {"uv": [3, 2, 3.5, 3.75], "texture": "#1"},
				"south": {"uv": [3.5, 0, 4, 1.75], "texture": "#1"},
				"west": {"uv": [3.5, 2, 4, 3.75], "texture": "#1"},
				"up": {"uv": [5, 1, 4.5, 0.5], "texture": "#1"},
				"down": {"uv": [5, 1, 4.5, 1.5], "texture": "#1"}
			}
		},
		{
			"from": [8.5, 17.30484, 9.08369],
			"to": [9.4, 20.70484, 9.98369],
			"rotation": {"angle": -22.5, "axis": "x", "origin": [8.95, 19.00484, 9.53369]},
			"faces": {
				"north": {"uv": [4, 0, 4.5, 1.75], "texture": "#1"},
				"east": {"uv": [2, 4, 2.5, 5.75], "texture": "#1"},
				"south": {"uv": [4, 2, 4.5, 3.75], "texture": "#1"},
				"west": {"uv": [2.5, 4, 3, 5.75], "texture": "#1"},
				"up": {"uv": [5, 2, 4.5, 1.5], "texture": "#1"},
				"down": {"uv": [5, 2, 4.5, 2.5], "texture": "#1"}
			}
		}
	],
	"display": {
		"thirdperson_righthand": {
			"translation": [-1.5, 0, -0.25]
		},
		"thirdperson_lefthand": {
			"translation": [0.5, 0, -0.25]
		},
		"firstperson_righthand": {
			"translation": [1.5, 0, 0]
		},
		"firstperson_lefthand": {
			"translation": [1.5, 0, 0]
		},
		"ground": {
			"rotation": [0, 0, -93],
			"translation": [-1.5, 5.25, 0],
			"scale": [0.55, 0.55, 0.55]
		},
		"gui": {
			"rotation": [0, -116, 15],
			"translation": [-3, -4.25, 0],
			"scale": [0.5, 0.5, 0.5]
		},
		"fixed": {
			"rotation": [0, 90, 0],
			"translation": [0, -7.25, 0]
		}
	},
	"groups": [
		{
			"name": "group",
			"origin": [8, 8, 8],
			"color": 0,
			"children": [0, 1, 2, 3, 4, 5, 6, 7, 8, 9, 10, 11, 12, 13, 14, 15, 16, 17, 18, 19, 20]
		},
		{
			"name": "group",
			"origin": [8, 8, 8],
			"color": 0,
			"children": [21, 22, 23, 24]
		}
	]
}