{
	"credit": "Made with Blockbench",
	"textures": {
		"0": "simplyswords:item/longsword_blade",
		"1": "simplyswords:item/longsword_hilt",
		"particle": "simplyswords:item/longsword_hilt"
	},
	"elements": [
		{
			"from": [8.3, 20.9, 7.9],
			"to": [9, 21.6, 8],
			"rotation": {"angle": 45, "axis": "z", "origin": [8, 20.6, 8]},
			"faces": {
				"north": {"uv": [3, 5.5, 3.375, 5.875], "texture": "#0"},
				"east": {"uv": [6, 5, 6.0625, 5.375], "texture": "#0"},
				"south": {"uv": [3.5, 5.5, 3.875, 5.875], "texture": "#0"},
				"west": {"uv": [5.5, 6, 5.5625, 6.375], "texture": "#0"},
				"up": {"uv": [6.375, 5.5625, 6, 5.5], "texture": "#0"},
				"down": {"uv": [6.375, 6, 6, 6.0625], "texture": "#0"}
			}
		},
		{
			"from": [7.35, 9.96924, 7.8],
			"to": [8.65, 20.36924, 8.1],
			"rotation": {"angle": 0, "axis": "y", "origin": [8, 21.51924, 7.95]},
			"faces": {
				"north": {"uv": [0, 0, 0.625, 5.1875], "texture": "#0"},
				"east": {"uv": [4, 0, 4.125, 5.1875], "texture": "#0"},
				"south": {"uv": [1, 0, 1.625, 5.1875], "texture": "#0"},
				"west": {"uv": [4.5, 0, 4.625, 5.1875], "texture": "#0"},
				"up": {"uv": [6.625, 0.125, 6, 0], "texture": "#0"},
				"down": {"uv": [6.625, 0.5, 6, 0.625], "texture": "#0"}
			}
		},
		{
			"from": [7.55, 20.36924, 7.8],
			"to": [8.45, 20.86924, 8.1],
			"rotation": {"angle": 0, "axis": "y", "origin": [8, 21.51924, 7.95]},
			"faces": {
				"north": {"uv": [4, 5.5, 4.4375, 5.75], "texture": "#0"},
				"east": {"uv": [6, 4, 6.125, 4.25], "texture": "#0"},
				"south": {"uv": [4.5, 5.5, 4.9375, 5.75], "texture": "#0"},
				"west": {"uv": [4.5, 6, 4.625, 6.25], "texture": "#0"},
				"up": {"uv": [6.4375, 1.125, 6, 1], "texture": "#0"},
				"down": {"uv": [6.4375, 1.5, 6, 1.625], "texture": "#0"}
			}
		},
		{
			"from": [7.65, 20.86924, 7.8],
			"to": [8.35, 21.36924, 8.1],
			"rotation": {"angle": 0, "axis": "y", "origin": [8, 21.51924, 7.95]},
			"faces": {
				"north": {"uv": [5, 5.5, 5.375, 5.75], "texture": "#0"},
				"east": {"uv": [6, 4.5, 6.125, 4.75], "texture": "#0"},
				"south": {"uv": [5.5, 5.5, 5.875, 5.75], "texture": "#0"},
				"west": {"uv": [5, 6, 5.125, 6.25], "texture": "#0"},
				"up": {"uv": [6.375, 2.125, 6, 2], "texture": "#0"},
				"down": {"uv": [6.375, 2.5, 6, 2.625], "texture": "#0"}
			}
		},
		{
			"from": [7.95556, 20.11194, 7.9],
			"to": [8.65556, 21.41194, 8],
			"rotation": {"angle": 22.5, "axis": "z", "origin": [8.30556, 21.06194, 8]},
			"faces": {
				"north": {"uv": [1, 5.5, 1.375, 6.125], "texture": "#0"},
				"east": {"uv": [3, 6, 3.0625, 6.625], "texture": "#0"},
				"south": {"uv": [1.5, 5.5, 1.875, 6.125], "texture": "#0"},
				"west": {"uv": [6, 3, 6.0625, 3.625], "texture": "#0"},
				"up": {"uv": [1.375, 6.5625, 1, 6.5], "texture": "#0"},
				"down": {"uv": [6.875, 1, 6.5, 1.0625], "texture": "#0"}
			}
		},
		{
			"from": [7.34444, 20.11194, 7.9],
			"to": [8.04444, 21.41194, 8],
			"rotation": {"angle": -22.5, "axis": "z", "origin": [7.69444, 21.06194, 8]},
			"faces": {
				"north": {"uv": [1.375, 5.5, 1, 6.125], "texture": "#0"},
				"east": {"uv": [6.0625, 3, 6, 3.625], "texture": "#0"},
				"south": {"uv": [1.875, 5.5, 1.5, 6.125], "texture": "#0"},
				"west": {"uv": [3.0625, 6, 3, 6.625], "texture": "#0"},
				"up": {"uv": [1, 6.5625, 1.375, 6.5], "texture": "#0"},
				"down": {"uv": [6.5, 1, 6.875, 1.0625], "texture": "#0"}
			}
		},
		{
			"from": [7.00754, 9.9182, 7.9],
			"to": [7.70754, 20.3182, 8],
			"rotation": {"angle": 0, "axis": "y", "origin": [7.35754, 23.9682, 8]},
			"faces": {
				"north": {"uv": [3, 0, 3.375, 5.1875], "texture": "#0"},
				"east": {"uv": [5.5, 0, 5.5625, 5.1875], "texture": "#0"},
				"south": {"uv": [3.5, 0, 3.875, 5.1875], "texture": "#0"},
				"west": {"uv": [0.5, 5.5, 0.5625, 10.6875], "texture": "#0"},
				"up": {"uv": [2.375, 6.5625, 2, 6.5], "texture": "#0"},
				"down": {"uv": [6.875, 2, 6.5, 2.0625], "texture": "#0"}
			}
		},
		{
			"from": [8.29246, 9.9182, 7.9],
			"to": [8.99246, 20.3182, 8],
			"rotation": {"angle": 0, "axis": "y", "origin": [8.64246, 23.9682, 8]},
			"faces": {
				"north": {"uv": [3.375, 0, 3, 5.1875], "texture": "#0"},
				"east": {"uv": [0.5625, 5.5, 0.5, 10.6875], "texture": "#0"},
				"south": {"uv": [3.875, 0, 3.5, 5.1875], "texture": "#0"},
				"west": {"uv": [5.5625, 0, 5.5, 5.1875], "texture": "#0"},
				"up": {"uv": [2, 6.5625, 2.375, 6.5], "texture": "#0"},
				"down": {"uv": [6.5, 2, 6.875, 2.0625], "texture": "#0"}
			}
		},
		{
			"from": [7.65, 8.06924, 7.6],
			"to": [8.35, 8.86924, 8.3],
			"rotation": {"angle": 0, "axis": "y", "origin": [8.7, 8.36924, 8.05]},
			"faces": {
				"north": {"uv": [0, 6, 0.75, 6.75], "texture": "#1"},
				"east": {"uv": [1, 6, 1.75, 6.75], "texture": "#1"},
				"south": {"uv": [2, 6, 2.75, 6.75], "texture": "#1"},
				"west": {"uv": [3, 6, 3.75, 6.75], "texture": "#1"},
				"up": {"uv": [4.75, 6.75, 4, 6], "texture": "#1"},
				"down": {"uv": [6.75, 4, 6, 4.75], "texture": "#1"}
			}
		},
		{
			"from": [7.65, 3.56924, 7.6],
			"to": [8.35, 4.26924, 8.3],
			"rotation": {"angle": -45, "axis": "z", "origin": [8, 3.91924, 7.95]},
			"faces": {
				"north": {"uv": [5, 6, 5.75, 6.75], "texture": "#1"},
				"east": {"uv": [6, 5, 6.75, 5.75], "texture": "#1"},
				"south": {"uv": [6, 6, 6.75, 6.75], "texture": "#1"},
				"west": {"uv": [0, 7, 0.75, 7.75], "texture": "#1"},
				"up": {"uv": [7.75, 0.75, 7, 0], "texture": "#1"},
				"down": {"uv": [1.75, 7, 1, 7.75], "texture": "#1"}
			}
		},
		{
			"from": [7.75, 4.16924, 7.7],
			"to": [8.25, 8.06924, 8.2],
			"rotation": {"angle": 0, "axis": "y", "origin": [8.7, 8.36924, 8.05]},
			"faces": {
				"north": {"uv": [0, 2, 0.5, 5.875], "texture": "#1"},
				"east": {"uv": [1, 2, 1.5, 5.875], "texture": "#1"},
				"south": {"uv": [2, 2, 2.5, 5.875], "texture": "#1"},
				"west": {"uv": [3, 0, 3.5, 3.875], "texture": "#1"},
				"up": {"uv": [0.5, 8.5, 0, 8], "texture": "#1"},
				"down": {"uv": [8.5, 0, 8, 0.5], "texture": "#1"}
			}
		},
		{
			"from": [6.95, 9.66924, 7.6],
			"to": [9.05, 9.96924, 8.3],
			"rotation": {"angle": 0, "axis": "y", "origin": [8, 25.51924, 8]},
			"faces": {
				"north": {"uv": [7, 1, 9.125, 1.25], "texture": "#1"},
				"east": {"uv": [0, 9, 0.75, 9.25], "texture": "#1"},
				"south": {"uv": [2, 7, 4.125, 7.25], "texture": "#1"},
				"west": {"uv": [9, 0, 9.75, 0.25], "texture": "#1"},
				"up": {"uv": [6.125, 0.75, 4, 0], "texture": "#1"},
				"down": {"uv": [6.125, 1, 4, 1.75], "texture": "#1"}
			}
		},
		{
			"from": [6.95, 8.86924, 7.6],
			"to": [9.05, 9.16924, 8.3],
			"rotation": {"angle": 0, "axis": "y", "origin": [8, 25.51924, 8]},
			"faces": {
				"north": {"uv": [7, 2, 9.125, 2.25], "texture": "#1"},
				"east": {"uv": [1, 9, 1.75, 9.25], "texture": "#1"},
				"south": {"uv": [7, 3, 9.125, 3.25], "texture": "#1"},
				"west": {"uv": [2, 9, 2.75, 9.25], "texture": "#1"},
				"up": {"uv": [6.125, 2.75, 4, 2], "texture": "#1"},
				"down": {"uv": [5.125, 4, 3, 4.75], "texture": "#1"}
			}
		},
		{
			"from": [6.65, 9.16924, 7.6],
			"to": [9.35, 9.66924, 8.3],
			"rotation": {"angle": 0, "axis": "y", "origin": [8, 25.51924, 8]},
			"faces": {
				"north": {"uv": [4, 3, 6.75, 3.5], "texture": "#1"},
				"east": {"uv": [7, 4, 7.75, 4.5], "texture": "#1"},
				"south": {"uv": [3, 5, 5.75, 5.5], "texture": "#1"},
				"west": {"uv": [5, 7, 5.75, 7.5], "texture": "#1"},
				"up": {"uv": [2.75, 0.75, 0, 0], "texture": "#1"},
				"down": {"uv": [2.75, 1, 0, 1.75], "texture": "#1"}
			}
		},
		{
			"from": [9.35, 9.26924, 7.7],
			"to": [10.15, 9.56924, 8.2],
			"rotation": {"angle": 0, "axis": "y", "origin": [8, 25.51924, 8]},
			"faces": {
				"north": {"uv": [3, 9, 3.75, 9.25], "texture": "#1"},
				"east": {"uv": [9, 5, 9.5, 5.25], "texture": "#1"},
				"south": {"uv": [4, 9, 4.75, 9.25], "texture": "#1"},
				"west": {"uv": [6, 9, 6.5, 9.25], "texture": "#1"},
				"up": {"uv": [7.75, 5.5, 7, 5], "texture": "#1"},
				"down": {"uv": [6.75, 7, 6, 7.5], "texture": "#1"}
			}
		},
		{
			"from": [10.15, 9.16924, 7.7],
			"to": [10.65, 9.66924, 8.2],
			"rotation": {"angle": 0, "axis": "y", "origin": [8, 25.51924, 8]},
			"faces": {
				"north": {"uv": [1, 8, 1.5, 8.5], "texture": "#1"},
				"east": {"uv": [2, 8, 2.5, 8.5], "texture": "#1"},
				"south": {"uv": [3, 8, 3.5, 8.5], "texture": "#1"},
				"west": {"uv": [4, 8, 4.5, 8.5], "texture": "#1"},
				"up": {"uv": [8.5, 4.5, 8, 4], "texture": "#1"},
				"down": {"uv": [5.5, 8, 5, 8.5], "texture": "#1"}
			}
		},
		{
			"from": [5.85, 9.26924, 7.7],
			"to": [6.65, 9.56924, 8.2],
			"rotation": {"angle": 0, "axis": "y", "origin": [8, 25.51924, 8]},
			"faces": {
				"north": {"uv": [3.75, 9, 3, 9.25], "texture": "#1"},
				"east": {"uv": [6.5, 9, 6, 9.25], "texture": "#1"},
				"south": {"uv": [4.75, 9, 4, 9.25], "texture": "#1"},
				"west": {"uv": [9.5, 5, 9, 5.25], "texture": "#1"},
				"up": {"uv": [7, 5.5, 7.75, 5], "texture": "#1"},
				"down": {"uv": [6, 7, 6.75, 7.5], "texture": "#1"}
			}
		},
		{
			"from": [5.35, 9.16924, 7.7],
			"to": [5.85, 9.66924, 8.2],
			"rotation": {"angle": 0, "axis": "y", "origin": [8, 25.51924, 8]},
			"faces": {
				"north": {"uv": [1.5, 8, 1, 8.5], "texture": "#1"},
				"east": {"uv": [4.5, 8, 4, 8.5], "texture": "#1"},
				"south": {"uv": [3.5, 8, 3, 8.5], "texture": "#1"},
				"west": {"uv": [2.5, 8, 2, 8.5], "texture": "#1"},
				"up": {"uv": [8, 4.5, 8.5, 4], "texture": "#1"},
				"down": {"uv": [5, 8, 5.5, 8.5], "texture": "#1"}
			}
		}
	],
	"display": {
		"thirdperson_righthand": {
			"rotation": [0, -90, 0],
			"translation": [0, 0.5, 1],
			"scale": [1.6, 1.6, 1.6]
		},
		"thirdperson_lefthand": {
			"rotation": [0, -90, 0],
			"translation": [0, 0.5, 1],
			"scale": [1.6, 1.6, 1.6]
		},
		"firstperson_righthand": {
			"rotation": [0, -90, 0],
			"scale": [1.6, 1.6, 1.6]
		},
		"firstperson_lefthand": {
			"rotation": [0, -90, 0],
			"scale": [1.6, 1.6, 1.6]
		},
		"ground": {
			"rotation": [180, 0, 0],
			"translation": [0, 9.75, 0]
		},
		"gui": {
			"rotation": [0, 0, -45],
			"translation": [-2.5, -3.5, 0]
		},
		"fixed": {
			"rotation": [0, 0, 47],
			"translation": [5, -4.5, 0],
			"scale": [1.6, 1.6, 1.6]
		}
	},
	"groups": [
		{
			"name": "group",
			"origin": [8, 8, 8],
			"color": 0,
			"children": [0, 1, 2, 3, 4, 5, 6, 7]
		},
		{
			"name": "group",
			"origin": [8, 8, 8],
			"color": 0,
			"children": [8, 9, 10, 11, 12, 13, 14, 15, 16, 17]
		}
	]
}