{
	"credit": "Made with Blockbench",
	"textures": {
		"0": "simplyswords:item/greataxe_head",
		"1": "simplyswords:item/greataxe_handle",
		"particle": "simplyswords:item/greataxe_handle"
	},
	"elements": [
		{
			"from": [3.3, 28.1, 7.3],
			"to": [4.7, 29.1, 8.7],
			"rotation": {"angle": 0, "axis": "y", "origin": [13.7, 0, 0]},
			"faces": {
				"north": {"uv": [6, 1.75, 6.34375, 2], "texture": "#0"},
				"east": {"uv": [5.75, 3, 6.09375, 3.25], "texture": "#0"},
				"south": {"uv": [5.75, 3.25, 6.09375, 3.5], "texture": "#0"},
				"west": {"uv": [6, 1.5, 6.34375, 1.75], "texture": "#0"},
				"up": {"uv": [5.84375, 5.84375, 5.5, 5.5], "rotation": 90, "texture": "#0"},
				"down": {"uv": [0.34375, 5.75, 0, 6.09375], "rotation": 270, "texture": "#0"}
			}
		},
		{
			"from": [0.3, 21.9, 7.3],
			"to": [6.5, 28.1, 8.7],
			"rotation": {"angle": 0, "axis": "y", "origin": [13.7, 0, 0]},
			"faces": {
				"north": {"uv": [0, 1.75, 1.5625, 3.3125], "texture": "#0"},
				"east": {"uv": [5, 0, 5.34375, 1.5625], "texture": "#0"},
				"south": {"uv": [0, 0, 1.5625, 1.5625], "texture": "#0"},
				"west": {"uv": [5.25, 1.75, 5.59375, 3.3125], "texture": "#0"},
				"up": {"uv": [2.34375, 6.8125, 2, 5.25], "rotation": 90, "texture": "#0"},
				"down": {"uv": [2.84375, 5.25, 2.5, 6.8125], "rotation": 270, "texture": "#0"}
			}
		},
		{
			"from": [-1.7, 21.8, 7.2],
			"to": [0.3, 28.2, 8.8],
			"rotation": {"angle": 0, "axis": "y", "origin": [13.7, 0, 0]},
			"faces": {
				"north": {"uv": [2.5, 3.5, 3, 5.09375], "texture": "#0"},
				"east": {"uv": [4.25, 3.5, 4.65625, 5.09375], "texture": "#0"},
				"south": {"uv": [2, 3.5, 2.5, 5.09375], "texture": "#0"},
				"west": {"uv": [4.5, 0, 4.90625, 1.59375], "texture": "#0"},
				"up": {"uv": [3.65625, 6, 3.25, 5.5], "rotation": 90, "texture": "#0"},
				"down": {"uv": [5.90625, 3.5, 5.5, 4], "rotation": 270, "texture": "#0"}
			}
		},
		{
			"from": [6.5, 19.9, 7.4],
			"to": [8.8, 28.1, 8.6],
			"rotation": {"angle": 0, "axis": "y", "origin": [13.7, 0, 0]},
			"faces": {
				"north": {"uv": [0.75, 3.5, 1.3125, 5.5625], "texture": "#0"},
				"east": {"uv": [4.75, 1.75, 5.0625, 3.8125], "texture": "#0"},
				"south": {"uv": [0, 3.5, 0.5625, 5.5625], "texture": "#0"},
				"west": {"uv": [4.75, 4, 5.0625, 6.0625], "texture": "#0"},
				"up": {"uv": [5.8125, 4.5625, 5.5, 4], "rotation": 90, "texture": "#0"},
				"down": {"uv": [5.8125, 4.75, 5.5, 5.3125], "rotation": 270, "texture": "#0"}
			}
		},
		{
			"from": [8.8, 17.5, 7.5],
			"to": [11.1, 28.1, 8.5],
			"rotation": {"angle": 0, "axis": "y", "origin": [13.7, 0, 0]},
			"faces": {
				"north": {"uv": [3.25, 2.75, 3.8125, 5.40625], "texture": "#0"},
				"east": {"uv": [3, 3.5, 3.25, 6.15625], "texture": "#0"},
				"south": {"uv": [3.25, 0, 3.8125, 2.65625], "texture": "#0"},
				"west": {"uv": [4, 0, 4.25, 2.65625], "texture": "#0"},
				"up": {"uv": [4.75, 5.8125, 4.5, 5.25], "rotation": 90, "texture": "#0"},
				"down": {"uv": [4, 5.5, 3.75, 6.0625], "rotation": 270, "texture": "#0"}
			}
		},
		{
			"from": [11.1, 14.2, 7.6],
			"to": [13.4, 28.1, 8.4],
			"rotation": {"angle": 0, "axis": "y", "origin": [13.7, 0, 0]},
			"faces": {
				"north": {"uv": [2.5, 0, 3.0625, 3.46875], "texture": "#0"},
				"east": {"uv": [4, 2.75, 4.1875, 6.21875], "texture": "#0"},
				"south": {"uv": [1.75, 0, 2.3125, 3.46875], "texture": "#0"},
				"west": {"uv": [4.25, 0, 4.4375, 3.46875], "texture": "#0"},
				"up": {"uv": [0.6875, 6.3125, 0.5, 5.75], "rotation": 90, "texture": "#0"},
				"down": {"uv": [0.9375, 5.75, 0.75, 6.3125], "rotation": 270, "texture": "#0"}
			}
		},
		{
			"from": [10.44896, 27.513, 7.6],
			"to": [12.74896, 29.613, 8.4],
			"rotation": {"angle": 22.5, "axis": "z", "origin": [11.59896, 29.44299, 8]},
			"faces": {
				"north": {"uv": [5.5, 0.75, 6.0625, 1.28125], "texture": "#0"},
				"east": {"uv": [5.75, 1.5, 5.9375, 2.03125], "texture": "#0"},
				"south": {"uv": [5.5, 0, 6.0625, 0.53125], "texture": "#0"},
				"west": {"uv": [5.75, 2.25, 5.9375, 2.78125], "texture": "#0"},
				"up": {"uv": [1.1875, 6.3125, 1, 5.75], "rotation": 90, "texture": "#0"},
				"down": {"uv": [1.4375, 5.75, 1.25, 6.3125], "rotation": 270, "texture": "#0"}
			}
		},
		{
			"from": [13.4, 13.4, 7.8],
			"to": [14.4, 28.1, 8.2],
			"rotation": {"angle": 0, "axis": "y", "origin": [13.7, 0, 0]},
			"faces": {
				"north": {"uv": [1.75, 3.5, 2, 7.1875], "texture": "#0"},
				"east": {"uv": [5.25, 3.5, 5.34375, 7.1875], "texture": "#0"},
				"south": {"uv": [1.5, 3.5, 1.75, 7.1875], "texture": "#0"},
				"west": {"uv": [4.25, 5.25, 4.34375, 8.9375], "texture": "#0"},
				"up": {"uv": [4.59375, 3.5, 4.5, 3.25], "rotation": 90, "texture": "#0"},
				"down": {"uv": [5.59375, 1.5, 5.5, 1.75], "rotation": 270, "texture": "#0"}
			}
		},
		{
			"from": [12.76836, 27.77545, 7.8],
			"to": [13.76836, 30.47545, 8.2],
			"rotation": {"angle": 22.5, "axis": "z", "origin": [13.26836, 29.52545, 8]},
			"faces": {
				"north": {"uv": [4.5, 2.5, 4.75, 3.1875], "texture": "#0"},
				"east": {"uv": [6, 2, 6.09375, 2.6875], "texture": "#0"},
				"south": {"uv": [4.5, 1.75, 4.75, 2.4375], "texture": "#0"},
				"west": {"uv": [3.25, 6, 3.34375, 6.6875], "texture": "#0"},
				"up": {"uv": [6.09375, 3, 6, 2.75], "rotation": 90, "texture": "#0"},
				"down": {"uv": [3.59375, 6, 3.5, 6.25], "rotation": 270, "texture": "#0"}
			}
		},
		{
			"from": [3.3, 19.8, 7.3],
			"to": [4.7, 21.9, 8.7],
			"rotation": {"angle": 0, "axis": "y", "origin": [13.7, 0, 0]},
			"faces": {
				"north": {"uv": [12, 6, 13.375, 8.125], "texture": "#1"},
				"east": {"uv": [10, 9, 11.375, 11.125], "texture": "#1"},
				"south": {"uv": [12, 0, 13.375, 2.125], "texture": "#1"},
				"west": {"uv": [12, 3, 13.375, 5.125], "texture": "#1"},
				"up": {"uv": [3.375, 14.375, 2, 13], "rotation": 90, "texture": "#1"},
				"down": {"uv": [5.375, 13, 4, 14.375], "rotation": 270, "texture": "#1"}
			}
		},
		{
			"from": [2.24329, -0.01242, 7.3],
			"to": [3.64329, 2.08758, 8.7],
			"rotation": {"angle": 0, "axis": "y", "origin": [13.74329, -0.01242, 0]},
			"faces": {
				"north": {"uv": [12, 12, 13.375, 14.125], "texture": "#1"},
				"east": {"uv": [8, 12, 9.375, 14.125], "texture": "#1"},
				"south": {"uv": [12, 9, 13.375, 11.125], "texture": "#1"},
				"west": {"uv": [10, 12, 11.375, 14.125], "texture": "#1"},
				"up": {"uv": [7.375, 14.375, 6, 13], "rotation": 90, "texture": "#1"},
				"down": {"uv": [15.375, 0, 14, 1.375], "rotation": 270, "texture": "#1"}
			}
		},
		{
			"from": [3.4, 14.1, 7.4],
			"to": [4.6, 19.8, 8.6],
			"rotation": {"angle": 0, "axis": "y", "origin": [13.7, 0, 0]},
			"faces": {
				"north": {"uv": [10, 0, 11.25, 5.75], "texture": "#1"},
				"east": {"uv": [8, 0, 9.25, 5.75], "texture": "#1"},
				"south": {"uv": [8, 6, 9.25, 11.75], "texture": "#1"},
				"west": {"uv": [0, 10, 1.25, 15.75], "texture": "#1"},
				"up": {"uv": [15.25, 3.25, 14, 2], "rotation": 90, "texture": "#1"},
				"down": {"uv": [15.25, 4, 14, 5.25], "rotation": 270, "texture": "#1"}
			}
		},
		{
			"from": [2.34329, 2.08758, 7.4],
			"to": [3.54329, 11.78758, 8.6],
			"rotation": {"angle": 0, "axis": "y", "origin": [12.64329, -8.01242, 0]},
			"faces": {
				"north": {"uv": [6, 0, 7.25, 9.75], "texture": "#1"},
				"east": {"uv": [0, 0, 1.25, 9.75], "texture": "#1"},
				"south": {"uv": [2, 0, 3.25, 9.75], "texture": "#1"},
				"west": {"uv": [4, 0, 5.25, 9.75], "texture": "#1"},
				"up": {"uv": [15.25, 7.25, 14, 6], "rotation": 90, "texture": "#1"},
				"down": {"uv": [15.25, 8, 14, 9.25], "rotation": 270, "texture": "#1"}
			}
		},
		{
			"from": [2.87165, 11.44379, 7.4],
			"to": [4.07165, 14.44379, 8.6],
			"rotation": {"angle": -22.5, "axis": "z", "origin": [3.47165, 12.94379, 8]},
			"faces": {
				"north": {"uv": [10, 6, 11.25, 9], "texture": "#1"},
				"east": {"uv": [2, 10, 3.25, 13], "texture": "#1"},
				"south": {"uv": [4, 10, 5.25, 13], "texture": "#1"},
				"west": {"uv": [6, 10, 7.25, 13], "texture": "#1"},
				"up": {"uv": [15.25, 11.25, 14, 10], "rotation": 90, "texture": "#1"},
				"down": {"uv": [15.25, 12, 14, 13.25], "rotation": 270, "texture": "#1"}
			}
		}
	],
	"display": {
		"thirdperson_righthand": {
			"rotation": [0, 90, 0],
			"translation": [0, 1.5, -3.75]
		},
		"thirdperson_lefthand": {
			"rotation": [0, -90, 0],
			"translation": [0, 1.5, -3.75]
		},
		"firstperson_righthand": {
			"rotation": [0, 90, 0],
			"translation": [0, 0, -2.5]
		},
		"firstperson_lefthand": {
			"rotation": [0, -90, 0],
			"translation": [0, 0, -2.5]
		},
		"ground": {
			"rotation": [0, 0, 180],
			"translation": [0, 12.5, 0],
			"scale": [0.74, 0.74, 0.74]
		},
		"gui": {
			"rotation": [0, 0, -39],
			"translation": [-2.5, -5.75, 0],
			"scale": [0.58, 0.58, 0.58]
		},
		"fixed": {
			"rotation": [0, 0, 47],
			"translation": [8.5, -1.25, -0.75]
		}
	},
	"groups": [
		{
			"name": "group",
			"origin": [8, 8, 8],
			"color": 0,
			"children": [0, 1, 2, 3, 4, 5, 6, 7, 8]
		},
		{
			"name": "group",
			"origin": [8, 8, 8],
			"color": 0,
			"children": [9, 10, 11, 12, 13]
		}
	]
}