{
	"credit": "Made with Blockbench",
	"texture_size": [32, 32],
	"textures": {
		"0": "simplyswords:item/darkmoon_hilt",
		"1": "simplyswords:item/darkmoon_blade",
		"particle": "simplyswords:item/darkmoon_hilt"
	},
	"elements": [
		{
			"from": [7.6, 31.1, 7.9],
			"to": [8.4, 31.9, 8.1],
			"rotation": {"angle": -45, "axis": "z", "origin": [8, 31.5, 8]},
			"faces": {
				"north": {"uv": [5.5, 11.5, 5.875, 11.875], "texture": "#1"},
				"east": {"uv": [12, 10, 12.125, 10.375], "texture": "#1"},
				"south": {"uv": [6, 11.5, 6.375, 11.875], "texture": "#1"},
				"west": {"uv": [12, 10.5, 12.125, 10.875], "texture": "#1"},
				"up": {"uv": [11.375, 12.125, 11, 12], "texture": "#1"},
				"down": {"uv": [11.875, 12, 11.5, 12.125], "texture": "#1"}
			}
		},
		{
			"from": [8.83744, 28.91256, 7.9],
			"to": [9.63744, 31.61256, 8.1],
			"rotation": {"angle": 45, "axis": "z", "origin": [9.23744, 30.26256, 8]},
			"faces": {
				"north": {"uv": [0, 9, 0.375, 10.375], "texture": "#1"},
				"east": {"uv": [11, 8, 11.125, 9.375], "texture": "#1"},
				"south": {"uv": [0.5, 9, 0.875, 10.375], "texture": "#1"},
				"west": {"uv": [11, 9.5, 11.125, 10.875], "texture": "#1"},
				"up": {"uv": [12.375, 11.625, 12, 11.5], "texture": "#1"},
				"down": {"uv": [12.375, 12, 12, 12.125], "texture": "#1"}
			}
		},
		{
			"from": [5.41256, 29.86256, 7.9],
			"to": [8.11256, 30.66256, 8.1],
			"rotation": {"angle": 45, "axis": "z", "origin": [6.76256, 30.26256, 8]},
			"faces": {
				"north": {"uv": [9, 4.5, 10.375, 4.875], "texture": "#1"},
				"east": {"uv": [12.5, 0.5, 12.625, 0.875], "texture": "#1"},
				"south": {"uv": [6, 9, 7.375, 9.375], "texture": "#1"},
				"west": {"uv": [12.5, 1, 12.625, 1.375], "texture": "#1"},
				"up": {"uv": [12.375, 11.125, 11, 11], "texture": "#1"},
				"down": {"uv": [12.875, 0, 11.5, 0.125], "texture": "#1"}
			}
		},
		{
			"from": [10.22194, 26.8405, 7.9],
			"to": [11.02194, 29.5405, 8.1],
			"rotation": {"angle": 22.5, "axis": "z", "origin": [10.62194, 28.1905, 8]},
			"faces": {
				"north": {"uv": [1, 9, 1.375, 10.375], "texture": "#1"},
				"east": {"uv": [11.5, 1.5, 11.625, 2.875], "texture": "#1"},
				"south": {"uv": [1.5, 9, 1.875, 10.375], "texture": "#1"},
				"west": {"uv": [3, 11.5, 3.125, 12.875], "texture": "#1"},
				"up": {"uv": [12.875, 1.625, 12.5, 1.5], "texture": "#1"},
				"down": {"uv": [12.875, 2, 12.5, 2.125], "texture": "#1"}
			}
		},
		{
			"from": [4.80585, 22.51792, 7.9],
			"to": [5.60585, 23.51792, 8.1],
			"rotation": {"angle": 22.5, "axis": "z", "origin": [5.20585, 22.61792, 8]},
			"faces": {
				"north": {"uv": [11, 0, 11.375, 0.5], "texture": "#1"},
				"east": {"uv": [12, 5, 12.125, 5.5], "texture": "#1"},
				"south": {"uv": [3, 11, 3.375, 11.5], "texture": "#1"},
				"west": {"uv": [5.5, 12, 5.625, 12.5], "texture": "#1"},
				"up": {"uv": [12.875, 2.625, 12.5, 2.5], "texture": "#1"},
				"down": {"uv": [12.875, 3, 12.5, 3.125], "texture": "#1"}
			}
		},
		{
			"from": [10.7003, 18.10019, 7.9],
			"to": [11.5003, 19.10019, 8.1],
			"rotation": {"angle": 22.5, "axis": "z", "origin": [11.1003, 18.20019, 8]},
			"faces": {
				"north": {"uv": [3.5, 11, 3.875, 11.5], "texture": "#1"},
				"east": {"uv": [12, 5.5, 12.125, 6], "texture": "#1"},
				"south": {"uv": [6, 11, 6.375, 11.5], "texture": "#1"},
				"west": {"uv": [6, 12, 6.125, 12.5], "texture": "#1"},
				"up": {"uv": [12.875, 3.625, 12.5, 3.5], "texture": "#1"},
				"down": {"uv": [12.875, 4, 12.5, 4.125], "texture": "#1"}
			}
		},
		{
			"from": [11.02209, 10.88245, 7.9],
			"to": [11.82209, 13.28245, 8.1],
			"rotation": {"angle": 22.5, "axis": "z", "origin": [11.42209, 12.38245, 8]},
			"faces": {
				"north": {"uv": [6.5, 9.5, 6.875, 10.75], "texture": "#1"},
				"east": {"uv": [4, 11.5, 4.125, 12.75], "texture": "#1"},
				"south": {"uv": [7, 9.5, 7.375, 10.75], "texture": "#1"},
				"west": {"uv": [4.5, 11.5, 4.625, 12.75], "texture": "#1"},
				"up": {"uv": [12.875, 4.625, 12.5, 4.5], "texture": "#1"},
				"down": {"uv": [12.875, 5, 12.5, 5.125], "texture": "#1"}
			}
		},
		{
			"from": [10.39415, 22.51792, 7.9],
			"to": [11.19415, 23.51792, 8.1],
			"rotation": {"angle": -22.5, "axis": "z", "origin": [10.79415, 22.61792, 8]},
			"faces": {
				"north": {"uv": [6.5, 11, 6.875, 11.5], "texture": "#1"},
				"east": {"uv": [12, 6, 12.125, 6.5], "texture": "#1"},
				"south": {"uv": [11, 6.5, 11.375, 7], "texture": "#1"},
				"west": {"uv": [6.5, 12, 6.625, 12.5], "texture": "#1"},
				"up": {"uv": [5.875, 12.625, 5.5, 12.5], "texture": "#1"},
				"down": {"uv": [12.875, 5.5, 12.5, 5.625], "texture": "#1"}
			}
		},
		{
			"from": [4.4997, 18.10019, 7.9],
			"to": [5.2997, 19.10019, 8.1],
			"rotation": {"angle": -22.5, "axis": "z", "origin": [4.8997, 18.20019, 8]},
			"faces": {
				"north": {"uv": [7, 11, 7.375, 11.5], "texture": "#1"},
				"east": {"uv": [12, 6.5, 12.125, 7], "texture": "#1"},
				"south": {"uv": [11, 7, 11.375, 7.5], "texture": "#1"},
				"west": {"uv": [7, 12, 7.125, 12.5], "texture": "#1"},
				"up": {"uv": [6.375, 12.625, 6, 12.5], "texture": "#1"},
				"down": {"uv": [12.875, 6, 12.5, 6.125], "texture": "#1"}
			}
		},
		{
			"from": [4.17791, 10.88245, 7.9],
			"to": [4.97791, 13.28245, 8.1],
			"rotation": {"angle": -22.5, "axis": "z", "origin": [4.57791, 12.38245, 8]},
			"faces": {
				"north": {"uv": [5, 10, 5.375, 11.25], "texture": "#1"},
				"east": {"uv": [11.5, 4.5, 11.625, 5.75], "texture": "#1"},
				"south": {"uv": [5.5, 10, 5.875, 11.25], "texture": "#1"},
				"west": {"uv": [5, 11.5, 5.125, 12.75], "texture": "#1"},
				"up": {"uv": [6.875, 12.625, 6.5, 12.5], "texture": "#1"},
				"down": {"uv": [12.875, 6.5, 12.5, 6.625], "texture": "#1"}
			}
		},
		{
			"from": [10.38633, 18.8786, 7.9],
			"to": [11.18633, 22.6786, 8.1],
			"rotation": {"angle": 0, "axis": "z", "origin": [10.78633, 21.3286, 8]},
			"faces": {
				"north": {"uv": [5, 8, 5.375, 9.875], "texture": "#1"},
				"east": {"uv": [8.5, 10.5, 8.625, 12.375], "texture": "#1"},
				"south": {"uv": [5.5, 8, 5.875, 9.875], "texture": "#1"},
				"west": {"uv": [9, 10.5, 9.125, 12.375], "texture": "#1"},
				"up": {"uv": [7.375, 12.625, 7, 12.5], "texture": "#1"},
				"down": {"uv": [12.875, 7, 12.5, 7.125], "texture": "#1"}
			}
		},
		{
			"from": [10.70812, 13.06087, 7.9],
			"to": [11.50812, 18.26087, 8.1],
			"rotation": {"angle": 0, "axis": "y", "origin": [11.10812, 16.91087, 8]},
			"faces": {
				"north": {"uv": [8, 0.5, 8.375, 3.125], "texture": "#1"},
				"east": {"uv": [1.5, 10.5, 1.625, 13.125], "texture": "#1"},
				"south": {"uv": [3, 8, 3.375, 10.625], "texture": "#1"},
				"west": {"uv": [2, 10.5, 2.125, 13.125], "texture": "#1"},
				"up": {"uv": [7.875, 12.625, 7.5, 12.5], "texture": "#1"},
				"down": {"uv": [12.875, 7.5, 12.5, 7.625], "texture": "#1"}
			}
		},
		{
			"from": [4.49188, 13.06087, 7.9],
			"to": [5.29188, 18.26087, 8.1],
			"rotation": {"angle": 0, "axis": "y", "origin": [4.89188, 16.91087, 8]},
			"faces": {
				"north": {"uv": [3.5, 8, 3.875, 10.625], "texture": "#1"},
				"east": {"uv": [2.5, 10.5, 2.625, 13.125], "texture": "#1"},
				"south": {"uv": [8, 3.5, 8.375, 6.125], "texture": "#1"},
				"west": {"uv": [10.5, 6.5, 10.625, 9.125], "texture": "#1"},
				"up": {"uv": [8.375, 12.625, 8, 12.5], "texture": "#1"},
				"down": {"uv": [12.875, 8, 12.5, 8.125], "texture": "#1"}
			}
		},
		{
			"from": [4.81367, 18.8786, 7.9],
			"to": [5.61367, 22.6786, 8.1],
			"rotation": {"angle": 0, "axis": "y", "origin": [5.21367, 21.3286, 8]},
			"faces": {
				"north": {"uv": [8.5, 1, 8.875, 2.875], "texture": "#1"},
				"east": {"uv": [9.5, 10.5, 9.625, 12.375], "texture": "#1"},
				"south": {"uv": [2, 8.5, 2.375, 10.375], "texture": "#1"},
				"west": {"uv": [10, 10.5, 10.125, 12.375], "texture": "#1"},
				"up": {"uv": [8.875, 12.625, 8.5, 12.5], "texture": "#1"},
				"down": {"uv": [12.875, 8.5, 12.5, 8.625], "texture": "#1"}
			}
		},
		{
			"from": [10.70812, 23.29634, 7.9],
			"to": [11.50812, 27.09634, 8.1],
			"rotation": {"angle": 0, "axis": "y", "origin": [11.10812, 25.74634, 8]},
			"faces": {
				"north": {"uv": [2.5, 8.5, 2.875, 10.375], "texture": "#1"},
				"east": {"uv": [10.5, 10.5, 10.625, 12.375], "texture": "#1"},
				"south": {"uv": [8.5, 3, 8.875, 4.875], "texture": "#1"},
				"west": {"uv": [0, 11, 0.125, 12.875], "texture": "#1"},
				"up": {"uv": [9.375, 12.625, 9, 12.5], "texture": "#1"},
				"down": {"uv": [12.875, 9, 12.5, 9.125], "texture": "#1"}
			}
		},
		{
			"from": [4.6, 11.5, 7.8],
			"to": [5.2, 12.2, 8.2],
			"rotation": {"angle": 0, "axis": "y", "origin": [8, 31.5, 8]},
			"faces": {
				"north": {"uv": [11.5, 6, 11.75, 6.375], "texture": "#1"},
				"east": {"uv": [6.5, 11.5, 6.75, 11.875], "texture": "#1"},
				"south": {"uv": [11.5, 6.5, 11.75, 6.875], "texture": "#1"},
				"west": {"uv": [7, 11.5, 7.25, 11.875], "texture": "#1"},
				"up": {"uv": [12.25, 7.25, 12, 7], "texture": "#1"},
				"down": {"uv": [7.75, 12, 7.5, 12.25], "texture": "#1"}
			}
		},
		{
			"from": [4.9, 12.2, 7.8],
			"to": [5.2, 12.9, 8.2],
			"rotation": {"angle": 0, "axis": "y", "origin": [8, 31.5, 8]},
			"faces": {
				"north": {"uv": [9.5, 12.5, 9.625, 12.875], "texture": "#1"},
				"east": {"uv": [11.5, 7, 11.75, 7.375], "texture": "#1"},
				"south": {"uv": [12.5, 9.5, 12.625, 9.875], "texture": "#1"},
				"west": {"uv": [7.5, 11.5, 7.75, 11.875], "texture": "#1"},
				"up": {"uv": [11.625, 12.75, 11.5, 12.5], "texture": "#1"},
				"down": {"uv": [12.625, 11.5, 12.5, 11.75], "texture": "#1"}
			}
		},
		{
			"from": [10.8, 12.2, 7.8],
			"to": [11.1, 12.9, 8.2],
			"rotation": {"angle": 0, "axis": "y", "origin": [13.9, 31.5, 8]},
			"faces": {
				"north": {"uv": [10, 12.5, 10.125, 12.875], "texture": "#1"},
				"east": {"uv": [8, 11.5, 8.25, 11.875], "texture": "#1"},
				"south": {"uv": [12.5, 10, 12.625, 10.375], "texture": "#1"},
				"west": {"uv": [11.5, 8, 11.75, 8.375], "texture": "#1"},
				"up": {"uv": [12.125, 12.75, 12, 12.5], "texture": "#1"},
				"down": {"uv": [12.625, 12, 12.5, 12.25], "texture": "#1"}
			}
		},
		{
			"from": [10.8, 11.5, 7.8],
			"to": [11.4, 12.2, 8.2],
			"rotation": {"angle": 0, "axis": "y", "origin": [8, 31.5, 8]},
			"faces": {
				"north": {"uv": [11.5, 8.5, 11.75, 8.875], "texture": "#1"},
				"east": {"uv": [11.5, 9, 11.75, 9.375], "texture": "#1"},
				"south": {"uv": [11.5, 9.5, 11.75, 9.875], "texture": "#1"},
				"west": {"uv": [11.5, 10, 11.75, 10.375], "texture": "#1"},
				"up": {"uv": [12.25, 7.75, 12, 7.5], "texture": "#1"},
				"down": {"uv": [8.25, 12, 8, 12.25], "texture": "#1"}
			}
		},
		{
			"from": [10.2, 18.2, 7.8],
			"to": [10.8, 27.1, 8.2],
			"rotation": {"angle": 0, "axis": "y", "origin": [7.4, 38.2, 8]},
			"faces": {
				"north": {"uv": [5, 0, 5.25, 4.5], "texture": "#1"},
				"east": {"uv": [5.5, 0, 5.75, 4.5], "texture": "#1"},
				"south": {"uv": [6, 0, 6.25, 4.5], "texture": "#1"},
				"west": {"uv": [6, 4.5, 6.25, 9], "texture": "#1"},
				"up": {"uv": [12.25, 8.25, 12, 8], "texture": "#1"},
				"down": {"uv": [12.25, 8.5, 12, 8.75], "texture": "#1"}
			}
		},
		{
			"from": [5.2, 18.2, 7.8],
			"to": [5.8, 27.1, 8.2],
			"rotation": {"angle": 0, "axis": "y", "origin": [2.4, 38.2, 8]},
			"faces": {
				"north": {"uv": [6.5, 0, 6.75, 4.5], "texture": "#1"},
				"east": {"uv": [6.5, 4.5, 6.75, 9], "texture": "#1"},
				"south": {"uv": [7, 0, 7.25, 4.5], "texture": "#1"},
				"west": {"uv": [7, 4.5, 7.25, 9], "texture": "#1"},
				"up": {"uv": [12.25, 9.25, 12, 9], "texture": "#1"},
				"down": {"uv": [12.25, 9.5, 12, 9.75], "texture": "#1"}
			}
		},
		{
			"from": [5.2, 11.5, 7.8],
			"to": [10.8, 18.2, 8.2],
			"rotation": {"angle": 0, "axis": "y", "origin": [8, 31.5, 8]},
			"faces": {
				"north": {"uv": [0, 4.5, 2.75, 7.875], "texture": "#1"},
				"east": {"uv": [4, 8, 4.25, 11.375], "texture": "#1"},
				"south": {"uv": [3, 4.5, 5.75, 7.875], "texture": "#1"},
				"west": {"uv": [4.5, 8, 4.75, 11.375], "texture": "#1"},
				"up": {"uv": [11.25, 5.25, 8.5, 5], "texture": "#1"},
				"down": {"uv": [11.25, 5.5, 8.5, 5.75], "texture": "#1"}
			}
		},
		{
			"from": [5.8, 18.2, 7.8],
			"to": [10.2, 27.1, 8.2],
			"rotation": {"angle": 0, "axis": "y", "origin": [8, 31.5, 8]},
			"faces": {
				"north": {"uv": [0, 0, 2.25, 4.5], "texture": "#1"},
				"east": {"uv": [7.5, 0, 7.75, 4.5], "texture": "#1"},
				"south": {"uv": [2.5, 0, 4.75, 4.5], "texture": "#1"},
				"west": {"uv": [7.5, 4.5, 7.75, 9], "texture": "#1"},
				"up": {"uv": [11.25, 2.75, 9, 2.5], "texture": "#1"},
				"down": {"uv": [11.25, 3, 9, 3.25], "texture": "#1"}
			}
		},
		{
			"from": [5.3, 27.1, 7.8],
			"to": [10.7, 27.8, 8.2],
			"rotation": {"angle": 0, "axis": "y", "origin": [8, 31.5, 8]},
			"faces": {
				"north": {"uv": [0, 8, 2.75, 8.375], "texture": "#1"},
				"east": {"uv": [11.5, 10.5, 11.75, 10.875], "texture": "#1"},
				"south": {"uv": [8, 0, 10.75, 0.375], "texture": "#1"},
				"west": {"uv": [11, 11.5, 11.25, 11.875], "texture": "#1"},
				"up": {"uv": [11.25, 6.25, 8.5, 6], "texture": "#1"},
				"down": {"uv": [11.75, 1, 9, 1.25], "texture": "#1"}
			}
		},
		{
			"from": [5.5, 27.8, 7.8],
			"to": [10.5, 28.5, 8.2],
			"rotation": {"angle": 0, "axis": "y", "origin": [8, 31.5, 8]},
			"faces": {
				"north": {"uv": [8, 6.5, 10.5, 6.875], "texture": "#1"},
				"east": {"uv": [11.5, 11.5, 11.75, 11.875], "texture": "#1"},
				"south": {"uv": [8, 7, 10.5, 7.375], "texture": "#1"},
				"west": {"uv": [12, 0.5, 12.25, 0.875], "texture": "#1"},
				"up": {"uv": [11.5, 1.75, 9, 1.5], "texture": "#1"},
				"down": {"uv": [11.5, 2, 9, 2.25], "texture": "#1"}
			}
		},
		{
			"from": [5.7, 28.5, 7.8],
			"to": [10.3, 29.2, 8.2],
			"rotation": {"angle": 0, "axis": "y", "origin": [8, 31.5, 8]},
			"faces": {
				"north": {"uv": [8, 7.5, 10.25, 7.875], "texture": "#1"},
				"east": {"uv": [12, 1, 12.25, 1.375], "texture": "#1"},
				"south": {"uv": [8, 8, 10.25, 8.375], "texture": "#1"},
				"west": {"uv": [12, 1.5, 12.25, 1.875], "texture": "#1"},
				"up": {"uv": [11.25, 3.75, 9, 3.5], "texture": "#1"},
				"down": {"uv": [11.25, 4, 9, 4.25], "texture": "#1"}
			}
		},
		{
			"from": [6, 29.2, 7.8],
			"to": [10, 29.9, 8.2],
			"rotation": {"angle": 0, "axis": "y", "origin": [8, 31.5, 8]},
			"faces": {
				"north": {"uv": [0, 8.5, 2, 8.875], "texture": "#1"},
				"east": {"uv": [12, 2, 12.25, 2.375], "texture": "#1"},
				"south": {"uv": [8.5, 0.5, 10.5, 0.875], "texture": "#1"},
				"west": {"uv": [12, 2.5, 12.25, 2.875], "texture": "#1"},
				"up": {"uv": [11, 9.75, 9, 9.5], "texture": "#1"},
				"down": {"uv": [11, 10, 9, 10.25], "texture": "#1"}
			}
		},
		{
			"from": [6.6, 29.9, 7.8],
			"to": [9.4, 30.6, 8.2],
			"rotation": {"angle": 0, "axis": "y", "origin": [8, 31.5, 8]},
			"faces": {
				"north": {"uv": [9, 8.5, 10.375, 8.875], "texture": "#1"},
				"east": {"uv": [12, 3, 12.25, 3.375], "texture": "#1"},
				"south": {"uv": [9, 9, 10.375, 9.375], "texture": "#1"},
				"west": {"uv": [12, 3.5, 12.25, 3.875], "texture": "#1"},
				"up": {"uv": [1.375, 10.75, 0, 10.5], "texture": "#1"},
				"down": {"uv": [11.875, 0.5, 10.5, 0.75], "texture": "#1"}
			}
		},
		{
			"from": [7.3, 30.6, 7.8],
			"to": [8.7, 31.3, 8.2],
			"rotation": {"angle": 0, "axis": "y", "origin": [8, 31.5, 8]},
			"faces": {
				"north": {"uv": [10.5, 4.5, 11.25, 4.875], "texture": "#1"},
				"east": {"uv": [12, 4, 12.25, 4.375], "texture": "#1"},
				"south": {"uv": [7.5, 10.5, 8.25, 10.875], "texture": "#1"},
				"west": {"uv": [12, 4.5, 12.25, 4.875], "texture": "#1"},
				"up": {"uv": [8.25, 11.25, 7.5, 11], "texture": "#1"},
				"down": {"uv": [11.75, 7.5, 11, 7.75], "texture": "#1"}
			}
		},
		{
			"from": [4.49188, 23.29634, 7.9],
			"to": [5.29188, 27.09634, 8.1],
			"rotation": {"angle": 0, "axis": "y", "origin": [4.89188, 25.74634, 8]},
			"faces": {
				"north": {"uv": [8, 8.5, 8.375, 10.375], "texture": "#1"},
				"east": {"uv": [0.5, 11, 0.625, 12.875], "texture": "#1"},
				"south": {"uv": [8.5, 8.5, 8.875, 10.375], "texture": "#1"},
				"west": {"uv": [1, 11, 1.125, 12.875], "texture": "#1"},
				"up": {"uv": [10.875, 12.625, 10.5, 12.5], "texture": "#1"},
				"down": {"uv": [12.875, 10.5, 12.5, 10.625], "texture": "#1"}
			}
		},
		{
			"from": [4.97806, 26.8405, 7.9],
			"to": [5.77806, 29.5405, 8.1],
			"rotation": {"angle": -22.5, "axis": "z", "origin": [5.37806, 28.1905, 8]},
			"faces": {
				"north": {"uv": [7.5, 9, 7.875, 10.375], "texture": "#1"},
				"east": {"uv": [11.5, 3, 11.625, 4.375], "texture": "#1"},
				"south": {"uv": [6, 9.5, 6.375, 10.875], "texture": "#1"},
				"west": {"uv": [3.5, 11.5, 3.625, 12.875], "texture": "#1"},
				"up": {"uv": [11.375, 12.625, 11, 12.5], "texture": "#1"},
				"down": {"uv": [12.875, 11, 12.5, 11.125], "texture": "#1"}
			}
		},
		{
			"from": [3.4, 10.8, 7.7],
			"to": [12.6, 11.5, 8.3],
			"rotation": {"angle": 0, "axis": "z", "origin": [8, 31.5, 8]},
			"faces": {
				"north": {"uv": [0, 4, 9.25, 4.75], "texture": "#0"},
				"east": {"uv": [13, 11, 13.5, 11.75], "texture": "#0"},
				"south": {"uv": [0, 5, 9.25, 5.75], "texture": "#0"},
				"west": {"uv": [12, 13, 12.5, 13.75], "texture": "#0"},
				"up": {"uv": [11.25, 8.5, 2, 8], "texture": "#0"},
				"down": {"uv": [11.25, 9, 2, 9.5], "texture": "#0"}
			}
		},
		{
			"from": [3.4, 10.1, 7.4],
			"to": [12.6, 10.8, 8.6],
			"rotation": {"angle": 0, "axis": "y", "origin": [8, 31.5, 8]},
			"faces": {
				"north": {"uv": [0, 6, 9.25, 6.75], "texture": "#0"},
				"east": {"uv": [11, 10, 12.25, 10.75], "texture": "#0"},
				"south": {"uv": [0, 7, 9.25, 7.75], "texture": "#0"},
				"west": {"uv": [11, 11, 12.25, 11.75], "texture": "#0"},
				"up": {"uv": [9.25, 1.25, 0, 0], "texture": "#0"},
				"down": {"uv": [9.25, 2, 0, 3.25], "texture": "#0"}
			}
		},
		{
			"from": [7.4, 9.4, 7.5],
			"to": [8.6, 10.1, 8.5],
			"rotation": {"angle": 0, "axis": "y", "origin": [8, 31.5, 8]},
			"faces": {
				"north": {"uv": [3, 12, 4.25, 12.75], "texture": "#0"},
				"east": {"uv": [12, 7, 13, 7.75], "texture": "#0"},
				"south": {"uv": [5, 12, 6.25, 12.75], "texture": "#0"},
				"west": {"uv": [12, 8, 13, 8.75], "texture": "#0"},
				"up": {"uv": [12.25, 3, 11, 2], "texture": "#0"},
				"down": {"uv": [12.25, 3, 11, 4], "texture": "#0"}
			}
		},
		{
			"from": [7.4, 2.8, 7.5],
			"to": [8.6, 3.5, 8.5],
			"rotation": {"angle": 0, "axis": "y", "origin": [8, 31.5, 8]},
			"faces": {
				"north": {"uv": [12, 6, 13.25, 6.75], "texture": "#0"},
				"east": {"uv": [9, 12, 10, 12.75], "texture": "#0"},
				"south": {"uv": [7, 12, 8.25, 12.75], "texture": "#0"},
				"west": {"uv": [12, 9, 13, 9.75], "texture": "#0"},
				"up": {"uv": [12.25, 5, 11, 4], "texture": "#0"},
				"down": {"uv": [12.25, 5, 11, 6], "texture": "#0"}
			}
		},
		{
			"from": [7.3, 1.8, 7.4],
			"to": [8.7, 3.2, 8.6],
			"rotation": {"angle": -45, "axis": "z", "origin": [8, 2.5, 8]},
			"faces": {
				"north": {"uv": [3, 10, 4.5, 11.5], "texture": "#0"},
				"east": {"uv": [10, 6, 11.25, 7.5], "texture": "#0"},
				"south": {"uv": [5, 10, 6.5, 11.5], "texture": "#0"},
				"west": {"uv": [7, 10, 8.25, 11.5], "texture": "#0"},
				"up": {"uv": [10.5, 11.25, 9, 10], "texture": "#0"},
				"down": {"uv": [12.5, 0, 11, 1.25], "texture": "#0"}
			}
		},
		{
			"from": [7.5, 3.5, 7.6],
			"to": [8.5, 9.4, 8.4],
			"rotation": {"angle": 0, "axis": "y", "origin": [7.3, 30, 8]},
			"faces": {
				"north": {"uv": [0, 8, 1, 14], "texture": "#0"},
				"east": {"uv": [10, 0, 10.75, 6], "texture": "#0"},
				"south": {"uv": [1, 8, 2, 14], "texture": "#0"},
				"west": {"uv": [2, 10, 2.75, 16], "texture": "#0"},
				"up": {"uv": [11, 12.75, 10, 12], "texture": "#0"},
				"down": {"uv": [12, 12, 11, 12.75], "texture": "#0"}
			}
		},
		{
			"from": [12.40136, 10.39864, 7.7],
			"to": [13.70136, 10.99864, 8.3],
			"rotation": {"angle": 22.5, "axis": "z", "origin": [13.25136, 10.74864, 8]},
			"faces": {
				"north": {"uv": [12, 12, 13.25, 12.5], "texture": "#0"},
				"east": {"uv": [13, 13, 13.5, 13.5], "texture": "#0"},
				"south": {"uv": [13, 0, 14.25, 0.5], "texture": "#0"},
				"west": {"uv": [0, 14, 0.5, 14.5], "texture": "#0"},
				"up": {"uv": [14.25, 1.5, 13, 1], "texture": "#0"},
				"down": {"uv": [14.25, 2, 13, 2.5], "texture": "#0"}
			}
		},
		{
			"from": [2.26819, 10.24557, 7.7],
			"to": [3.56819, 10.84557, 8.3],
			"rotation": {"angle": -22.5, "axis": "z", "origin": [3.11819, 10.59557, 8]},
			"faces": {
				"north": {"uv": [3, 13, 4.25, 13.5], "texture": "#0"},
				"east": {"uv": [1, 14, 1.5, 14.5], "texture": "#0"},
				"south": {"uv": [13, 3, 14.25, 3.5], "texture": "#0"},
				"west": {"uv": [3, 14, 3.5, 14.5], "texture": "#0"},
				"up": {"uv": [14.25, 4.5, 13, 4], "texture": "#0"},
				"down": {"uv": [6.25, 13, 5, 13.5], "texture": "#0"}
			}
		},
		{
			"from": [13.3046, 11.09602, 7.8],
			"to": [14.6046, 11.69602, 8.2],
			"rotation": {"angle": 45, "axis": "z", "origin": [14.1546, 11.44602, 8]},
			"faces": {
				"north": {"uv": [13, 5, 14.25, 5.5], "texture": "#0"},
				"east": {"uv": [4, 14, 4.5, 14.5], "texture": "#0"},
				"south": {"uv": [7, 13, 8.25, 13.5], "texture": "#0"},
				"west": {"uv": [5, 14, 5.5, 14.5], "texture": "#0"},
				"up": {"uv": [14.25, 7.5, 13, 7], "texture": "#0"},
				"down": {"uv": [14.25, 8, 13, 8.5], "texture": "#0"}
			}
		},
		{
			"from": [1.63682, 10.6546, 7.8],
			"to": [2.23682, 11.9546, 8.2],
			"rotation": {"angle": 45, "axis": "z", "origin": [1.98682, 11.3046, 8]},
			"faces": {
				"north": {"uv": [9, 13, 9.5, 14.25], "texture": "#0"},
				"east": {"uv": [13, 9, 13.5, 10.25], "texture": "#0"},
				"south": {"uv": [10, 13, 10.5, 14.25], "texture": "#0"},
				"west": {"uv": [11, 13, 11.5, 14.25], "texture": "#0"},
				"up": {"uv": [6.5, 14.5, 6, 14], "texture": "#0"},
				"down": {"uv": [14.5, 6, 14, 6.5], "texture": "#0"}
			}
		}
	],
	"display": {
		"thirdperson_righthand": {
			"rotation": [0, 90, 0],
			"translation": [0, -0.75, 1.25],
			"scale": [0.85, 0.85, 0.85]
		},
		"thirdperson_lefthand": {
			"rotation": [0, 90, 0],
			"translation": [0, -0.75, 1.25],
			"scale": [0.85, 0.85, 0.85]
		},
		"firstperson_righthand": {
			"rotation": [0, -90, 0],
			"translation": [0, -2, 0]
		},
		"firstperson_lefthand": {
			"rotation": [0, -90, 0],
			"translation": [0, -2, 0]
		},
		"ground": {
			"rotation": [0, 0, 180],
			"translation": [0, 20.75, 0]
		},
		"gui": {
			"rotation": [0, 0, -43],
			"translation": [-3.5, -4.25, 0],
			"scale": [0.6, 0.6, 0.6]
		},
		"fixed": {
			"rotation": [0, 0, 46],
			"translation": [5.25, -5.5, 0]
		}
	},
	"groups": [
		{
			"name": "group",
			"origin": [8, 8, 8],
			"color": 0,
			"children": [0, 1, 2, 3, 4, 5, 6, 7, 8, 9, 10, 11, 12, 13, 14, 15, 16, 17, 18, 19, 20, 21, 22, 23, 24, 25, 26, 27, 28, 29, 30]
		},
		{
			"name": "group",
			"origin": [8, 30, 8],
			"color": 0,
			"children": [31, 32, 33, 34, 35, 36, 37, 38, 39, 40]
		}
	]
}