{
	"credit": "Made with Blockbench",
	"texture_size": [8, 8],
	"textures": {
		"0": "simplyswords:item/dragon_fang_handle",
		"1": "simplyswords:item/dragon_fang_blade",
		"2": "simplyswords:item/dragon_fang_gem",
		"particle": "simplyswords:item/dragon_fang_handle"
	},
	"elements": [
		{
			"from": [7.6, 0.2, 11.6],
			"to": [8.4, 24.4, 12.4],
			"faces": {
				"north": {"uv": [2.5, 0, 2.875, 12.125], "texture": "#0"},
				"east": {"uv": [3, 0, 3.375, 12.125], "texture": "#0"},
				"south": {"uv": [3.5, 0, 3.875, 12.125], "texture": "#0"},
				"west": {"uv": [4, 0, 4.375, 12.125], "texture": "#0"},
				"up": {"uv": [7.875, 3.875, 7.5, 3.5], "texture": "#0"},
				"down": {"uv": [8.375, 3.5, 8, 3.875], "texture": "#0"}
			}
		},
		{
			"from": [7.4, 15.2, 11.4],
			"to": [8.6, 24.5, 12.6],
			"faces": {
				"north": {"uv": [4.5, 0, 5.125, 4.625], "texture": "#0"},
				"east": {"uv": [0, 5, 0.625, 9.625], "texture": "#0"},
				"south": {"uv": [1, 5, 1.625, 9.625], "texture": "#0"},
				"west": {"uv": [4.5, 5, 5.125, 9.625], "texture": "#0"},
				"up": {"uv": [8.125, 3.125, 7.5, 2.5], "texture": "#0"},
				"down": {"uv": [9.125, 0, 8.5, 0.625], "texture": "#0"}
			}
		},
		{
			"from": [7.3, 18.2, 9.5],
			"to": [8.7, 23, 14.3],
			"rotation": {"angle": -45, "axis": "x", "origin": [8, 20.55, 12]},
			"faces": {
				"north": {"uv": [7.5, 0, 8.25, 2.375], "texture": "#0"},
				"east": {"uv": [0, 0, 2.375, 2.375], "texture": "#0"},
				"south": {"uv": [5.5, 8, 6.25, 10.375], "texture": "#0"},
				"west": {"uv": [0, 2.5, 2.375, 4.875], "texture": "#0"},
				"up": {"uv": [7.25, 10.375, 6.5, 8], "texture": "#0"},
				"down": {"uv": [8.25, 8, 7.5, 10.375], "texture": "#0"}
			}
		},
		{
			"from": [6.8, 19, 10.3],
			"to": [9.2, 22.2, 13.5],
			"rotation": {"angle": -45, "axis": "x", "origin": [8, 20.55, 12]},
			"faces": {
				"north": {"uv": [5.5, 4, 6.75, 5.625], "texture": "#0"},
				"east": {"uv": [5.5, 0, 7.125, 1.625], "texture": "#0"},
				"south": {"uv": [5.5, 6, 6.75, 7.625], "texture": "#0"},
				"west": {"uv": [5.5, 2, 7.125, 3.625], "texture": "#0"},
				"up": {"uv": [8.25, 5.625, 7, 4], "texture": "#0"},
				"down": {"uv": [8.25, 6, 7, 7.625], "texture": "#0"}
			}
		},
		{
			"from": [6.8, 20.54181, 9.26775],
			"to": [7.3, 22.34181, 9.76775],
			"rotation": {"angle": -22.5, "axis": "x", "origin": [7.05, 21.44181, 9.51775]},
			"faces": {
				"north": {"uv": [2, 8, 2.25, 8.875], "texture": "#0"},
				"east": {"uv": [8.5, 1, 8.75, 1.875], "texture": "#0"},
				"south": {"uv": [8.5, 2, 8.75, 2.875], "texture": "#0"},
				"west": {"uv": [8.5, 3, 8.75, 3.875], "texture": "#0"},
				"up": {"uv": [10.25, 9.25, 10, 9], "texture": "#0"},
				"down": {"uv": [9.75, 10, 9.5, 10.25], "texture": "#0"}
			}
		},
		{
			"from": [8.7, 20.54181, 9.26775],
			"to": [9.2, 22.34181, 9.76775],
			"rotation": {"angle": -22.5, "axis": "x", "origin": [8.95, 21.44181, 9.51775]},
			"faces": {
				"north": {"uv": [8.5, 4, 8.75, 4.875], "texture": "#0"},
				"east": {"uv": [8.5, 5, 8.75, 5.875], "texture": "#0"},
				"south": {"uv": [8.5, 6, 8.75, 6.875], "texture": "#0"},
				"west": {"uv": [8.5, 7, 8.75, 7.875], "texture": "#0"},
				"up": {"uv": [10.25, 9.75, 10, 9.5], "texture": "#0"},
				"down": {"uv": [10.25, 10, 10, 10.25], "texture": "#0"}
			}
		},
		{
			"from": [6.9, 22.01345, 14.02012],
			"to": [7.2, 23.81345, 14.52012],
			"rotation": {"angle": -22.5, "axis": "x", "origin": [7.05, 22.91345, 14.27012]},
			"faces": {
				"north": {"uv": [9.5, 4, 9.625, 4.875], "texture": "#0"},
				"east": {"uv": [8.5, 8, 8.75, 8.875], "texture": "#0"},
				"south": {"uv": [9.5, 5, 9.625, 5.875], "texture": "#0"},
				"west": {"uv": [9, 1, 9.25, 1.875], "texture": "#0"},
				"up": {"uv": [10.625, 2.25, 10.5, 2], "texture": "#0"},
				"down": {"uv": [10.625, 2.5, 10.5, 2.75], "texture": "#0"}
			}
		},
		{
			"from": [8.8, 22.01345, 14.02012],
			"to": [9.1, 23.81345, 14.52012],
			"rotation": {"angle": -22.5, "axis": "x", "origin": [8.95, 22.91345, 14.27012]},
			"faces": {
				"north": {"uv": [9.5, 6, 9.625, 6.875], "texture": "#0"},
				"east": {"uv": [2, 9, 2.25, 9.875], "texture": "#0"},
				"south": {"uv": [9.5, 7, 9.625, 7.875], "texture": "#0"},
				"west": {"uv": [9, 2, 9.25, 2.875], "texture": "#0"},
				"up": {"uv": [10.625, 3.25, 10.5, 3], "texture": "#0"},
				"down": {"uv": [10.625, 3.5, 10.5, 3.75], "texture": "#0"}
			}
		},
		{
			"from": [6.9, 22.01345, 9.26775],
			"to": [7.2, 23.81345, 9.76775],
			"rotation": {"angle": 22.5, "axis": "x", "origin": [7.05, 22.91345, 9.51775]},
			"faces": {
				"north": {"uv": [9.5, 8, 9.625, 8.875], "texture": "#0"},
				"east": {"uv": [9, 3, 9.25, 3.875], "texture": "#0"},
				"south": {"uv": [9.5, 9, 9.625, 9.875], "texture": "#0"},
				"west": {"uv": [9, 4, 9.25, 4.875], "texture": "#0"},
				"up": {"uv": [10.625, 4.25, 10.5, 4], "texture": "#0"},
				"down": {"uv": [10.625, 4.5, 10.5, 4.75], "texture": "#0"}
			}
		},
		{
			"from": [8.8, 22.01345, 9.26775],
			"to": [9.1, 23.81345, 9.76775],
			"rotation": {"angle": 22.5, "axis": "x", "origin": [8.95, 22.91345, 9.51775]},
			"faces": {
				"north": {"uv": [0, 10, 0.125, 10.875], "texture": "#0"},
				"east": {"uv": [9, 5, 9.25, 5.875], "texture": "#0"},
				"south": {"uv": [10, 0, 10.125, 0.875], "texture": "#0"},
				"west": {"uv": [9, 6, 9.25, 6.875], "texture": "#0"},
				"up": {"uv": [10.625, 5.25, 10.5, 5], "texture": "#0"},
				"down": {"uv": [5.625, 10.5, 5.5, 10.75], "texture": "#0"}
			}
		},
		{
			"from": [6.8, 20.54181, 14.02012],
			"to": [7.3, 22.34181, 14.52012],
			"rotation": {"angle": 22.5, "axis": "x", "origin": [7.05, 21.44181, 14.27012]},
			"faces": {
				"north": {"uv": [9, 7, 9.25, 7.875], "texture": "#0"},
				"east": {"uv": [9, 8, 9.25, 8.875], "texture": "#0"},
				"south": {"uv": [8.5, 9, 8.75, 9.875], "texture": "#0"},
				"west": {"uv": [9, 9, 9.25, 9.875], "texture": "#0"},
				"up": {"uv": [10.75, 0.25, 10.5, 0], "texture": "#0"},
				"down": {"uv": [10.75, 0.5, 10.5, 0.75], "texture": "#0"}
			}
		},
		{
			"from": [8.7, 20.54181, 14.02012],
			"to": [9.2, 22.34181, 14.52012],
			"rotation": {"angle": 22.5, "axis": "x", "origin": [8.95, 21.44181, 14.27012]},
			"faces": {
				"north": {"uv": [9.5, 0, 9.75, 0.875], "texture": "#0"},
				"east": {"uv": [9.5, 1, 9.75, 1.875], "texture": "#0"},
				"south": {"uv": [9.5, 2, 9.75, 2.875], "texture": "#0"},
				"west": {"uv": [9.5, 3, 9.75, 3.875], "texture": "#0"},
				"up": {"uv": [10.75, 1.25, 10.5, 1], "texture": "#0"},
				"down": {"uv": [10.75, 1.5, 10.5, 1.75], "texture": "#0"}
			}
		},
		{
			"from": [7, 23.64927, 9.69313],
			"to": [7.1, 25.44927, 9.99313],
			"rotation": {"angle": 0, "axis": "x", "origin": [7.05, 24.54927, 9.84313]},
			"faces": {
				"north": {"uv": [0.5, 10, 0.625, 10.875], "texture": "#0"},
				"east": {"uv": [1, 10, 1.125, 10.875], "texture": "#0"},
				"south": {"uv": [10, 1, 10.125, 1.875], "texture": "#0"},
				"west": {"uv": [1.5, 10, 1.625, 10.875], "texture": "#0"},
				"up": {"uv": [10.625, 5.625, 10.5, 5.5], "texture": "#0"},
				"down": {"uv": [6.125, 10.5, 6, 10.625], "texture": "#0"}
			}
		},
		{
			"from": [7, 23.64927, 13.79474],
			"to": [7.1, 25.44927, 14.09474],
			"rotation": {"angle": 0, "axis": "y", "origin": [7.05, 24.54927, 13.94474]},
			"faces": {
				"north": {"uv": [2, 10, 2.125, 10.875], "texture": "#0"},
				"east": {"uv": [10, 2, 10.125, 2.875], "texture": "#0"},
				"south": {"uv": [10, 3, 10.125, 3.875], "texture": "#0"},
				"west": {"uv": [10, 4, 10.125, 4.875], "texture": "#0"},
				"up": {"uv": [10.625, 6.125, 10.5, 6], "texture": "#0"},
				"down": {"uv": [6.625, 10.5, 6.5, 10.625], "texture": "#0"}
			}
		},
		{
			"from": [8.9, 23.64927, 13.79474],
			"to": [9, 25.44927, 14.09474],
			"rotation": {"angle": 0, "axis": "y", "origin": [8.95, 24.54927, 13.94474]},
			"faces": {
				"north": {"uv": [4.5, 10, 4.625, 10.875], "texture": "#0"},
				"east": {"uv": [5, 10, 5.125, 10.875], "texture": "#0"},
				"south": {"uv": [10, 5, 10.125, 5.875], "texture": "#0"},
				"west": {"uv": [10, 6, 10.125, 6.875], "texture": "#0"},
				"up": {"uv": [10.625, 6.625, 10.5, 6.5], "texture": "#0"},
				"down": {"uv": [7.125, 10.5, 7, 10.625], "texture": "#0"}
			}
		},
		{
			"from": [8.9, 23.64927, 9.69313],
			"to": [9, 25.44927, 9.99313],
			"rotation": {"angle": 0, "axis": "y", "origin": [8.95, 24.54927, 9.84313]},
			"faces": {
				"north": {"uv": [10, 7, 10.125, 7.875], "texture": "#0"},
				"east": {"uv": [10, 8, 10.125, 8.875], "texture": "#0"},
				"south": {"uv": [8.5, 10, 8.625, 10.875], "texture": "#0"},
				"west": {"uv": [9, 10, 9.125, 10.875], "texture": "#0"},
				"up": {"uv": [10.625, 7.125, 10.5, 7], "texture": "#0"},
				"down": {"uv": [7.625, 10.5, 7.5, 10.625], "texture": "#0"}
			}
		},
		{
			"from": [7.5, 24.5, 11.5],
			"to": [8.5, 25.4, 12.5],
			"faces": {
				"north": {"uv": [2, 5, 2.5, 5.5], "texture": "#0"},
				"east": {"uv": [2, 5.5, 2.5, 6], "texture": "#0"},
				"south": {"uv": [2, 6, 2.5, 6.5], "texture": "#0"},
				"west": {"uv": [2, 6.5, 2.5, 7], "texture": "#0"},
				"up": {"uv": [2.5, 7.5, 2, 7], "texture": "#0"},
				"down": {"uv": [2.5, 7.5, 2, 8], "texture": "#0"}
			}
		},
		{
			"from": [7.9, 23.1, 2.7],
			"to": [8.1, 24, 11.4],
			"faces": {
				"north": {"uv": [4.5, 10, 4.625, 10.5], "texture": "#1"},
				"east": {"uv": [4.5, 3, 8.875, 3.5], "texture": "#1"},
				"south": {"uv": [10, 4.5, 10.125, 5], "texture": "#1"},
				"west": {"uv": [4.5, 3.5, 8.875, 4], "texture": "#1"},
				"up": {"uv": [7.625, 11.875, 7.5, 7.5], "texture": "#1"},
				"down": {"uv": [0.125, 8, 0, 12.375], "texture": "#1"}
			}
		},
		{
			"from": [7.9, 21.46958, -3.49667],
			"to": [8.1, 22.36958, 3.20333],
			"rotation": {"angle": -22.5, "axis": "x", "origin": [8, 21.91958, -1.14667]},
			"faces": {
				"north": {"uv": [5, 10, 5.125, 10.5], "texture": "#1"},
				"east": {"uv": [5, 0.5, 8.375, 1], "texture": "#1"},
				"south": {"uv": [10, 5, 10.125, 5.5], "texture": "#1"},
				"west": {"uv": [5, 1, 8.375, 1.5], "texture": "#1"},
				"up": {"uv": [9.125, 3.375, 9, 0], "texture": "#1"},
				"down": {"uv": [9.125, 3.5, 9, 6.875], "texture": "#1"}
			}
		},
		{
			"from": [7.9, 18.29902, -7.0906],
			"to": [8.1, 19.19902, -2.1906],
			"rotation": {"angle": -45, "axis": "x", "origin": [8, 18.74902, -5.5406]},
			"faces": {
				"north": {"uv": [10, 5.5, 10.125, 6], "texture": "#1"},
				"east": {"uv": [5, 1.5, 7.5, 2], "texture": "#1"},
				"south": {"uv": [6, 10, 6.125, 10.5], "texture": "#1"},
				"west": {"uv": [5, 2, 7.5, 2.5], "texture": "#1"},
				"up": {"uv": [9.125, 9.5, 9, 7], "texture": "#1"},
				"down": {"uv": [8.125, 9, 8, 11.5], "texture": "#1"}
			}
		},
		{
			"from": [7.9, 17.47276, -6.52488],
			"to": [8.1, 18.37276, -3.32488],
			"rotation": {"angle": -22.5, "axis": "x", "origin": [8, 17.92276, -6.07488]},
			"faces": {
				"north": {"uv": [10, 6, 10.125, 6.5], "texture": "#1"},
				"east": {"uv": [0.5, 7, 2.125, 7.5], "texture": "#1"},
				"south": {"uv": [6.5, 10, 6.625, 10.5], "texture": "#1"},
				"west": {"uv": [6, 7, 7.625, 7.5], "texture": "#1"},
				"up": {"uv": [9.625, 7.625, 9.5, 6], "texture": "#1"},
				"down": {"uv": [9.625, 8, 9.5, 9.625], "texture": "#1"}
			}
		},
		{
			"from": [7.9, 18.49088, -3.70642],
			"to": [8.1, 19.39088, 4.29358],
			"rotation": {"angle": 0, "axis": "x", "origin": [8, 18.94088, -2.10642]},
			"faces": {
				"north": {"uv": [10, 6.5, 10.125, 7], "texture": "#1"},
				"east": {"uv": [4.5, 4, 8.5, 4.5], "texture": "#1"},
				"south": {"uv": [7, 10, 7.125, 10.5], "texture": "#1"},
				"west": {"uv": [4.5, 4.5, 8.5, 5], "texture": "#1"},
				"up": {"uv": [8.125, 9, 8, 5], "texture": "#1"},
				"down": {"uv": [8.625, 4, 8.5, 8], "texture": "#1"}
			}
		},
		{
			"from": [7.8, 18.99088, -4.80642],
			"to": [8.2, 19.69088, -4.00642],
			"rotation": {"angle": 0, "axis": "y", "origin": [8, 18.94088, -2.10642]},
			"faces": {
				"north": {"uv": [3, 10, 3.25, 10.375], "texture": "#1"},
				"east": {"uv": [8, 2.5, 8.375, 2.875], "texture": "#1"},
				"south": {"uv": [10, 3, 10.25, 3.375], "texture": "#1"},
				"west": {"uv": [8.5, 2.5, 8.875, 2.875], "texture": "#1"},
				"up": {"uv": [3.75, 10.375, 3.5, 10], "texture": "#1"},
				"down": {"uv": [10.25, 3.5, 10, 3.875], "texture": "#1"}
			}
		},
		{
			"from": [7.8, 19.29088, -4.00642],
			"to": [8.2, 20.59088, 4.59358],
			"rotation": {"angle": 0, "axis": "y", "origin": [8, 18.94088, -2.10642]},
			"faces": {
				"north": {"uv": [7.5, 1.5, 7.75, 2.125], "texture": "#1"},
				"east": {"uv": [0, 3, 4.25, 3.625], "texture": "#1"},
				"south": {"uv": [8, 1.5, 8.25, 2.125], "texture": "#1"},
				"west": {"uv": [0, 4, 4.25, 4.625], "texture": "#1"},
				"up": {"uv": [3.75, 9.75, 3.5, 5.5], "texture": "#1"},
				"down": {"uv": [5.75, 5, 5.5, 9.25], "texture": "#1"}
			}
		},
		{
			"from": [7.8, 17.89088, 6.79358],
			"to": [8.2, 23.19088, 11.39358],
			"rotation": {"angle": 0, "axis": "y", "origin": [8, 18.94088, -2.10642]},
			"faces": {
				"north": {"uv": [1.5, 7.5, 1.75, 10.125], "texture": "#1"},
				"east": {"uv": [0, 0, 2.25, 2.625], "texture": "#1"},
				"south": {"uv": [2, 7.5, 2.25, 10.125], "texture": "#1"},
				"west": {"uv": [2.5, 0, 4.75, 2.625], "texture": "#1"},
				"up": {"uv": [5.25, 9.75, 5, 7.5], "texture": "#1"},
				"down": {"uv": [6.25, 7.5, 6, 9.75], "texture": "#1"}
			}
		},
		{
			"from": [7.8, 18.29088, 5.69358],
			"to": [8.2, 23.19088, 6.79358],
			"rotation": {"angle": 0, "axis": "y", "origin": [8, 18.94088, -2.10642]},
			"faces": {
				"north": {"uv": [4, 7.5, 4.25, 10], "texture": "#1"},
				"east": {"uv": [4, 5, 4.5, 7.5], "texture": "#1"},
				"south": {"uv": [4.5, 7.5, 4.75, 10], "texture": "#1"},
				"west": {"uv": [4.5, 5, 5, 7.5], "texture": "#1"},
				"up": {"uv": [9.25, 10, 9, 9.5], "texture": "#1"},
				"down": {"uv": [10.25, 0, 10, 0.5], "texture": "#1"}
			}
		},
		{
			"from": [7.8, 18.79088, 4.59358],
			"to": [8.2, 23.19088, 5.69358],
			"rotation": {"angle": 0, "axis": "y", "origin": [8, 18.94088, -2.10642]},
			"faces": {
				"north": {"uv": [6.5, 7.5, 6.75, 9.75], "texture": "#1"},
				"east": {"uv": [5, 5, 5.5, 7.25], "texture": "#1"},
				"south": {"uv": [7, 7.5, 7.25, 9.75], "texture": "#1"},
				"west": {"uv": [0, 5.5, 0.5, 7.75], "texture": "#1"},
				"up": {"uv": [10.25, 1, 10, 0.5], "texture": "#1"},
				"down": {"uv": [10.25, 1, 10, 1.5], "texture": "#1"}
			}
		},
		{
			"from": [7.8, 20.59088, -3.10642],
			"to": [8.2, 21.49088, 4.59358],
			"rotation": {"angle": 0, "axis": "y", "origin": [8, 18.94088, -2.10642]},
			"faces": {
				"north": {"uv": [10, 1.5, 10.25, 2], "texture": "#1"},
				"east": {"uv": [0, 5, 3.875, 5.5], "texture": "#1"},
				"south": {"uv": [10, 2, 10.25, 2.5], "texture": "#1"},
				"west": {"uv": [5, 0, 8.875, 0.5], "texture": "#1"},
				"up": {"uv": [2.75, 9.875, 2.5, 6], "texture": "#1"},
				"down": {"uv": [3.25, 6, 3, 9.875], "texture": "#1"}
			}
		},
		{
			"from": [7.8, 21.49088, -1.10642],
			"to": [8.2, 22.29088, 4.59358],
			"rotation": {"angle": 0, "axis": "y", "origin": [8, 18.94088, -2.10642]},
			"faces": {
				"north": {"uv": [4, 10, 4.25, 10.375], "texture": "#1"},
				"east": {"uv": [5, 2.5, 7.875, 2.875], "texture": "#1"},
				"south": {"uv": [10, 4, 10.25, 4.375], "texture": "#1"},
				"west": {"uv": [0.5, 5.5, 3.375, 5.875], "texture": "#1"},
				"up": {"uv": [0.75, 10.375, 0.5, 7.5], "texture": "#1"},
				"down": {"uv": [1.25, 7.5, 1, 10.375], "texture": "#1"}
			}
		},
		{
			"from": [7.8, 22.29088, 0.99358],
			"to": [8.2, 23.19088, 4.59358],
			"rotation": {"angle": 0, "axis": "y", "origin": [8, 18.94088, -2.10642]},
			"faces": {
				"north": {"uv": [2.5, 10, 2.75, 10.5], "texture": "#1"},
				"east": {"uv": [0.5, 6.5, 2.25, 7], "texture": "#1"},
				"south": {"uv": [10, 2.5, 10.25, 3], "texture": "#1"},
				"west": {"uv": [6, 6.5, 7.75, 7], "texture": "#1"},
				"up": {"uv": [8.75, 2.25, 8.5, 0.5], "texture": "#1"},
				"down": {"uv": [8.75, 8, 8.5, 9.75], "texture": "#1"}
			}
		},
		{
			"from": [7.9, 17.79804, 3.97674],
			"to": [8.1, 18.69804, 7.77674],
			"rotation": {"angle": 22.5, "axis": "x", "origin": [8, 18.24804, 5.87674]},
			"faces": {
				"north": {"uv": [10, 7, 10.125, 7.5], "texture": "#1"},
				"east": {"uv": [6, 5.5, 7.875, 6], "texture": "#1"},
				"south": {"uv": [10, 7.5, 10.125, 8], "texture": "#1"},
				"west": {"uv": [6, 6, 7.875, 6.5], "texture": "#1"},
				"up": {"uv": [9.625, 5.875, 9.5, 4], "texture": "#1"},
				"down": {"uv": [5.625, 9.5, 5.5, 11.375], "texture": "#1"}
			}
		},
		{
			"from": [7.9, 17.10519, 7.45991],
			"to": [8.1, 18.00519, 11.45991],
			"rotation": {"angle": 0, "axis": "x", "origin": [8, 17.55519, 9.35991]},
			"faces": {
				"north": {"uv": [10, 8, 10.125, 8.5], "texture": "#1"},
				"east": {"uv": [0.5, 6, 2.5, 6.5], "texture": "#1"},
				"south": {"uv": [8.5, 10, 8.625, 10.5], "texture": "#1"},
				"west": {"uv": [6, 5, 8, 5.5], "texture": "#1"},
				"up": {"uv": [9.625, 2, 9.5, 0], "texture": "#1"},
				"down": {"uv": [9.625, 2, 9.5, 4], "texture": "#1"}
			}
		},
		{
			"from": [6.6, 19.6, 10.9],
			"to": [9.4, 21.6, 12.9],
			"rotation": {"angle": -45, "axis": "x", "origin": [8, 20.55, 12]},
			"faces": {
				"north": {"uv": [0, 0, 5.5, 4], "texture": "#2"},
				"east": {"uv": [0, 8, 4, 12], "texture": "#2"},
				"south": {"uv": [0, 4, 5.5, 8], "texture": "#2"},
				"west": {"uv": [4, 8, 8, 12], "texture": "#2"},
				"up": {"uv": [11.5, 4, 6, 0], "texture": "#2"},
				"down": {"uv": [11.5, 4, 6, 8], "texture": "#2"}
			}
		}
	],
	"display": {
		"thirdperson_righthand": {
			"translation": [0, 1, -2.75]
		},
		"thirdperson_lefthand": {
			"translation": [0, 0, -2.75]
		},
		"firstperson_righthand": {
			"translation": [0, 0, -2.25]
		},
		"firstperson_lefthand": {
			"translation": [0, 0, -2.25]
		},
		"ground": {
			"rotation": [-54, 0, 0],
			"translation": [0, -0.5, 0],
			"scale": [0.54, 0.54, 0.54]
		},
		"gui": {
			"rotation": [51, -130, 10],
			"translation": [-1.25, -3.75, 0],
			"scale": [0.69, 0.69, 0.69]
		}
	},
	"groups": [
		{
			"name": "group",
			"origin": [8, 8, 8],
			"color": 0,
			"children": [0, 1, 2, 3, 4, 5, 6, 7, 8, 9, 10, 11, 12, 13, 14, 15, 16]
		},
		{
			"name": "group",
			"origin": [8, 8, 8],
			"color": 0,
			"children": [17, 18, 19, 20, 21, 22, 23, 24, 25, 26, 27, 28, 29, 30, 31]
		},
		{
			"name": "group",
			"origin": [8, 8, 8],
			"color": 0,
			"children": [32]
		}
	]
}