{
	"credit": "Made with Blockbench",
	"texture_size": [32, 32],
	"textures": {
		"0": "simplyswords:item/new_galeth_hilt",
		"1": "simplyswords:item/new_galeth_blade",
		"particle": "simplyswords:item/new_galeth_hilt"
	},
	"elements": [
		{
			"from": [7.7, 23.5, 7.9],
			"to": [8.3, 24.1, 8.1],
			"rotation": {"angle": 45, "axis": "z", "origin": [8, 23.8, 8]},
			"faces": {
				"north": {"uv": [7, 4, 7.3125, 4.3125], "rotation": 270, "texture": "#1"},
				"east": {"uv": [7.625, 5.8125, 7.5, 5.5], "rotation": 180, "texture": "#1"},
				"south": {"uv": [6.5, 1, 6.8125, 1.3125], "rotation": 90, "texture": "#1"},
				"west": {"uv": [6.125, 7.5, 6, 7.8125], "texture": "#1"},
				"up": {"uv": [5.5, 7.5, 5.625, 7.8125], "rotation": 90, "texture": "#1"},
				"down": {"uv": [7.5, 5, 7.625, 5.3125], "rotation": 90, "texture": "#1"}
			}
		},
		{
			"from": [8.42112, 20.79937, 7.9],
			"to": [9.02112, 23.79937, 8.1],
			"rotation": {"angle": 22.5, "axis": "z", "origin": [8.72112, 22.29937, 8]},
			"faces": {
				"north": {"uv": [6, 0, 6.3125, 1.5], "texture": "#1"},
				"east": {"uv": [1.5, 6.5, 1.625, 8], "texture": "#1"},
				"south": {"uv": [0, 6, 0.3125, 7.5], "texture": "#1"},
				"west": {"uv": [2, 6.5, 2.125, 8], "texture": "#1"},
				"up": {"uv": [7.625, 6.3125, 7.5, 6], "rotation": 90, "texture": "#1"},
				"down": {"uv": [6.625, 7.5, 6.5, 7.8125], "rotation": 270, "texture": "#1"}
			}
		},
		{
			"from": [8.97231, 10.82836, 7.9],
			"to": [9.57231, 21.02836, 8.1],
			"rotation": {"angle": 0, "axis": "y", "origin": [8, 12.45, 8]},
			"faces": {
				"north": {"uv": [3.5, 0, 3.8125, 5.125], "texture": "#1"},
				"east": {"uv": [3, 5.5, 3.125, 10.625], "texture": "#1"},
				"south": {"uv": [3, 0, 3.3125, 5.125], "texture": "#1"},
				"west": {"uv": [3.5, 5.5, 3.625, 10.625], "texture": "#1"},
				"up": {"uv": [7.625, 6.8125, 7.5, 6.5], "rotation": 90, "texture": "#1"},
				"down": {"uv": [7.125, 7.5, 7, 7.8125], "rotation": 270, "texture": "#1"}
			}
		},
		{
			"from": [6.42769, 10.82836, 7.9],
			"to": [7.02769, 21.02836, 8.1],
			"rotation": {"angle": 0, "axis": "y", "origin": [8, 12.45, 8]},
			"faces": {
				"north": {"uv": [4.5, 0, 4.8125, 5.125], "texture": "#1"},
				"east": {"uv": [4, 5.5, 4.125, 10.625], "texture": "#1"},
				"south": {"uv": [4, 0, 4.3125, 5.125], "texture": "#1"},
				"west": {"uv": [4.5, 5.5, 4.625, 10.625], "texture": "#1"},
				"up": {"uv": [7.625, 7.3125, 7.5, 7], "rotation": 90, "texture": "#1"},
				"down": {"uv": [7.625, 7.5, 7.5, 7.8125], "rotation": 270, "texture": "#1"}
			}
		},
		{
			"from": [6.97888, 20.79937, 7.9],
			"to": [7.57888, 23.79937, 8.1],
			"rotation": {"angle": -22.5, "axis": "z", "origin": [7.27888, 22.29937, 8]},
			"faces": {
				"north": {"uv": [1, 6, 1.3125, 7.5], "texture": "#1"},
				"east": {"uv": [6.5, 3, 6.625, 4.5], "texture": "#1"},
				"south": {"uv": [0.5, 6, 0.8125, 7.5], "texture": "#1"},
				"west": {"uv": [6.5, 4.5, 6.625, 6], "texture": "#1"},
				"up": {"uv": [8.125, 0.3125, 8, 0], "rotation": 90, "texture": "#1"},
				"down": {"uv": [8.125, 0.5, 8, 0.8125], "rotation": 270, "texture": "#1"}
			}
		},
		{
			"from": [8.78838, 9.10364, 7.9],
			"to": [9.38838, 10.50364, 8.1],
			"rotation": {"angle": 0, "axis": "y", "origin": [8, 12.45, 8]},
			"faces": {
				"north": {"uv": [6, 3, 6.3125, 3.6875], "texture": "#1"},
				"east": {"uv": [7, 6.5, 7.125, 7.1875], "texture": "#1"},
				"south": {"uv": [2.5, 6, 2.8125, 6.6875], "texture": "#1"},
				"west": {"uv": [0, 7.5, 0.125, 8.1875], "texture": "#1"},
				"up": {"uv": [1.125, 8.3125, 1, 8], "rotation": 90, "texture": "#1"},
				"down": {"uv": [8.125, 1, 8, 1.3125], "rotation": 270, "texture": "#1"}
			}
		},
		{
			"from": [6.88838, 9.10364, 7.8],
			"to": [9.08838, 20.90364, 8.2],
			"rotation": {"angle": 0, "axis": "y", "origin": [8, 12.45, 8]},
			"faces": {
				"north": {"uv": [1.5, 0, 2.625, 5.875], "texture": "#1"},
				"east": {"uv": [5, 0, 5.1875, 5.875], "texture": "#1"},
				"south": {"uv": [0, 0, 1.125, 5.875], "texture": "#1"},
				"west": {"uv": [5.5, 0, 5.6875, 5.875], "texture": "#1"},
				"up": {"uv": [6.1875, 6.125, 6, 5], "rotation": 90, "texture": "#1"},
				"down": {"uv": [5.6875, 6, 5.5, 7.125], "rotation": 270, "texture": "#1"}
			}
		},
		{
			"from": [6.98838, 20.90364, 7.8],
			"to": [8.98838, 21.50364, 8.2],
			"rotation": {"angle": 0, "axis": "y", "origin": [8, 12.45, 8]},
			"faces": {
				"north": {"uv": [6, 2.5, 7, 2.8125], "texture": "#1"},
				"east": {"uv": [7.5, 2.5, 7.6875, 2.8125], "texture": "#1"},
				"south": {"uv": [6, 2, 7, 2.3125], "texture": "#1"},
				"west": {"uv": [7.5, 3, 7.6875, 3.3125], "texture": "#1"},
				"up": {"uv": [6.1875, 7.5, 6, 6.5], "rotation": 90, "texture": "#1"},
				"down": {"uv": [6.6875, 6, 6.5, 7], "rotation": 270, "texture": "#1"}
			}
		},
		{
			"from": [7.08838, 21.50364, 7.8],
			"to": [8.88838, 22.30364, 8.2],
			"rotation": {"angle": 0, "axis": "y", "origin": [8, 12.45, 8]},
			"faces": {
				"north": {"uv": [6, 1.5, 6.875, 1.875], "texture": "#1"},
				"east": {"uv": [1, 7.5, 1.1875, 7.875], "texture": "#1"},
				"south": {"uv": [1.5, 6, 2.375, 6.375], "texture": "#1"},
				"west": {"uv": [7.5, 1, 7.6875, 1.375], "texture": "#1"},
				"up": {"uv": [7.1875, 1.875, 7, 1], "rotation": 90, "texture": "#1"},
				"down": {"uv": [7.1875, 2, 7, 2.875], "rotation": 270, "texture": "#1"}
			}
		},
		{
			"from": [7.58838, 22.90364, 7.8],
			"to": [8.38838, 23.40364, 8.2],
			"rotation": {"angle": 0, "axis": "y", "origin": [8, 12.45, 8]},
			"faces": {
				"north": {"uv": [6.5, 7, 6.875, 7.25], "texture": "#1"},
				"east": {"uv": [7.5, 4.5, 7.6875, 4.75], "texture": "#1"},
				"south": {"uv": [7, 6, 7.375, 6.25], "texture": "#1"},
				"west": {"uv": [5, 7.5, 5.1875, 7.75], "texture": "#1"},
				"up": {"uv": [7.6875, 1.875, 7.5, 1.5], "rotation": 90, "texture": "#1"},
				"down": {"uv": [7.6875, 2, 7.5, 2.375], "rotation": 270, "texture": "#1"}
			}
		},
		{
			"from": [7.38838, 22.30364, 7.8],
			"to": [8.58838, 22.90364, 8.2],
			"rotation": {"angle": 0, "axis": "y", "origin": [8, 12.45, 8]},
			"faces": {
				"north": {"uv": [6.5, 0.5, 7.125, 0.8125], "texture": "#1"},
				"east": {"uv": [7.5, 3.5, 7.6875, 3.8125], "texture": "#1"},
				"south": {"uv": [6.5, 0, 7.125, 0.3125], "texture": "#1"},
				"west": {"uv": [7.5, 4, 7.6875, 4.3125], "texture": "#1"},
				"up": {"uv": [2.6875, 7.625, 2.5, 7], "rotation": 90, "texture": "#1"},
				"down": {"uv": [7.1875, 3, 7, 3.625], "rotation": 270, "texture": "#1"}
			}
		},
		{
			"from": [8.88035, 10.366, 7.9],
			"to": [9.48035, 10.966, 8.1],
			"rotation": {"angle": -22.5, "axis": "z", "origin": [9.18035, 10.666, 8]},
			"faces": {
				"north": {"uv": [5, 7, 5.3125, 7.3125], "texture": "#1"},
				"east": {"uv": [1.5, 8, 1.625, 8.3125], "texture": "#1"},
				"south": {"uv": [7, 4.5, 7.3125, 4.8125], "texture": "#1"},
				"west": {"uv": [8, 1.5, 8.125, 1.8125], "texture": "#1"},
				"up": {"uv": [2.125, 8.3125, 2, 8], "rotation": 90, "texture": "#1"},
				"down": {"uv": [8.125, 2, 8, 2.3125], "rotation": 270, "texture": "#1"}
			}
		},
		{
			"from": [6.51965, 10.366, 7.9],
			"to": [7.11965, 10.966, 8.1],
			"rotation": {"angle": 22.5, "axis": "z", "origin": [6.81965, 10.666, 8]},
			"faces": {
				"north": {"uv": [5, 7, 5.3125, 7.3125], "texture": "#1"},
				"east": {"uv": [1.5, 8, 1.625, 8.3125], "texture": "#1"},
				"south": {"uv": [7, 4.5, 7.3125, 4.8125], "texture": "#1"},
				"west": {"uv": [8, 1.5, 8.125, 1.8125], "texture": "#1"},
				"up": {"uv": [2.125, 8.3125, 2, 8], "rotation": 90, "texture": "#1"},
				"down": {"uv": [8.125, 2, 8, 2.3125], "rotation": 270, "texture": "#1"}
			}
		},
		{
			"from": [6.61162, 9.10364, 7.9],
			"to": [7.21162, 10.50364, 8.1],
			"rotation": {"angle": 0, "axis": "y", "origin": [8, 12.45, 8]},
			"faces": {
				"north": {"uv": [5, 6, 5.3125, 6.6875], "texture": "#1"},
				"east": {"uv": [7.5, 0, 7.625, 0.6875], "texture": "#1"},
				"south": {"uv": [6, 4, 6.3125, 4.6875], "texture": "#1"},
				"west": {"uv": [0.5, 7.5, 0.625, 8.1875], "texture": "#1"},
				"up": {"uv": [8.125, 4.3125, 8, 4], "rotation": 90, "texture": "#1"},
				"down": {"uv": [8.125, 4.5, 8, 4.8125], "rotation": 270, "texture": "#1"}
			}
		},
		{
			"from": [6.5, 8.4, 7.6],
			"to": [9.5, 9.3, 8.4],
			"rotation": {"angle": 0, "axis": "y", "origin": [8, 12.45, 8]},
			"faces": {
				"north": {"uv": [4, 5, 7, 5.875], "texture": "#0"},
				"east": {"uv": [11, 2, 11.75, 2.875], "texture": "#0"},
				"south": {"uv": [4, 4, 7, 4.875], "texture": "#0"},
				"west": {"uv": [11, 3, 11.75, 3.875], "texture": "#0"},
				"up": {"uv": [0.75, 9, 0, 6], "rotation": 90, "texture": "#0"},
				"down": {"uv": [6.75, 0, 6, 3], "rotation": 270, "texture": "#0"}
			}
		},
		{
			"from": [6.5, 6.5, 7.8],
			"to": [6.8, 7.2, 8.2],
			"rotation": {"angle": 22.5, "axis": "z", "origin": [5.65, 8.1, 8]},
			"faces": {
				"north": {"uv": [14, 5, 14.25, 5.75], "texture": "#0"},
				"east": {"uv": [3, 14, 3.375, 14.75], "texture": "#0"},
				"south": {"uv": [5, 14, 5.25, 14.75], "texture": "#0"},
				"west": {"uv": [14, 3, 14.375, 3.75], "texture": "#0"},
				"up": {"uv": [11.375, 14.25, 11, 14], "rotation": 90, "texture": "#0"},
				"down": {"uv": [14.375, 11, 14, 11.25], "rotation": 270, "texture": "#0"}
			}
		},
		{
			"from": [6.1, 6.3, 7.8],
			"to": [6.5, 7.2, 8.2],
			"rotation": {"angle": 22.5, "axis": "z", "origin": [5.65, 8.1, 8]},
			"faces": {
				"north": {"uv": [13, 6, 13.375, 6.875], "texture": "#0"},
				"east": {"uv": [13, 3, 13.375, 3.875], "texture": "#0"},
				"south": {"uv": [13, 4, 13.375, 4.875], "texture": "#0"},
				"west": {"uv": [13, 5, 13.375, 5.875], "texture": "#0"},
				"up": {"uv": [7.375, 14.375, 7, 14], "rotation": 90, "texture": "#0"},
				"down": {"uv": [14.375, 7, 14, 7.375], "rotation": 270, "texture": "#0"}
			}
		},
		{
			"from": [5.7, 6.1, 7.8],
			"to": [6.1, 7.2, 8.2],
			"rotation": {"angle": 22.5, "axis": "z", "origin": [5.65, 8.1, 8]},
			"faces": {
				"north": {"uv": [4, 12, 4.375, 13.125], "texture": "#0"},
				"east": {"uv": [2, 12, 2.375, 13.125], "texture": "#0"},
				"south": {"uv": [12, 2, 12.375, 3.125], "texture": "#0"},
				"west": {"uv": [3, 12, 3.375, 13.125], "texture": "#0"},
				"up": {"uv": [8.375, 14.375, 8, 14], "rotation": 90, "texture": "#0"},
				"down": {"uv": [14.375, 8, 14, 8.375], "rotation": 270, "texture": "#0"}
			}
		},
		{
			"from": [5.7, 7.2, 7.8],
			"to": [6.8, 8.3, 8.2],
			"rotation": {"angle": 22.5, "axis": "z", "origin": [5.65, 8.1, 8]},
			"faces": {
				"north": {"uv": [8, 4, 9.125, 5.125], "texture": "#0"},
				"east": {"uv": [5, 12, 5.375, 13.125], "texture": "#0"},
				"south": {"uv": [4, 8, 5.125, 9.125], "texture": "#0"},
				"west": {"uv": [6, 12, 6.375, 13.125], "texture": "#0"},
				"up": {"uv": [7.375, 13.125, 7, 12], "rotation": 90, "texture": "#0"},
				"down": {"uv": [8.375, 12, 8, 13.125], "rotation": 270, "texture": "#0"}
			}
		},
		{
			"from": [5.2, 7.1, 7.7],
			"to": [5.7, 8.8, 8.3],
			"rotation": {"angle": 22.5, "axis": "z", "origin": [5.65, 8.1, 8]},
			"faces": {
				"north": {"uv": [7, 10, 7.5, 11.75], "texture": "#0"},
				"east": {"uv": [10, 0, 10.625, 1.75], "texture": "#0"},
				"south": {"uv": [10, 6, 10.5, 7.75], "texture": "#0"},
				"west": {"uv": [1, 10, 1.625, 11.75], "texture": "#0"},
				"up": {"uv": [13.625, 13.5, 13, 13], "rotation": 90, "texture": "#0"},
				"down": {"uv": [14.625, 0, 14, 0.5], "rotation": 270, "texture": "#0"}
			}
		},
		{
			"from": [5.7, 8.3, 7.7],
			"to": [6.9, 8.8, 8.3],
			"rotation": {"angle": 22.5, "axis": "z", "origin": [5.65, 8.1, 8]},
			"faces": {
				"north": {"uv": [11, 7, 12.25, 7.5], "texture": "#0"},
				"east": {"uv": [1, 14, 1.625, 14.5], "texture": "#0"},
				"south": {"uv": [11, 6, 12.25, 6.5], "texture": "#0"},
				"west": {"uv": [14, 1, 14.625, 1.5], "texture": "#0"},
				"up": {"uv": [0.625, 12.25, 0, 11], "rotation": 90, "texture": "#0"},
				"down": {"uv": [11.625, 0, 11, 1.25], "rotation": 270, "texture": "#0"}
			}
		},
		{
			"from": [9.1, 8.3, 7.7],
			"to": [10.3, 8.8, 8.3],
			"rotation": {"angle": -22.5, "axis": "z", "origin": [10.35, 8.1, 8]},
			"faces": {
				"north": {"uv": [12.25, 7, 11, 7.5], "texture": "#0"},
				"east": {"uv": [14.625, 1, 14, 1.5], "texture": "#0"},
				"south": {"uv": [12.25, 6, 11, 6.5], "texture": "#0"},
				"west": {"uv": [1.625, 14, 1, 14.5], "texture": "#0"},
				"up": {"uv": [0.625, 11, 0, 12.25], "rotation": 90, "texture": "#0"},
				"down": {"uv": [11.625, 1.25, 11, 0], "rotation": 270, "texture": "#0"}
			}
		},
		{
			"from": [10.3, 7.1, 7.7],
			"to": [10.8, 8.8, 8.3],
			"rotation": {"angle": -22.5, "axis": "z", "origin": [10.35, 8.1, 8]},
			"faces": {
				"north": {"uv": [7.5, 10, 7, 11.75], "texture": "#0"},
				"east": {"uv": [1.625, 10, 1, 11.75], "texture": "#0"},
				"south": {"uv": [10.5, 6, 10, 7.75], "texture": "#0"},
				"west": {"uv": [10.625, 0, 10, 1.75], "texture": "#0"},
				"up": {"uv": [13.625, 13, 13, 13.5], "rotation": 90, "texture": "#0"},
				"down": {"uv": [14.625, 0.5, 14, 0], "rotation": 270, "texture": "#0"}
			}
		},
		{
			"from": [9.2, 7.2, 7.8],
			"to": [10.3, 8.3, 8.2],
			"rotation": {"angle": -22.5, "axis": "z", "origin": [10.35, 8.1, 8]},
			"faces": {
				"north": {"uv": [9.125, 4, 8, 5.125], "texture": "#0"},
				"east": {"uv": [6.375, 12, 6, 13.125], "texture": "#0"},
				"south": {"uv": [5.125, 8, 4, 9.125], "texture": "#0"},
				"west": {"uv": [5.375, 12, 5, 13.125], "texture": "#0"},
				"up": {"uv": [7.375, 12, 7, 13.125], "rotation": 90, "texture": "#0"},
				"down": {"uv": [8.375, 13.125, 8, 12], "rotation": 270, "texture": "#0"}
			}
		},
		{
			"from": [9.9, 6.1, 7.8],
			"to": [10.3, 7.2, 8.2],
			"rotation": {"angle": -22.5, "axis": "z", "origin": [10.35, 8.1, 8]},
			"faces": {
				"north": {"uv": [4.375, 12, 4, 13.125], "texture": "#0"},
				"east": {"uv": [3.375, 12, 3, 13.125], "texture": "#0"},
				"south": {"uv": [12.375, 2, 12, 3.125], "texture": "#0"},
				"west": {"uv": [2.375, 12, 2, 13.125], "texture": "#0"},
				"up": {"uv": [8.375, 14, 8, 14.375], "rotation": 90, "texture": "#0"},
				"down": {"uv": [14.375, 8.375, 14, 8], "rotation": 270, "texture": "#0"}
			}
		},
		{
			"from": [9.5, 6.3, 7.8],
			"to": [9.9, 7.2, 8.2],
			"rotation": {"angle": -22.5, "axis": "z", "origin": [10.35, 8.1, 8]},
			"faces": {
				"north": {"uv": [13.375, 6, 13, 6.875], "texture": "#0"},
				"east": {"uv": [13.375, 5, 13, 5.875], "texture": "#0"},
				"south": {"uv": [13.375, 4, 13, 4.875], "texture": "#0"},
				"west": {"uv": [13.375, 3, 13, 3.875], "texture": "#0"},
				"up": {"uv": [7.375, 14, 7, 14.375], "rotation": 90, "texture": "#0"},
				"down": {"uv": [14.375, 7.375, 14, 7], "rotation": 270, "texture": "#0"}
			}
		},
		{
			"from": [9.2, 6.5, 7.8],
			"to": [9.5, 7.2, 8.2],
			"rotation": {"angle": -22.5, "axis": "z", "origin": [10.35, 8.1, 8]},
			"faces": {
				"north": {"uv": [14.25, 5, 14, 5.75], "texture": "#0"},
				"east": {"uv": [14.375, 3, 14, 3.75], "texture": "#0"},
				"south": {"uv": [5.25, 14, 5, 14.75], "texture": "#0"},
				"west": {"uv": [3.375, 14, 3, 14.75], "texture": "#0"},
				"up": {"uv": [11.375, 14, 11, 14.25], "rotation": 90, "texture": "#0"},
				"down": {"uv": [14.375, 11.25, 14, 11], "rotation": 270, "texture": "#0"}
			}
		},
		{
			"from": [7.7, 1.5, 7.7],
			"to": [8.3, 6.6, 8.3],
			"rotation": {"angle": 0, "axis": "y", "origin": [8, 12.45, 8]},
			"faces": {
				"north": {"uv": [3, 0, 3.625, 5.125], "texture": "#0"},
				"east": {"uv": [0, 0, 0.625, 5.125], "texture": "#0"},
				"south": {"uv": [1, 0, 1.625, 5.125], "texture": "#0"},
				"west": {"uv": [2, 0, 2.625, 5.125], "texture": "#0"},
				"up": {"uv": [1.625, 13.625, 1, 13], "rotation": 90, "texture": "#0"},
				"down": {"uv": [13.625, 2, 13, 2.625], "rotation": 270, "texture": "#0"}
			}
		},
		{
			"from": [7.6, 0.7, 7.6],
			"to": [8.4, 1.5, 8.4],
			"rotation": {"angle": 0, "axis": "y", "origin": [8, 12.45, 8]},
			"faces": {
				"north": {"uv": [11, 10, 11.75, 10.75], "texture": "#0"},
				"east": {"uv": [6, 11, 6.75, 11.75], "texture": "#0"},
				"south": {"uv": [11, 8, 11.75, 8.75], "texture": "#0"},
				"west": {"uv": [11, 9, 11.75, 9.75], "texture": "#0"},
				"up": {"uv": [11.75, 11.75, 11, 11], "rotation": 90, "texture": "#0"},
				"down": {"uv": [12.75, 0, 12, 0.75], "rotation": 270, "texture": "#0"}
			}
		},
		{
			"from": [7.2, 8.45147, 7.4],
			"to": [8.8, 10.05147, 8.6],
			"rotation": {"angle": -45, "axis": "z", "origin": [8, 9.25147, 8]},
			"faces": {
				"north": {"uv": [4, 2, 5.625, 3.625], "rotation": 270, "texture": "#0"},
				"east": {"uv": [6.25, 7.625, 5, 6], "rotation": 180, "texture": "#0"},
				"south": {"uv": [4, 0, 5.625, 1.625], "rotation": 90, "texture": "#0"},
				"west": {"uv": [8.25, 0, 7, 1.625], "texture": "#0"},
				"up": {"uv": [3, 6, 4.25, 7.625], "rotation": 90, "texture": "#0"},
				"down": {"uv": [1, 6, 2.25, 7.625], "rotation": 90, "texture": "#0"}
			}
		},
		{
			"from": [7.35, 8.95503, 7.5],
			"to": [8.65, 10.25503, 8.5],
			"rotation": {"angle": -45, "axis": "z", "origin": [8, 9.60503, 8]},
			"faces": {
				"north": {"uv": [8, 2, 9.25, 3.25], "texture": "#0"},
				"east": {"uv": [8, 8, 9, 9.25], "texture": "#0"},
				"south": {"uv": [2, 8, 3.25, 9.25], "texture": "#0"},
				"west": {"uv": [0, 9, 1, 10.25], "texture": "#0"},
				"up": {"uv": [10, 1.25, 9, 0], "rotation": 90, "texture": "#0"},
				"down": {"uv": [10, 8, 9, 9.25], "rotation": 270, "texture": "#0"}
			}
		},
		{
			"from": [7.5, 7.6, 7.5],
			"to": [8.5, 9.5, 8.5],
			"rotation": {"angle": 0, "axis": "y", "origin": [8, 12.45, 8]},
			"faces": {
				"north": {"uv": [1, 8, 2, 9.875], "texture": "#0"},
				"east": {"uv": [7, 2, 8, 3.875], "texture": "#0"},
				"south": {"uv": [7, 4, 8, 5.875], "texture": "#0"},
				"west": {"uv": [7, 6, 8, 7.875], "texture": "#0"},
				"up": {"uv": [7, 4, 6, 3], "rotation": 90, "texture": "#0"},
				"down": {"uv": [7, 10, 6, 11], "rotation": 270, "texture": "#0"}
			}
		},
		{
			"from": [7.6, 6.2, 7.6],
			"to": [8.4, 7.6, 8.4],
			"rotation": {"angle": 0, "axis": "y", "origin": [8, 12.45, 8]},
			"faces": {
				"north": {"uv": [5, 10, 5.75, 11.375], "texture": "#0"},
				"east": {"uv": [3, 10, 3.75, 11.375], "texture": "#0"},
				"south": {"uv": [4, 10, 4.75, 11.375], "texture": "#0"},
				"west": {"uv": [10, 4, 10.75, 5.375], "texture": "#0"},
				"up": {"uv": [1.75, 12.75, 1, 12], "rotation": 90, "texture": "#0"},
				"down": {"uv": [12.75, 1, 12, 1.75], "rotation": 270, "texture": "#0"}
			}
		}
	],
	"display": {
		"thirdperson_righthand": {
			"rotation": [0, 90, 0],
			"translation": [0, 2.25, 1],
			"scale": [1.2, 1.2, 1.2]
		},
		"thirdperson_lefthand": {
			"rotation": [0, 90, 0],
			"translation": [0, 2.25, 1],
			"scale": [1.2, 1.2, 1.2]
		},
		"firstperson_righthand": {
			"rotation": [0, 90, 0],
			"translation": [0, 2.75, 0],
			"scale": [1.2, 1.2, 1.2]
		},
		"firstperson_lefthand": {
			"rotation": [0, 90, 0],
			"translation": [0, 2.75, 0],
			"scale": [1.2, 1.2, 1.2]
		},
		"ground": {
			"rotation": [0, 0, 180],
			"translation": [0, 12, 0]
		},
		"gui": {
			"rotation": [0, 0, -38],
			"translation": [-1.5, -2.75, 0],
			"scale": [0.85, 0.85, 0.85]
		},
		"fixed": {
			"rotation": [0, 0, 45.5],
			"translation": [4, -3.75, 0],
			"scale": [1.2, 1.2, 1.2]
		}
	},
	"groups": [
		{
			"name": "group",
			"origin": [8, 8, 8],
			"color": 0,
			"children": [0, 1, 2, 3, 4, 5, 6, 7, 8, 9, 10, 11, 12, 13]
		},
		{
			"name": "group",
			"origin": [8, 8, 8],
			"color": 0,
			"children": [14, 15, 16, 17, 18, 19, 20, 21, 22, 23, 24, 25, 26, 27, 28, 29, 30, 31, 32]
		}
	]
}