{
	"credit": "Made with Blockbench",
	"texture_size": [32, 32],
	"textures": {
		"0": "simplyswords:item/withers_bite_handle",
		"1": "simplyswords:item/withers_bite_blade",
		"particle": "simplyswords:item/withers_bite_handle"
	},
	"elements": [
		{
			"from": [7.9, 29.89728, 11.3],
			"to": [8, 30.59728, 13],
			"rotation": {"angle": -22.5, "axis": "x", "origin": [7.95, 30.24728, 12.15]},
			"faces": {
				"north": {"uv": [11, 7.5, 11.125, 7.875], "texture": "#1"},
				"east": {"uv": [7, 6.5, 7.875, 6.875], "texture": "#1"},
				"south": {"uv": [8, 11, 8.125, 11.375], "texture": "#1"},
				"west": {"uv": [7.5, 3.5, 8.375, 3.875], "texture": "#1"},
				"up": {"uv": [10.625, 10.375, 10.5, 9.5], "texture": "#1"},
				"down": {"uv": [10.625, 10.5, 10.5, 11.375], "texture": "#1"}
			}
		},
		{
			"from": [7.9, 30.19592, 12.80136],
			"to": [8, 30.89592, 15.10136],
			"rotation": {"angle": 0, "axis": "x", "origin": [7.95, 30.54592, 13.65136]},
			"faces": {
				"north": {"uv": [11, 8, 11.125, 8.375], "texture": "#1"},
				"east": {"uv": [7, 4, 8.125, 4.375], "texture": "#1"},
				"south": {"uv": [8.5, 11, 8.625, 11.375], "texture": "#1"},
				"west": {"uv": [7, 5.5, 8.125, 5.875], "texture": "#1"},
				"up": {"uv": [2.625, 11.625, 2.5, 10.5], "texture": "#1"},
				"down": {"uv": [3.125, 10.5, 3, 11.625], "texture": "#1"}
			}
		},
		{
			"from": [7.9, 25.85232, 11.38666],
			"to": [8, 26.55232, 13.08666],
			"rotation": {"angle": -22.5, "axis": "x", "origin": [7.95, 26.20232, 12.23666]},
			"faces": {
				"north": {"uv": [11, 8.5, 11.125, 8.875], "texture": "#1"},
				"east": {"uv": [7, 7.5, 7.875, 7.875], "texture": "#1"},
				"south": {"uv": [9, 11, 9.125, 11.375], "texture": "#1"},
				"west": {"uv": [7.5, 7, 8.375, 7.375], "texture": "#1"},
				"up": {"uv": [11.125, 0.875, 11, 0], "texture": "#1"},
				"down": {"uv": [11.125, 1, 11, 1.875], "texture": "#1"}
			}
		},
		{
			"from": [7.9, 26.70277, 12.65945],
			"to": [8, 27.40277, 14.35945],
			"rotation": {"angle": -45, "axis": "x", "origin": [7.95, 27.05277, 13.50945]},
			"faces": {
				"north": {"uv": [11, 9, 11.125, 9.375], "texture": "#1"},
				"east": {"uv": [8, 0, 8.875, 0.375], "texture": "#1"},
				"south": {"uv": [11, 9.5, 11.125, 9.875], "texture": "#1"},
				"west": {"uv": [8, 0.5, 8.875, 0.875], "texture": "#1"},
				"up": {"uv": [2.125, 11.875, 2, 11], "texture": "#1"},
				"down": {"uv": [11.125, 2, 11, 2.875], "texture": "#1"}
			}
		},
		{
			"from": [7.9, 27.47556, 14.00991],
			"to": [8, 32, 14.70991],
			"rotation": {"angle": 22.5, "axis": "x", "origin": [7.95, 28.32556, 14.35991]},
			"faces": {
				"north": {"uv": [8, 1, 8.125, 3.25], "texture": "#1"},
				"east": {"uv": [4.5, 4, 4.875, 6.25], "texture": "#1"},
				"south": {"uv": [5, 8, 5.125, 10.25], "texture": "#1"},
				"west": {"uv": [0, 5, 0.375, 7.25], "texture": "#1"},
				"up": {"uv": [11.125, 10.375, 11, 10], "texture": "#1"},
				"down": {"uv": [11.125, 10.5, 11, 10.875], "texture": "#1"}
			}
		},
		{
			"from": [7.9, 29.59864, 6.09864],
			"to": [8, 30.29864, 11.49864],
			"rotation": {"angle": 0, "axis": "x", "origin": [7.95, 29.94864, 10.64864]},
			"faces": {
				"north": {"uv": [11, 11, 11.125, 11.375], "texture": "#1"},
				"east": {"uv": [4.5, 3, 7.25, 3.375], "texture": "#1"},
				"south": {"uv": [11.5, 0, 11.625, 0.375], "texture": "#1"},
				"west": {"uv": [4.5, 3.5, 7.25, 3.875], "texture": "#1"},
				"up": {"uv": [3.125, 10.25, 3, 7.5], "texture": "#1"},
				"down": {"uv": [3.625, 7.5, 3.5, 10.25], "texture": "#1"}
			}
		},
		{
			"from": [7.9, 30.04284, 2.56548],
			"to": [8, 30.74284, 5.16548],
			"rotation": {"angle": 0, "axis": "y", "origin": [7.95, 28.89284, 4.31548]},
			"faces": {
				"north": {"uv": [11.5, 0.5, 11.625, 0.875], "texture": "#1"},
				"east": {"uv": [6, 2, 7.25, 2.375], "texture": "#1"},
				"south": {"uv": [11.5, 1, 11.625, 1.375], "texture": "#1"},
				"west": {"uv": [6, 2.5, 7.25, 2.875], "texture": "#1"},
				"up": {"uv": [9.625, 9.75, 9.5, 8.5], "texture": "#1"},
				"down": {"uv": [9.125, 9.5, 9, 10.75], "texture": "#1"}
			}
		},
		{
			"from": [7.9, 30.83485, -0.05283],
			"to": [8, 31.53485, 2.54717],
			"rotation": {"angle": -22.5, "axis": "x", "origin": [7.95, 31.18485, 4.54717]},
			"faces": {
				"north": {"uv": [11.5, 1.5, 11.625, 1.875], "texture": "#1"},
				"east": {"uv": [6.5, 0, 7.75, 0.375], "texture": "#1"},
				"south": {"uv": [11.5, 2, 11.625, 2.375], "texture": "#1"},
				"west": {"uv": [6.5, 0.5, 7.75, 0.875], "texture": "#1"},
				"up": {"uv": [10.125, 1.25, 10, 0], "texture": "#1"},
				"down": {"uv": [10.125, 1.5, 10, 2.75], "texture": "#1"}
			}
		},
		{
			"from": [7.9, 29.91788, -1.54048],
			"to": [8, 30.61788, 1.05952],
			"rotation": {"angle": 45, "axis": "x", "origin": [7.95, 30.26788, -0.24048]},
			"faces": {
				"north": {"uv": [11.5, 2.5, 11.625, 2.875], "texture": "#1"},
				"east": {"uv": [6.5, 1, 7.75, 1.375], "texture": "#1"},
				"south": {"uv": [11.5, 3, 11.625, 3.375], "texture": "#1"},
				"west": {"uv": [6.5, 1.5, 7.75, 1.875], "texture": "#1"},
				"up": {"uv": [10.125, 4.25, 10, 3], "texture": "#1"},
				"down": {"uv": [10.125, 5.5, 10, 6.75], "texture": "#1"}
			}
		},
		{
			"from": [7.9, 29.91788, -2.88399],
			"to": [8, 30.61788, -0.28399],
			"rotation": {"angle": -45, "axis": "x", "origin": [7.95, 30.26788, -1.58399]},
			"faces": {
				"north": {"uv": [11.5, 3.5, 11.625, 3.875], "texture": "#1"},
				"east": {"uv": [6.5, 4.5, 7.75, 4.875], "texture": "#1"},
				"south": {"uv": [11.5, 4, 11.625, 4.375], "texture": "#1"},
				"west": {"uv": [6.5, 5, 7.75, 5.375], "texture": "#1"},
				"up": {"uv": [7.125, 11.25, 7, 10], "texture": "#1"},
				"down": {"uv": [10.125, 7, 10, 8.25], "texture": "#1"}
			}
		},
		{
			"from": [7.9, 26.96114, -3.27484],
			"to": [8, 29.56114, -2.57484],
			"rotation": {"angle": 22.5, "axis": "x", "origin": [7.95, 28.26114, -2.92484]},
			"faces": {
				"north": {"uv": [7.5, 10, 7.625, 11.25], "texture": "#1"},
				"east": {"uv": [5, 6.5, 5.375, 7.75], "texture": "#1"},
				"south": {"uv": [10, 8.5, 10.125, 9.75], "texture": "#1"},
				"west": {"uv": [6.5, 5.5, 6.875, 6.75], "texture": "#1"},
				"up": {"uv": [11.625, 4.875, 11.5, 4.5], "texture": "#1"},
				"down": {"uv": [11.625, 5, 11.5, 5.375], "texture": "#1"}
			}
		},
		{
			"from": [7.9, 24.59404, -3.74569],
			"to": [8, 27.19404, -3.04569],
			"rotation": {"angle": 0, "axis": "x", "origin": [7.95, 25.89404, -3.39569]},
			"faces": {
				"north": {"uv": [9.5, 10, 9.625, 11.25], "texture": "#1"},
				"east": {"uv": [6, 6.5, 6.375, 7.75], "texture": "#1"},
				"south": {"uv": [10, 10, 10.125, 11.25], "texture": "#1"},
				"west": {"uv": [0.5, 7, 0.875, 8.25], "texture": "#1"},
				"up": {"uv": [5.625, 11.875, 5.5, 11.5], "texture": "#1"},
				"down": {"uv": [11.625, 5.5, 11.5, 5.875], "texture": "#1"}
			}
		},
		{
			"from": [7.9, 24.46076, -2.72394],
			"to": [8, 27.06076, -2.02394],
			"rotation": {"angle": 45, "axis": "x", "origin": [7.95, 25.76076, -2.37394]},
			"faces": {
				"north": {"uv": [0, 10.5, 0.125, 11.75], "texture": "#1"},
				"east": {"uv": [1, 7, 1.375, 8.25], "texture": "#1"},
				"south": {"uv": [10.5, 0, 10.625, 1.25], "texture": "#1"},
				"west": {"uv": [1.5, 7, 1.875, 8.25], "texture": "#1"},
				"up": {"uv": [11.625, 6.375, 11.5, 6], "texture": "#1"},
				"down": {"uv": [6.625, 11.5, 6.5, 11.875], "texture": "#1"}
			}
		},
		{
			"from": [7.9, 26.22749, -1.70219],
			"to": [8, 26.92749, 1.89781],
			"rotation": {"angle": 0, "axis": "x", "origin": [7.95, 26.57749, -0.85219]},
			"faces": {
				"north": {"uv": [11.5, 6.5, 11.625, 6.875], "texture": "#1"},
				"east": {"uv": [2.5, 5, 4.25, 5.375], "texture": "#1"},
				"south": {"uv": [7, 11.5, 7.125, 11.875], "texture": "#1"},
				"west": {"uv": [5, 4, 6.75, 4.375], "texture": "#1"},
				"up": {"uv": [1.625, 10.25, 1.5, 8.5], "texture": "#1"},
				"down": {"uv": [8.625, 5.5, 8.5, 7.25], "texture": "#1"}
			}
		},
		{
			"from": [7.9, 25.55368, 3.38531],
			"to": [8, 26.25368, 11.58531],
			"rotation": {"angle": 0, "axis": "y", "origin": [7.95, 25.90368, 4.23531]},
			"faces": {
				"north": {"uv": [11.5, 7, 11.625, 7.375], "texture": "#1"},
				"east": {"uv": [0, 4, 4.125, 4.375], "texture": "#1"},
				"south": {"uv": [7.5, 11.5, 7.625, 11.875], "texture": "#1"},
				"west": {"uv": [0, 4.5, 4.125, 4.875], "texture": "#1"},
				"up": {"uv": [5.625, 10.125, 5.5, 6], "texture": "#1"},
				"down": {"uv": [4.625, 6.5, 4.5, 10.625], "texture": "#1"}
			}
		},
		{
			"from": [7.8, 26.25368, 5.88531],
			"to": [8.1, 29.65368, 11.58531],
			"rotation": {"angle": 0, "axis": "y", "origin": [7.95, 25.90368, 4.23531]},
			"faces": {
				"north": {"uv": [8.5, 7.5, 8.625, 9.25], "texture": "#1"},
				"east": {"uv": [0, 0, 2.875, 1.75], "texture": "#1"},
				"south": {"uv": [9, 0, 9.125, 1.75], "texture": "#1"},
				"west": {"uv": [0, 2, 2.875, 3.75], "texture": "#1"},
				"up": {"uv": [0.125, 10.375, 0, 7.5], "texture": "#1"},
				"down": {"uv": [2.625, 7.5, 2.5, 10.375], "texture": "#1"}
			}
		},
		{
			"from": [7.8, 26.25368, 11.58531],
			"to": [8.1, 29.95368, 12.38531],
			"rotation": {"angle": 0, "axis": "y", "origin": [7.95, 25.90368, 4.23531]},
			"faces": {
				"north": {"uv": [7, 8, 7.125, 9.875], "texture": "#1"},
				"east": {"uv": [0.5, 5, 0.875, 6.875], "texture": "#1"},
				"south": {"uv": [7.5, 8, 7.625, 9.875], "texture": "#1"},
				"west": {"uv": [1, 5, 1.375, 6.875], "texture": "#1"},
				"up": {"uv": [11.625, 7.875, 11.5, 7.5], "texture": "#1"},
				"down": {"uv": [8.125, 11.5, 8, 11.875], "texture": "#1"}
			}
		},
		{
			"from": [7.8, 26.45368, 12.38531],
			"to": [8.1, 30.25368, 13.18531],
			"rotation": {"angle": 0, "axis": "y", "origin": [7.95, 25.90368, 4.23531]},
			"faces": {
				"north": {"uv": [8, 7.5, 8.125, 9.375], "texture": "#1"},
				"east": {"uv": [1.5, 5, 1.875, 6.875], "texture": "#1"},
				"south": {"uv": [0.5, 8.5, 0.625, 10.375], "texture": "#1"},
				"west": {"uv": [2, 5, 2.375, 6.875], "texture": "#1"},
				"up": {"uv": [11.625, 8.375, 11.5, 8], "texture": "#1"},
				"down": {"uv": [8.625, 11.5, 8.5, 11.875], "texture": "#1"}
			}
		},
		{
			"from": [7.8, 27.05368, 13.18531],
			"to": [8.1, 30.25368, 13.68531],
			"rotation": {"angle": 0, "axis": "y", "origin": [7.95, 25.90368, 4.23531]},
			"faces": {
				"north": {"uv": [6.5, 9, 6.625, 10.625], "texture": "#1"},
				"east": {"uv": [2, 7, 2.25, 8.625], "texture": "#1"},
				"south": {"uv": [9, 7.5, 9.125, 9.125], "texture": "#1"},
				"west": {"uv": [4, 7, 4.25, 8.625], "texture": "#1"},
				"up": {"uv": [11.625, 11.25, 11.5, 11], "texture": "#1"},
				"down": {"uv": [11.625, 11.5, 11.5, 11.75], "texture": "#1"}
			}
		},
		{
			"from": [7.8, 27.55368, 13.68531],
			"to": [8.1, 30.25368, 14.18531],
			"rotation": {"angle": 0, "axis": "y", "origin": [7.95, 25.90368, 4.23531]},
			"faces": {
				"north": {"uv": [8, 9.5, 8.125, 10.875], "texture": "#1"},
				"east": {"uv": [7.5, 2, 7.75, 3.375], "texture": "#1"},
				"south": {"uv": [8.5, 9.5, 8.625, 10.875], "texture": "#1"},
				"west": {"uv": [6.5, 7.5, 6.75, 8.875], "texture": "#1"},
				"up": {"uv": [0.125, 12.25, 0, 12], "texture": "#1"},
				"down": {"uv": [12.125, 0, 12, 0.25], "texture": "#1"}
			}
		},
		{
			"from": [7.8, 28.75368, 14.18531],
			"to": [8.1, 30.25368, 14.78531],
			"rotation": {"angle": 0, "axis": "y", "origin": [7.95, 25.90368, 4.23531]},
			"faces": {
				"north": {"uv": [11, 3, 11.125, 3.75], "texture": "#1"},
				"east": {"uv": [9, 2, 9.25, 2.75], "texture": "#1"},
				"south": {"uv": [4, 11, 4.125, 11.75], "texture": "#1"},
				"west": {"uv": [9.5, 4, 9.75, 4.75], "texture": "#1"},
				"up": {"uv": [0.625, 12.25, 0.5, 12], "texture": "#1"},
				"down": {"uv": [12.125, 0.5, 12, 0.75], "texture": "#1"}
			}
		},
		{
			"from": [7.8, 26.65368, 1.38531],
			"to": [8.1, 29.95368, 2.18531],
			"rotation": {"angle": 0, "axis": "y", "origin": [7.95, 25.90368, 4.23531]},
			"faces": {
				"north": {"uv": [9.5, 0, 9.625, 1.625], "texture": "#1"},
				"east": {"uv": [6, 0, 6.375, 1.625], "texture": "#1"},
				"south": {"uv": [9.5, 2, 9.625, 3.625], "texture": "#1"},
				"west": {"uv": [6, 4.5, 6.375, 6.125], "texture": "#1"},
				"up": {"uv": [11.625, 8.875, 11.5, 8.5], "texture": "#1"},
				"down": {"uv": [9.125, 11.5, 9, 11.875], "texture": "#1"}
			}
		},
		{
			"from": [7.8, 26.85368, 0.38531],
			"to": [8.1, 29.45368, 1.38531],
			"rotation": {"angle": 0, "axis": "y", "origin": [7.95, 25.90368, 4.23531]},
			"faces": {
				"north": {"uv": [0.5, 10.5, 0.625, 11.75], "texture": "#1"},
				"east": {"uv": [4, 5.5, 4.5, 6.75], "texture": "#1"},
				"south": {"uv": [1, 10.5, 1.125, 11.75], "texture": "#1"},
				"west": {"uv": [5.5, 4.5, 6, 5.75], "texture": "#1"},
				"up": {"uv": [11.125, 6.5, 11, 6], "texture": "#1"},
				"down": {"uv": [6.625, 11, 6.5, 11.5], "texture": "#1"}
			}
		},
		{
			"from": [7.8, 26.85368, -1.81469],
			"to": [8.1, 29.45368, 0.38531],
			"rotation": {"angle": 0, "axis": "y", "origin": [7.95, 25.90368, 4.23531]},
			"faces": {
				"north": {"uv": [1.5, 10.5, 1.625, 11.75], "texture": "#1"},
				"east": {"uv": [4.5, 0, 5.625, 1.25], "texture": "#1"},
				"south": {"uv": [10.5, 1.5, 10.625, 2.75], "texture": "#1"},
				"west": {"uv": [4.5, 1.5, 5.625, 2.75], "texture": "#1"},
				"up": {"uv": [10.625, 4.125, 10.5, 3], "texture": "#1"},
				"down": {"uv": [3.625, 10.5, 3.5, 11.625], "texture": "#1"}
			}
		},
		{
			"from": [7.8, 29.45368, -2.01469],
			"to": [8.1, 29.95368, 0.18531],
			"rotation": {"angle": 0, "axis": "y", "origin": [7.95, 25.90368, 4.23531]},
			"faces": {
				"north": {"uv": [1, 12, 1.125, 12.25], "texture": "#1"},
				"east": {"uv": [8, 4.5, 9.125, 4.75], "texture": "#1"},
				"south": {"uv": [12, 1, 12.125, 1.25], "texture": "#1"},
				"west": {"uv": [8, 5, 9.125, 5.25], "texture": "#1"},
				"up": {"uv": [10.625, 5.625, 10.5, 4.5], "texture": "#1"},
				"down": {"uv": [5.125, 10.5, 5, 11.625], "texture": "#1"}
			}
		},
		{
			"from": [7.8, 29.95368, -1.61469],
			"to": [8.1, 30.45368, -0.21469],
			"rotation": {"angle": 0, "axis": "y", "origin": [7.95, 25.90368, 4.23531]},
			"faces": {
				"north": {"uv": [1.5, 12, 1.625, 12.25], "texture": "#1"},
				"east": {"uv": [8.5, 4, 9.25, 4.25], "texture": "#1"},
				"south": {"uv": [12, 1.5, 12.125, 1.75], "texture": "#1"},
				"west": {"uv": [9.5, 5, 10.25, 5.25], "texture": "#1"},
				"up": {"uv": [11.125, 4.75, 11, 4], "texture": "#1"},
				"down": {"uv": [4.625, 11, 4.5, 11.75], "texture": "#1"}
			}
		},
		{
			"from": [7.8, 25.35368, -3.11469],
			"to": [8.1, 27.45368, -2.51469],
			"rotation": {"angle": 0, "axis": "y", "origin": [7.95, 25.90368, 4.23531]},
			"faces": {
				"north": {"uv": [5.5, 10.5, 5.625, 11.5], "texture": "#1"},
				"east": {"uv": [6, 8, 6.25, 9], "texture": "#1"},
				"south": {"uv": [10.5, 6, 10.625, 7], "texture": "#1"},
				"west": {"uv": [8, 6, 8.25, 7], "texture": "#1"},
				"up": {"uv": [2.125, 12.25, 2, 12], "texture": "#1"},
				"down": {"uv": [12.125, 2, 12, 2.25], "texture": "#1"}
			}
		},
		{
			"from": [7.8, 27.45368, -2.91469],
			"to": [8.1, 28.55368, -2.51469],
			"rotation": {"angle": 0, "axis": "y", "origin": [7.95, 25.90368, 4.23531]},
			"faces": {
				"north": {"uv": [11, 6.5, 11.125, 7], "texture": "#1"},
				"east": {"uv": [10, 4.5, 10.25, 5], "texture": "#1"},
				"south": {"uv": [11, 7, 11.125, 7.5], "texture": "#1"},
				"west": {"uv": [10.5, 7, 10.75, 7.5], "texture": "#1"},
				"up": {"uv": [2.625, 12.25, 2.5, 12], "texture": "#1"},
				"down": {"uv": [12.125, 2.5, 12, 2.75], "texture": "#1"}
			}
		},
		{
			"from": [7.8, 26.05368, -2.51469],
			"to": [8.1, 29.45368, -1.81469],
			"rotation": {"angle": 0, "axis": "y", "origin": [7.95, 25.90368, 4.23531]},
			"faces": {
				"north": {"uv": [2, 9, 2.125, 10.75], "texture": "#1"},
				"east": {"uv": [5, 4.5, 5.375, 6.25], "texture": "#1"},
				"south": {"uv": [4, 9, 4.125, 10.75], "texture": "#1"},
				"west": {"uv": [2.5, 5.5, 2.875, 7.25], "texture": "#1"},
				"up": {"uv": [11.625, 9.375, 11.5, 9], "texture": "#1"},
				"down": {"uv": [9.625, 11.5, 9.5, 11.875], "texture": "#1"}
			}
		},
		{
			"from": [7.8, 26.45368, 2.18531],
			"to": [8.1, 30.05368, 2.98531],
			"rotation": {"angle": 0, "axis": "y", "origin": [7.95, 25.90368, 4.23531]},
			"faces": {
				"north": {"uv": [9, 5.5, 9.125, 7.25], "texture": "#1"},
				"east": {"uv": [3, 5.5, 3.375, 7.25], "texture": "#1"},
				"south": {"uv": [6, 9, 6.125, 10.75], "texture": "#1"},
				"west": {"uv": [3.5, 5.5, 3.875, 7.25], "texture": "#1"},
				"up": {"uv": [11.625, 9.875, 11.5, 9.5], "texture": "#1"},
				"down": {"uv": [10.125, 11.5, 10, 11.875], "texture": "#1"}
			}
		},
		{
			"from": [7.8, 26.25368, 2.98531],
			"to": [8.1, 30.05368, 5.88531],
			"rotation": {"angle": 0, "axis": "y", "origin": [7.95, 25.90368, 4.23531]},
			"faces": {
				"north": {"uv": [1, 8.5, 1.125, 10.375], "texture": "#1"},
				"east": {"uv": [3, 0, 4.5, 1.875], "texture": "#1"},
				"south": {"uv": [8.5, 1, 8.625, 2.875], "texture": "#1"},
				"west": {"uv": [3, 2, 4.5, 3.875], "texture": "#1"},
				"up": {"uv": [9.625, 7, 9.5, 5.5], "texture": "#1"},
				"down": {"uv": [9.625, 7, 9.5, 8.5], "texture": "#1"}
			}
		},
		{
			"from": [7.9, 26.21586, 1.75626],
			"to": [8, 26.91586, 3.65626],
			"rotation": {"angle": 22.5, "axis": "x", "origin": [7.95, 26.56586, 1.85626]},
			"faces": {
				"north": {"uv": [11.5, 10, 11.625, 10.375], "texture": "#1"},
				"east": {"uv": [7, 6, 8, 6.375], "texture": "#1"},
				"south": {"uv": [10.5, 11.5, 10.625, 11.875], "texture": "#1"},
				"west": {"uv": [6.5, 7, 7.5, 7.375], "texture": "#1"},
				"up": {"uv": [10.625, 8.5, 10.5, 7.5], "texture": "#1"},
				"down": {"uv": [10.625, 8.5, 10.5, 9.5], "texture": "#1"}
			}
		},
		{
			"from": [7.9, 29.82074, 4.98206],
			"to": [8, 30.52074, 6.28206],
			"rotation": {"angle": 22.5, "axis": "x", "origin": [7.95, 30.17074, 5.63206]},
			"faces": {
				"north": {"uv": [11.5, 10.5, 11.625, 10.875], "texture": "#1"},
				"east": {"uv": [8.5, 3, 9.125, 3.375], "texture": "#1"},
				"south": {"uv": [11, 11.5, 11.125, 11.875], "texture": "#1"},
				"west": {"uv": [8.5, 3.5, 9.125, 3.875], "texture": "#1"},
				"up": {"uv": [11.125, 5.625, 11, 5], "texture": "#1"},
				"down": {"uv": [6.125, 11, 6, 11.625], "texture": "#1"}
			}
		},
		{
			"from": [7.5, 20.08545, 7.56222],
			"to": [8.5, 25.18545, 8.56222],
			"rotation": {"angle": 22.5, "axis": "x", "origin": [8, 22.63545, 8.06222]},
			"faces": {
				"north": {"uv": [4, 0, 4.5, 2.5], "texture": "#0"},
				"east": {"uv": [4, 2.5, 4.5, 5], "texture": "#0"},
				"south": {"uv": [4.5, 0, 5, 2.5], "texture": "#0"},
				"west": {"uv": [4.5, 2.5, 5, 5], "texture": "#0"},
				"up": {"uv": [5.5, 0.5, 5, 0], "texture": "#0"},
				"down": {"uv": [5.5, 0.5, 5, 1], "texture": "#0"}
			}
		},
		{
			"from": [7.5, 0.0709, 6.62443],
			"to": [8.5, 20.4709, 7.62443],
			"rotation": {"angle": 0, "axis": "x", "origin": [8, 17.9209, 7.12443]},
			"faces": {
				"north": {"uv": [0, 0, 0.5, 10.25], "texture": "#0"},
				"east": {"uv": [0.5, 0, 1, 10.25], "texture": "#0"},
				"south": {"uv": [1, 0, 1.5, 10.25], "texture": "#0"},
				"west": {"uv": [1.5, 0, 2, 10.25], "texture": "#0"},
				"up": {"uv": [5.5, 1.5, 5, 1], "texture": "#0"},
				"down": {"uv": [5.5, 1.5, 5, 2], "texture": "#0"}
			}
		},
		{
			"from": [7.5, 24.8, 8.5],
			"to": [8.5, 30.9, 9.5],
			"faces": {
				"north": {"uv": [2.5, 3, 3, 6], "texture": "#0"},
				"east": {"uv": [3, 3, 3.5, 6], "texture": "#0"},
				"south": {"uv": [3.5, 0, 4, 3], "texture": "#0"},
				"west": {"uv": [3.5, 3, 4, 6], "texture": "#0"},
				"up": {"uv": [5.5, 3.5, 5, 3], "texture": "#0"},
				"down": {"uv": [5.5, 3.5, 5, 4], "texture": "#0"}
			}
		}
	],
	"display": {
		"thirdperson_righthand": {
			"translation": [-0.75, 0.5, 2.25]
		},
		"thirdperson_lefthand": {
			"translation": [-0.75, 0.5, 2.25]
		},
		"firstperson_righthand": {
			"translation": [1.5, -1.25, 0]
		},
		"firstperson_lefthand": {
			"translation": [1.5, -1.25, 0]
		},
		"ground": {
			"translation": [0, 3.75, 0],
			"scale": [0.67, 0.67, 0.67]
		},
		"gui": {
			"rotation": [0, -65, 39],
			"translation": [2.25, -4.75, 0],
			"scale": [0.68, 0.68, 0.68]
		},
		"fixed": {
			"rotation": [0, 90, 0],
			"translation": [0, -8.25, -1.25]
		}
	},
	"groups": [
		{
			"name": "group",
			"origin": [8, 8, 8],
			"color": 0,
			"children": [0, 1, 2, 3, 4, 5, 6, 7, 8, 9, 10, 11, 12, 13, 14, 15, 16, 17, 18, 19, 20, 21, 22, 23, 24, 25, 26, 27, 28, 29, 30, 31, 32]
		},
		{
			"name": "group",
			"origin": [8, 8, 8],
			"color": 0,
			"children": [33, 34, 35]
		}
	]
}