{
	"credit": "Made with Blockbench",
	"texture_size": [64, 64],
	"textures": {
		"0": "simplyswords:item/wither_greathammer_shaft",
		"1": "simplyswords:item/wither_greathammer_head",
		"particle": "simplyswords:item/wither_greathammer_shaft"
	},
	"elements": [
		{
			"from": [5, 20.4, 5],
			"to": [11, 26.4, 11],
			"rotation": {"angle": 0, "axis": "y", "origin": [0, 2.4, 0]},
			"faces": {
				"north": {"uv": [0, 5, 1.5, 6.5], "texture": "#1"},
				"east": {"uv": [1.5, 5, 3, 6.5], "texture": "#1"},
				"south": {"uv": [3, 5, 4.5, 6.5], "texture": "#1"},
				"west": {"uv": [5.75, 2, 7.25, 3.5], "texture": "#1"},
				"up": {"uv": [7.25, 5, 5.75, 3.5], "texture": "#1"},
				"down": {"uv": [7.25, 5, 5.75, 6.5], "texture": "#1"}
			}
		},
		{
			"from": [6.6, 21.89965, 12.62363],
			"to": [9.4, 24.49965, 17.32363],
			"rotation": {"angle": 22.5, "axis": "x", "origin": [8, 23.19965, 14.97363]},
			"faces": {
				"north": {"uv": [7, 7.25, 7.6875, 7.875], "texture": "#1"},
				"east": {"uv": [7.25, 3, 8.4375, 3.625], "texture": "#1"},
				"south": {"uv": [7.5, 0, 8.1875, 0.625], "texture": "#1"},
				"west": {"uv": [7.25, 3.75, 8.4375, 4.375], "texture": "#1"},
				"up": {"uv": [4.6875, 7.6875, 4, 6.5], "texture": "#1"},
				"down": {"uv": [3.1875, 7.25, 2.5, 8.4375], "texture": "#1"}
			}
		},
		{
			"from": [6.7, 21.89965, 15.97089],
			"to": [9.3, 24.49965, 20.67089],
			"rotation": {"angle": -22.5, "axis": "x", "origin": [8, 23.19965, 18.32089]},
			"faces": {
				"north": {"uv": [7.5, 0.75, 8.125, 1.375], "texture": "#1"},
				"east": {"uv": [7.25, 4.5, 8.4375, 5.125], "texture": "#1"},
				"south": {"uv": [4.75, 7.5, 5.375, 8.125], "texture": "#1"},
				"west": {"uv": [7.25, 5.25, 8.4375, 5.875], "texture": "#1"},
				"up": {"uv": [3.875, 8.4375, 3.25, 7.25], "texture": "#1"},
				"down": {"uv": [6.375, 7.25, 5.75, 8.4375], "texture": "#1"}
			}
		},
		{
			"from": [3.4, 18.4, 0.2],
			"to": [12.6, 28.4, 2.7],
			"rotation": {"angle": 0, "axis": "y", "origin": [0, 2.4, 0]},
			"faces": {
				"north": {"uv": [0, 0, 2.3125, 2.5], "texture": "#1"},
				"east": {"uv": [0, 6.5, 0.625, 9], "texture": "#1"},
				"south": {"uv": [0, 2.5, 2.3125, 5], "texture": "#1"},
				"west": {"uv": [0.75, 6.5, 1.375, 9], "texture": "#1"},
				"up": {"uv": [3.8125, 7.125, 1.5, 6.5], "texture": "#1"},
				"down": {"uv": [8.0625, 6.5, 5.75, 7.125], "texture": "#1"}
			}
		},
		{
			"from": [3.8, 18.7, -0.5],
			"to": [12.2, 28.1, 0.2],
			"rotation": {"angle": 0, "axis": "y", "origin": [0, 2.4, 0]},
			"faces": {
				"north": {"uv": [2.5, 0, 4.625, 2.375], "texture": "#1"},
				"east": {"uv": [6.5, 7.25, 6.6875, 9.625], "texture": "#1"},
				"south": {"uv": [2.5, 2.5, 4.625, 4.875], "texture": "#1"},
				"west": {"uv": [6.75, 7.25, 6.9375, 9.625], "texture": "#1"},
				"up": {"uv": [9.375, 6.1875, 7.25, 6], "texture": "#1"},
				"down": {"uv": [9.375, 6.25, 7.25, 6.4375], "texture": "#1"}
			}
		},
		{
			"from": [6.1, 21.5, 2.7],
			"to": [9.9, 25.3, 13.3],
			"rotation": {"angle": 0, "axis": "y", "origin": [0, 2.4, 0]},
			"faces": {
				"north": {"uv": [1.5, 7.25, 2.4375, 8.1875], "texture": "#1"},
				"east": {"uv": [4.75, 0, 7.375, 0.9375], "texture": "#1"},
				"south": {"uv": [7.25, 2, 8.1875, 2.9375], "texture": "#1"},
				"west": {"uv": [4.75, 1, 7.375, 1.9375], "texture": "#1"},
				"up": {"uv": [5.6875, 4.625, 4.75, 2], "texture": "#1"},
				"down": {"uv": [5.6875, 4.75, 4.75, 7.375], "texture": "#1"}
			}
		},
		{
			"from": [7.5, 1.7, 7.5],
			"to": [8.5, 27.9, 8.5],
			"faces": {
				"north": {"uv": [0, 0, 0.5, 13.125], "texture": "#0"},
				"east": {"uv": [0.5, 0, 1, 13.125], "texture": "#0"},
				"south": {"uv": [1, 0, 1.5, 13.125], "texture": "#0"},
				"west": {"uv": [1.5, 0, 2, 13.125], "texture": "#0"},
				"up": {"uv": [3, 6.5, 2.5, 6], "texture": "#0"},
				"down": {"uv": [3.5, 6, 3, 6.5], "texture": "#0"}
			}
		},
		{
			"from": [7.6, 27.9, 7.6],
			"to": [8.4, 29.6, 8.4],
			"faces": {
				"north": {"uv": [6, 0, 6.375, 0.875], "texture": "#0"},
				"east": {"uv": [6, 1, 6.375, 1.875], "texture": "#0"},
				"south": {"uv": [2, 6, 2.375, 6.875], "texture": "#0"},
				"west": {"uv": [6, 2, 6.375, 2.875], "texture": "#0"},
				"up": {"uv": [4.875, 6.375, 4.5, 6], "texture": "#0"},
				"down": {"uv": [5.375, 6, 5, 6.375], "texture": "#0"}
			}
		},
		{
			"from": [7.1, 26.2, 7.1],
			"to": [8.9, 27.3, 8.9],
			"faces": {
				"north": {"uv": [3, 4, 3.875, 4.5], "texture": "#0"},
				"east": {"uv": [4, 3, 4.875, 3.5], "texture": "#0"},
				"south": {"uv": [4, 3.5, 4.875, 4], "texture": "#0"},
				"west": {"uv": [4, 4, 4.875, 4.5], "texture": "#0"},
				"up": {"uv": [2.875, 0.875, 2, 0], "texture": "#0"},
				"down": {"uv": [2.875, 1, 2, 1.875], "texture": "#0"}
			}
		},
		{
			"from": [7.1, 19.3, 7.1],
			"to": [8.9, 20.4, 8.9],
			"faces": {
				"north": {"uv": [3, 4.5, 3.875, 5], "texture": "#0"},
				"east": {"uv": [4, 4.5, 4.875, 5], "texture": "#0"},
				"south": {"uv": [5, 0, 5.875, 0.5], "texture": "#0"},
				"west": {"uv": [5, 0.5, 5.875, 1], "texture": "#0"},
				"up": {"uv": [2.875, 2.875, 2, 2], "texture": "#0"},
				"down": {"uv": [3.875, 0, 3, 0.875], "texture": "#0"}
			}
		},
		{
			"from": [7.1, 0.6, 7.1],
			"to": [8.9, 1.7, 8.9],
			"faces": {
				"north": {"uv": [5, 1, 5.875, 1.5], "texture": "#0"},
				"east": {"uv": [5, 1.5, 5.875, 2], "texture": "#0"},
				"south": {"uv": [2, 5, 2.875, 5.5], "texture": "#0"},
				"west": {"uv": [5, 2, 5.875, 2.5], "texture": "#0"},
				"up": {"uv": [3.875, 1.875, 3, 1], "texture": "#0"},
				"down": {"uv": [2.875, 3, 2, 3.875], "texture": "#0"}
			}
		},
		{
			"from": [7.3, 1.7, 7.3],
			"to": [8.7, 2.8, 8.7],
			"faces": {
				"north": {"uv": [4, 5, 4.75, 5.5], "texture": "#0"},
				"east": {"uv": [5, 4, 5.75, 4.5], "texture": "#0"},
				"south": {"uv": [5, 4.5, 5.75, 5], "texture": "#0"},
				"west": {"uv": [5, 5, 5.75, 5.5], "texture": "#0"},
				"up": {"uv": [2.75, 4.75, 2, 4], "texture": "#0"},
				"down": {"uv": [4.75, 2, 4, 2.75], "texture": "#0"}
			}
		},
		{
			"from": [7.2, 0.90255, 5.57898],
			"to": [8.8, 1.90255, 7.37898],
			"rotation": {"angle": 22.5, "axis": "x", "origin": [8, 1.45255, 6.47898]},
			"faces": {
				"north": {"uv": [2, 5.5, 2.75, 6], "texture": "#0"},
				"east": {"uv": [5, 2.5, 5.875, 3], "texture": "#0"},
				"south": {"uv": [3, 5.5, 3.75, 6], "texture": "#0"},
				"west": {"uv": [3, 5, 3.875, 5.5], "texture": "#0"},
				"up": {"uv": [3.75, 2.875, 3, 2], "texture": "#0"},
				"down": {"uv": [3.75, 3, 3, 3.875], "texture": "#0"}
			}
		},
		{
			"from": [7.3, 1.77878, 4.25417],
			"to": [8.7, 2.67878, 6.05417],
			"rotation": {"angle": 45, "axis": "x", "origin": [8, 2.27878, 5.15417]},
			"faces": {
				"north": {"uv": [4, 5.5, 4.75, 6], "texture": "#0"},
				"east": {"uv": [5, 3, 5.875, 3.5], "texture": "#0"},
				"south": {"uv": [5, 5.5, 5.75, 6], "texture": "#0"},
				"west": {"uv": [5, 3.5, 5.875, 4], "texture": "#0"},
				"up": {"uv": [4.75, 0.875, 4, 0], "texture": "#0"},
				"down": {"uv": [4.75, 1, 4, 1.875], "texture": "#0"}
			}
		},
		{
			"from": [7.7, 29.6, 7.7],
			"to": [8.3, 31.3, 8.3],
			"faces": {
				"north": {"uv": [6, 3, 6.25, 3.875], "texture": "#0"},
				"east": {"uv": [3.5, 6, 3.75, 6.875], "texture": "#0"},
				"south": {"uv": [4, 6, 4.25, 6.875], "texture": "#0"},
				"west": {"uv": [6, 4, 6.25, 4.875], "texture": "#0"},
				"up": {"uv": [6.25, 5.25, 6, 5], "texture": "#0"},
				"down": {"uv": [5.75, 6, 5.5, 6.25], "texture": "#0"}
			}
		}
	],
	"display": {
		"thirdperson_righthand": {
			"translation": [0, 0, 1.5]
		},
		"thirdperson_lefthand": {
			"translation": [0, 0, 1.5]
		},
		"firstperson_righthand": {
			"translation": [0, 1.5, 0]
		},
		"firstperson_lefthand": {
			"translation": [0, 1.5, 0]
		},
		"ground": {
			"rotation": [0, 0, 180],
			"translation": [0, 15, 0],
			"scale": [0.77, 0.77, 0.77]
		},
		"gui": {
			"rotation": [0, 115, -29],
			"translation": [1, -3.75, 0],
			"scale": [0.62, 0.62, 0.62]
		},
		"fixed": {
			"rotation": [0, -90, 0],
			"translation": [0, -6, -0.75],
			"scale": [0.77, 0.77, 0.77]
		}
	},
	"groups": [
		{
			"name": "group",
			"origin": [8, 8, 8],
			"color": 0,
			"children": [0, 1, 2, 3, 4, 5]
		},
		{
			"name": "group",
			"origin": [8, 8, 8],
			"color": 0,
			"children": [6, 7, 8, 9, 10, 11, 12, 13, 14]
		}
	]
}