{
	"credit": "Made with Blockbench",
	"textures": {
		"0": "simplyswords:item/withers_thorn_hilt",
		"1": "simplyswords:item/withers_thorn_blade",
		"particle": "simplyswords:item/withers_thorn_hilt"
	},
	"elements": [
		{
			"from": [7.8, 23.7, 7.9],
			"to": [8.2, 24.1, 8.1],
			"rotation": {"angle": -45, "axis": "z", "origin": [8, 23.9, 8]},
			"faces": {
				"north": {"uv": [12, 0, 12.375, 0.375], "texture": "#1"},
				"east": {"uv": [12, 8, 12.25, 8.375], "texture": "#1"},
				"south": {"uv": [12, 1, 12.375, 1.375], "texture": "#1"},
				"west": {"uv": [12, 9, 12.25, 9.375], "texture": "#1"},
				"up": {"uv": [12.375, 10.25, 12, 10], "texture": "#1"},
				"down": {"uv": [12.375, 11, 12, 11.25], "texture": "#1"}
			}
		},
		{
			"from": [7.9746, 23.43869, 7.9],
			"to": [8.3746, 23.83869, 8.1],
			"rotation": {"angle": 22.5, "axis": "z", "origin": [8.1746, 23.63869, 8]},
			"faces": {
				"north": {"uv": [12, 2, 12.375, 2.375], "texture": "#1"},
				"east": {"uv": [12, 12, 12.25, 12.375], "texture": "#1"},
				"south": {"uv": [12, 3, 12.375, 3.375], "texture": "#1"},
				"west": {"uv": [13, 0, 13.25, 0.375], "texture": "#1"},
				"up": {"uv": [13.375, 1.25, 13, 1], "texture": "#1"},
				"down": {"uv": [13.375, 2, 13, 2.25], "texture": "#1"}
			}
		},
		{
			"from": [8.03592, 9.23045, 7.9],
			"to": [8.43592, 23.53045, 8.1],
			"rotation": {"angle": 0, "axis": "z", "origin": [8.23592, 23.33045, 8]},
			"faces": {
				"north": {"uv": [0, 0, 0.375, 14.25], "texture": "#1"},
				"east": {"uv": [8, 0, 8.25, 14.25], "texture": "#1"},
				"south": {"uv": [1, 0, 1.375, 14.25], "texture": "#1"},
				"west": {"uv": [9, 0, 9.25, 14.25], "texture": "#1"},
				"up": {"uv": [13.375, 3.25, 13, 3], "texture": "#1"},
				"down": {"uv": [13.375, 4, 13, 4.25], "texture": "#1"}
			}
		},
		{
			"from": [7.9, 23.3, 7.8],
			"to": [8.1, 23.6, 8.2],
			"rotation": {"angle": 0, "axis": "y", "origin": [8, 23.9, 8]},
			"faces": {
				"north": {"uv": [14, 0, 14.25, 0.25], "texture": "#1"},
				"east": {"uv": [13, 5, 13.375, 5.25], "texture": "#1"},
				"south": {"uv": [14, 1, 14.25, 1.25], "texture": "#1"},
				"west": {"uv": [13, 6, 13.375, 6.25], "texture": "#1"},
				"up": {"uv": [13.25, 7.375, 13, 7], "texture": "#1"},
				"down": {"uv": [13.25, 8, 13, 8.375], "texture": "#1"}
			}
		},
		{
			"from": [7.8, 9.3, 7.8],
			"to": [8.2, 23.3, 8.2],
			"rotation": {"angle": 0, "axis": "y", "origin": [8, 23.9, 8]},
			"faces": {
				"north": {"uv": [4, 0, 4.375, 14], "texture": "#1"},
				"east": {"uv": [5, 0, 5.375, 14], "texture": "#1"},
				"south": {"uv": [6, 0, 6.375, 14], "texture": "#1"},
				"west": {"uv": [7, 0, 7.375, 14], "texture": "#1"},
				"up": {"uv": [12.375, 4.375, 12, 4], "texture": "#1"},
				"down": {"uv": [12.375, 5, 12, 5.375], "texture": "#1"}
			}
		},
		{
			"from": [7.56408, 9.23045, 7.9],
			"to": [7.96408, 23.53045, 8.1],
			"rotation": {"angle": 0, "axis": "y", "origin": [7.76408, 23.33045, 8]},
			"faces": {
				"north": {"uv": [2, 0, 2.375, 14.25], "texture": "#1"},
				"east": {"uv": [10, 0, 10.25, 14.25], "texture": "#1"},
				"south": {"uv": [3, 0, 3.375, 14.25], "texture": "#1"},
				"west": {"uv": [11, 0, 11.25, 14.25], "texture": "#1"},
				"up": {"uv": [13.375, 9.25, 13, 9], "texture": "#1"},
				"down": {"uv": [13.375, 10, 13, 10.25], "texture": "#1"}
			}
		},
		{
			"from": [7.6254, 23.43869, 7.9],
			"to": [8.0254, 23.83869, 8.1],
			"rotation": {"angle": -22.5, "axis": "z", "origin": [7.8254, 23.63869, 8]},
			"faces": {
				"north": {"uv": [12, 6, 12.375, 6.375], "texture": "#1"},
				"east": {"uv": [13, 11, 13.25, 11.375], "texture": "#1"},
				"south": {"uv": [12, 7, 12.375, 7.375], "texture": "#1"},
				"west": {"uv": [12, 13, 12.25, 13.375], "texture": "#1"},
				"up": {"uv": [13.375, 12.25, 13, 12], "texture": "#1"},
				"down": {"uv": [13.375, 13, 13, 13.25], "texture": "#1"}
			}
		},
		{
			"from": [9, 5.8, 6.4],
			"to": [9.6, 6.5, 9.6],
			"rotation": {"angle": 0, "axis": "z", "origin": [8, 23.9, 8]},
			"faces": {
				"north": {"uv": [10, 2, 10.625, 2.75], "texture": "#0"},
				"east": {"uv": [9, 5, 12.25, 5.75], "texture": "#0"},
				"south": {"uv": [10, 3, 10.625, 3.75], "texture": "#0"},
				"west": {"uv": [9, 6, 12.25, 6.75], "texture": "#0"},
				"up": {"uv": [5.625, 12.25, 5, 9], "texture": "#0"},
				"down": {"uv": [6.625, 9, 6, 12.25], "texture": "#0"}
			}
		},
		{
			"from": [6.4, 6.5, 6.4],
			"to": [9.6, 9.3, 9.6],
			"rotation": {"angle": 0, "axis": "y", "origin": [8, 23.9, 8]},
			"faces": {
				"north": {"uv": [4, 0, 7.25, 2.75], "texture": "#0"},
				"east": {"uv": [4, 3, 7.25, 5.75], "texture": "#0"},
				"south": {"uv": [4, 6, 7.25, 8.75], "texture": "#0"},
				"west": {"uv": [0, 8, 3.25, 10.75], "texture": "#0"},
				"up": {"uv": [3.25, 3.25, 0, 0], "texture": "#0"},
				"down": {"uv": [3.25, 4, 0, 7.25], "texture": "#0"}
			}
		},
		{
			"from": [7.7, 1.9, 7.7],
			"to": [8.3, 6.5, 8.3],
			"rotation": {"angle": 0, "axis": "y", "origin": [8, 23.9, 8]},
			"faces": {
				"north": {"uv": [8, 0, 8.625, 4.625], "texture": "#0"},
				"east": {"uv": [8, 5, 8.625, 9.625], "texture": "#0"},
				"south": {"uv": [9, 0, 9.625, 4.625], "texture": "#0"},
				"west": {"uv": [4, 9, 4.625, 13.625], "texture": "#0"},
				"up": {"uv": [10.625, 4.625, 10, 4], "texture": "#0"},
				"down": {"uv": [7.625, 10, 7, 10.625], "texture": "#0"}
			}
		},
		{
			"from": [7.6, 1, 7.6],
			"to": [8.4, 1.9, 8.4],
			"rotation": {"angle": 0, "axis": "y", "origin": [8, 23.9, 8]},
			"faces": {
				"north": {"uv": [7, 9, 7.75, 9.875], "texture": "#0"},
				"east": {"uv": [9, 7, 9.75, 7.875], "texture": "#0"},
				"south": {"uv": [9, 8, 9.75, 8.875], "texture": "#0"},
				"west": {"uv": [9, 9, 9.75, 9.875], "texture": "#0"},
				"up": {"uv": [10.75, 0.75, 10, 0], "texture": "#0"},
				"down": {"uv": [10.75, 1, 10, 1.75], "texture": "#0"}
			}
		}
	],
	"display": {
		"thirdperson_righthand": {
			"rotation": [0, 90, 0],
			"translation": [0, 2.25, 1],
			"scale": [1.32, 1.32, 1.32]
		},
		"thirdperson_lefthand": {
			"rotation": [0, -90, 0],
			"translation": [0, 2.25, 1],
			"scale": [1.32, 1.32, 1.32]
		},
		"firstperson_righthand": {
			"rotation": [0, 90, 0],
			"translation": [0, 3, 0],
			"scale": [1.32, 1.32, 1.32]
		},
		"firstperson_lefthand": {
			"rotation": [0, -90, 0],
			"translation": [0, 3, 0],
			"scale": [1.32, 1.32, 1.32]
		},
		"ground": {
			"rotation": [0, 0, 180],
			"translation": [0, 11.75, 0]
		},
		"gui": {
			"rotation": [0, -54, 51],
			"translation": [1.5, -2.5, 0]
		},
		"fixed": {
			"rotation": [0, 0, 45],
			"scale": [1.33, 1.33, 1.33]
		}
	},
	"groups": [
		{
			"name": "group",
			"origin": [8, 8, 8],
			"color": 0,
			"children": [0, 1, 2, 3, 4, 5, 6]
		},
		{
			"name": "group",
			"origin": [8, 8, 8],
			"color": 0,
			"children": [7, 8, 9, 10]
		}
	]
}