{
	"credit": "Made with Blockbench",
	"texture_size": [32, 32],
	"textures": {
		"0": "simplyswords:item/knights_greataxe_handle",
		"1": "simplyswords:item/knights_greataxe_head",
		"particle": "simplyswords:item/knights_greataxe_handle"
	},
	"elements": [
		{
			"from": [7.6, 1.1, 7.6],
			"to": [8.4, 20.6, 8.4],
			"faces": {
				"north": {"uv": [0, 0, 0.375, 9.75], "texture": "#0"},
				"east": {"uv": [0.5, 0, 0.875, 9.75], "texture": "#0"},
				"south": {"uv": [1, 0, 1.375, 9.75], "texture": "#0"},
				"west": {"uv": [1.5, 0, 1.875, 9.75], "texture": "#0"},
				"up": {"uv": [2.375, 3.375, 2, 3], "texture": "#0"},
				"down": {"uv": [3.375, 2, 3, 2.375], "texture": "#0"}
			}
		},
		{
			"from": [7.5, 10.5, 7.5],
			"to": [8.5, 12.6, 8.5],
			"faces": {
				"north": {"uv": [2, 0, 2.5, 1], "texture": "#0"},
				"east": {"uv": [2, 1, 2.5, 2], "texture": "#0"},
				"south": {"uv": [2, 2, 2.5, 3], "texture": "#0"},
				"west": {"uv": [2.5, 0, 3, 1], "texture": "#0"},
				"up": {"uv": [3, 1.5, 2.5, 1], "texture": "#0"},
				"down": {"uv": [3, 1.5, 2.5, 2], "texture": "#0"}
			}
		},
		{
			"from": [7.5, 0, 7.5],
			"to": [8.5, 1.1, 8.5],
			"faces": {
				"north": {"uv": [2.5, 2, 3, 2.5], "texture": "#0"},
				"east": {"uv": [2.5, 2.5, 3, 3], "texture": "#0"},
				"south": {"uv": [3, 0, 3.5, 0.5], "texture": "#0"},
				"west": {"uv": [3, 0.5, 3.5, 1], "texture": "#0"},
				"up": {"uv": [3.5, 1.5, 3, 1], "texture": "#0"},
				"down": {"uv": [3.5, 1.5, 3, 2], "texture": "#0"}
			}
		},
		{
			"from": [7.1, 20.5, 7.1],
			"to": [8.9, 21.7, 8.9],
			"faces": {
				"north": {"uv": [12.5, 1.5, 13.375, 2.125], "texture": "#1"},
				"east": {"uv": [12.5, 2.5, 13.375, 3.125], "texture": "#1"},
				"south": {"uv": [12.5, 3.5, 13.375, 4.125], "texture": "#1"},
				"west": {"uv": [4.5, 12.5, 5.375, 13.125], "texture": "#1"},
				"up": {"uv": [11.875, 7.375, 11, 6.5], "texture": "#1"},
				"down": {"uv": [11.875, 7.5, 11, 8.375], "texture": "#1"}
			}
		},
		{
			"from": [7.3, 27.6, 7.3],
			"to": [8.7, 28.8, 8.7],
			"faces": {
				"north": {"uv": [2.5, 13, 3.1875, 13.625], "texture": "#1"},
				"east": {"uv": [5.5, 13, 6.1875, 13.625], "texture": "#1"},
				"south": {"uv": [13, 5.5, 13.6875, 6.125], "texture": "#1"},
				"west": {"uv": [6.5, 13, 7.1875, 13.625], "texture": "#1"},
				"up": {"uv": [13.1875, 13.1875, 12.5, 12.5], "texture": "#1"},
				"down": {"uv": [13.6875, 0, 13, 0.6875], "texture": "#1"}
			}
		},
		{
			"from": [7.1, 28.8, 7.1],
			"to": [8.9, 30, 8.9],
			"faces": {
				"north": {"uv": [12.5, 4.5, 13.375, 5.125], "texture": "#1"},
				"east": {"uv": [8.5, 12.5, 9.375, 13.125], "texture": "#1"},
				"south": {"uv": [12.5, 10.5, 13.375, 11.125], "texture": "#1"},
				"west": {"uv": [12.5, 11.5, 13.375, 12.125], "texture": "#1"},
				"up": {"uv": [11.875, 9.375, 11, 8.5], "texture": "#1"},
				"down": {"uv": [11.875, 9.5, 11, 10.375], "texture": "#1"}
			}
		},
		{
			"from": [7.2, 21.7, 7.2],
			"to": [8.8, 27.6, 8.8],
			"faces": {
				"north": {"uv": [4.5, 7, 5.3125, 9.9375], "texture": "#1"},
				"east": {"uv": [7.5, 3, 8.3125, 5.9375], "texture": "#1"},
				"south": {"uv": [7.5, 6, 8.3125, 8.9375], "texture": "#1"},
				"west": {"uv": [8.5, 0, 9.3125, 2.9375], "texture": "#1"},
				"up": {"uv": [8.3125, 12.8125, 7.5, 12], "texture": "#1"},
				"down": {"uv": [12.8125, 7.5, 12, 8.3125], "texture": "#1"}
			}
		},
		{
			"from": [7.2, 22.7, 8.8],
			"to": [8.8, 26.8, 10.4],
			"faces": {
				"north": {"uv": [3.5, 9.5, 4.3125, 11.5625], "texture": "#1"},
				"east": {"uv": [0, 10, 0.8125, 12.0625], "texture": "#1"},
				"south": {"uv": [4.5, 10, 5.3125, 12.0625], "texture": "#1"},
				"west": {"uv": [8.5, 10, 9.3125, 12.0625], "texture": "#1"},
				"up": {"uv": [12.8125, 9.3125, 12, 8.5], "texture": "#1"},
				"down": {"uv": [12.8125, 9.5, 12, 10.3125], "texture": "#1"}
			}
		},
		{
			"from": [6.3, 21.6, 10.4],
			"to": [9.7, 27.9, 12.5],
			"faces": {
				"north": {"uv": [0, 0, 1.6875, 3.125], "texture": "#1"},
				"east": {"uv": [4.5, 3.5, 5.5625, 6.625], "texture": "#1"},
				"south": {"uv": [2, 0, 3.6875, 3.125], "texture": "#1"},
				"west": {"uv": [5.5, 0, 6.5625, 3.125], "texture": "#1"},
				"up": {"uv": [3.1875, 10.5625, 1.5, 9.5], "texture": "#1"},
				"down": {"uv": [11.1875, 3, 9.5, 4.0625], "texture": "#1"}
			}
		},
		{
			"from": [7.4, 21.8, 5],
			"to": [8.6, 27.5, 7.2],
			"faces": {
				"north": {"uv": [7.5, 9, 8.125, 11.875], "texture": "#1"},
				"east": {"uv": [6, 3.5, 7.125, 6.375], "texture": "#1"},
				"south": {"uv": [9.5, 0, 10.125, 2.875], "texture": "#1"},
				"west": {"uv": [6, 6.5, 7.125, 9.375], "texture": "#1"},
				"up": {"uv": [12.125, 1.125, 11.5, 0], "texture": "#1"},
				"down": {"uv": [12.125, 1.5, 11.5, 2.625], "texture": "#1"}
			}
		},
		{
			"from": [7.5, 21.6, 2.8],
			"to": [8.5, 27.8, 5],
			"rotation": {"angle": 0, "axis": "x", "origin": [8, 24.7, 3.9]},
			"faces": {
				"north": {"uv": [7, 9.5, 7.5, 12.625], "texture": "#1"},
				"east": {"uv": [0, 3.5, 1.125, 6.625], "texture": "#1"},
				"south": {"uv": [1, 10, 1.5, 13.125], "texture": "#1"},
				"west": {"uv": [1.5, 3.5, 2.625, 6.625], "texture": "#1"},
				"up": {"uv": [7, 12.625, 6.5, 11.5], "texture": "#1"},
				"down": {"uv": [12, 12, 11.5, 13.125], "texture": "#1"}
			}
		},
		{
			"from": [7.7, 16.93894, 1.10943],
			"to": [8.3, 22.13894, 3.20943],
			"rotation": {"angle": -22.5, "axis": "x", "origin": [8, 20.58894, 2.20943]},
			"faces": {
				"north": {"uv": [10.5, 0, 11.125, 2.625], "texture": "#1"},
				"east": {"uv": [0, 7, 1.0625, 9.625], "texture": "#1"},
				"south": {"uv": [9.5, 10.5, 10.125, 13.125], "texture": "#1"},
				"west": {"uv": [7, 0, 8.0625, 2.625], "texture": "#1"},
				"up": {"uv": [6.125, 12.5625, 5.5, 11.5], "texture": "#1"},
				"down": {"uv": [12.125, 10.5, 11.5, 11.5625], "texture": "#1"}
			}
		},
		{
			"from": [7.7, 21.6, 0.6],
			"to": [8.3, 27.8, 2.8],
			"rotation": {"angle": 0, "axis": "y", "origin": [8, 24.7, 3.9]},
			"faces": {
				"north": {"uv": [8.5, 3, 9.125, 6.125], "texture": "#1"},
				"east": {"uv": [3, 3.5, 4.125, 6.625], "texture": "#1"},
				"south": {"uv": [8.5, 6.5, 9.125, 9.625], "texture": "#1"},
				"west": {"uv": [4, 0, 5.125, 3.125], "texture": "#1"},
				"up": {"uv": [12.125, 4.125, 11.5, 3], "texture": "#1"},
				"down": {"uv": [12.125, 4.5, 11.5, 5.625], "texture": "#1"}
			}
		},
		{
			"from": [7.5, 27.17786, 3.72773],
			"to": [8.5, 30.27786, 5.92773],
			"rotation": {"angle": 22.5, "axis": "x", "origin": [8, 29.82093, 4.82773]},
			"faces": {
				"north": {"uv": [5.5, 7, 6, 8.5625], "texture": "#1"},
				"east": {"uv": [9.5, 4.5, 10.625, 6.0625], "texture": "#1"},
				"south": {"uv": [2.5, 11, 3, 12.5625], "texture": "#1"},
				"west": {"uv": [5.5, 9.5, 6.625, 11.0625], "texture": "#1"},
				"up": {"uv": [12.5, 13.125, 12, 12], "texture": "#1"},
				"down": {"uv": [0.5, 12.5, 0, 13.625], "texture": "#1"}
			}
		},
		{
			"from": [7.7, 27.17786, 1.52773],
			"to": [8.3, 32, 3.62773],
			"rotation": {"angle": 22.5, "axis": "x", "origin": [8, 29.82093, 2.62773]},
			"faces": {
				"north": {"uv": [10.5, 10.5, 11.125, 12.9375], "texture": "#1"},
				"east": {"uv": [1.5, 7, 2.5625, 9.4375], "texture": "#1"},
				"south": {"uv": [1.5, 11, 2.125, 13.4375], "texture": "#1"},
				"west": {"uv": [3, 7, 4.0625, 9.4375], "texture": "#1"},
				"up": {"uv": [4.125, 13.0625, 3.5, 12], "texture": "#1"},
				"down": {"uv": [12.625, 6, 12, 7.0625], "texture": "#1"}
			}
		},
		{
			"from": [7.5, 19.03894, 3.30943],
			"to": [8.5, 22.13894, 5.50943],
			"rotation": {"angle": -22.5, "axis": "x", "origin": [8, 20.58894, 4.40943]},
			"faces": {
				"north": {"uv": [3, 11, 3.5, 12.5625], "texture": "#1"},
				"east": {"uv": [9.5, 6.5, 10.625, 8.0625], "texture": "#1"},
				"south": {"uv": [11, 4.5, 11.5, 6.0625], "texture": "#1"},
				"west": {"uv": [9.5, 8.5, 10.625, 10.0625], "texture": "#1"},
				"up": {"uv": [13, 1.125, 12.5, 0], "texture": "#1"},
				"down": {"uv": [1, 12.5, 0.5, 13.625], "texture": "#1"}
			}
		}
	],
	"display": {
		"thirdperson_righthand": {
			"translation": [0, 0, 1.5]
		},
		"thirdperson_lefthand": {
			"translation": [0, 0, 1.5]
		},
		"ground": {
			"rotation": [-150, 0, 0],
			"translation": [0, 12.5, 0],
			"scale": [0.67, 0.67, 0.67]
		},
		"gui": {
			"rotation": [55, -140, 51],
			"translation": [-3.75, -4, 0],
			"scale": [0.67, 0.67, 0.67]
		}
	},
	"groups": [
		{
			"name": "group",
			"origin": [8, 8, 8],
			"color": 0,
			"children": [0, 1, 2]
		},
		{
			"name": "group",
			"origin": [8, 8, 8],
			"color": 0,
			"children": [3, 4, 5, 6, 7, 8, 9, 10, 11, 12, 13, 14, 15]
		}
	]
}