{
	"credit": "Made with Blockbench",
	"texture_size": [32, 32],
	"textures": {
		"0": "simplyswords:item/kokiri_broadsword_hilt",
		"1": "simplyswords:item/kokiri_broadsword_blade",
		"particle": "simplyswords:item/kokiri_broadsword_hilt"
	},
	"elements": [
		{
			"from": [7.4, 24.46569, 7.9],
			"to": [8.6, 25.66569, 8.1],
			"rotation": {"angle": 45, "axis": "z", "origin": [8, 25.06569, 8]},
			"faces": {
				"north": {"uv": [8, 8, 8.625, 8.625], "texture": "#1"},
				"east": {"uv": [9.5, 4.5, 9.625, 5.125], "texture": "#1"},
				"south": {"uv": [8.5, 0, 9.125, 0.625], "texture": "#1"},
				"west": {"uv": [5.5, 9.5, 5.625, 10.125], "texture": "#1"},
				"up": {"uv": [6.625, 9.625, 6, 9.5], "texture": "#1"},
				"down": {"uv": [10.125, 6.5, 9.5, 6.625], "texture": "#1"}
			}
		},
		{
			"from": [7, 9.46569, 7.8],
			"to": [9, 13.16569, 8.2],
			"rotation": {"angle": 0, "axis": "y", "origin": [8, 25.06569, 8]},
			"faces": {
				"north": {"uv": [2, 5, 3, 6.875], "texture": "#1"},
				"east": {"uv": [5.5, 7.5, 5.6875, 9.375], "texture": "#1"},
				"south": {"uv": [3, 5, 4, 6.875], "texture": "#1"},
				"west": {"uv": [8.5, 1, 8.6875, 2.875], "texture": "#1"},
				"up": {"uv": [9.5, 6.6875, 8.5, 6.5], "texture": "#1"},
				"down": {"uv": [5, 9, 4, 9.1875], "texture": "#1"}
			}
		},
		{
			"from": [6.6, 13.16569, 7.8],
			"to": [9.4, 14.26569, 8.2],
			"rotation": {"angle": 0, "axis": "y", "origin": [8, 25.06569, 8]},
			"faces": {
				"north": {"uv": [7, 0, 8.375, 0.5625], "texture": "#1"},
				"east": {"uv": [5, 9, 5.1875, 9.5625], "texture": "#1"},
				"south": {"uv": [7, 1, 8.375, 1.5625], "texture": "#1"},
				"west": {"uv": [8, 9, 8.1875, 9.5625], "texture": "#1"},
				"up": {"uv": [9.875, 3.6875, 8.5, 3.5], "texture": "#1"},
				"down": {"uv": [9.875, 4, 8.5, 4.1875], "texture": "#1"}
			}
		},
		{
			"from": [6.4, 14.26569, 7.8],
			"to": [9.6, 23.66569, 8.2],
			"rotation": {"angle": 0, "axis": "y", "origin": [8, 25.06569, 8]},
			"faces": {
				"north": {"uv": [0, 0, 1.625, 4.6875], "texture": "#1"},
				"east": {"uv": [6, 4, 6.1875, 8.6875], "texture": "#1"},
				"south": {"uv": [2, 0, 3.625, 4.6875], "texture": "#1"},
				"west": {"uv": [6.5, 4, 6.6875, 8.6875], "texture": "#1"},
				"up": {"uv": [10.125, 3.1875, 8.5, 3], "texture": "#1"},
				"down": {"uv": [5.125, 8.5, 3.5, 8.6875], "texture": "#1"}
			}
		},
		{
			"from": [6.7, 23.66569, 7.8],
			"to": [9.3, 24.36569, 8.2],
			"rotation": {"angle": 0, "axis": "y", "origin": [8, 25.06569, 8]},
			"faces": {
				"north": {"uv": [7.5, 7, 8.8125, 7.375], "texture": "#1"},
				"east": {"uv": [3.5, 7, 3.6875, 7.375], "texture": "#1"},
				"south": {"uv": [8, 7.5, 9.3125, 7.875], "texture": "#1"},
				"west": {"uv": [5, 10, 5.1875, 10.375], "texture": "#1"},
				"up": {"uv": [9.8125, 5.6875, 8.5, 5.5], "texture": "#1"},
				"down": {"uv": [9.8125, 6, 8.5, 6.1875], "texture": "#1"}
			}
		},
		{
			"from": [7.3, 24.36569, 7.8],
			"to": [8.7, 25.06569, 8.2],
			"rotation": {"angle": 0, "axis": "y", "origin": [8, 25.06569, 8]},
			"faces": {
				"north": {"uv": [8.5, 4.5, 9.1875, 4.875], "texture": "#1"},
				"east": {"uv": [6, 10, 6.1875, 10.375], "texture": "#1"},
				"south": {"uv": [8.5, 5, 9.1875, 5.375], "texture": "#1"},
				"west": {"uv": [10, 6, 10.1875, 6.375], "texture": "#1"},
				"up": {"uv": [6.6875, 9.1875, 6, 9], "texture": "#1"},
				"down": {"uv": [9.6875, 7, 9, 7.1875], "texture": "#1"}
			}
		},
		{
			"from": [8.38995, 23.27574, 7.9],
			"to": [9.58995, 24.87574, 8.1],
			"rotation": {"angle": 45, "axis": "z", "origin": [8.98995, 24.07574, 8]},
			"faces": {
				"north": {"uv": [7.5, 2, 8.125, 2.8125], "texture": "#1"},
				"east": {"uv": [9, 8, 9.125, 8.8125], "texture": "#1"},
				"south": {"uv": [7.5, 3, 8.125, 3.8125], "texture": "#1"},
				"west": {"uv": [8.5, 9, 8.625, 9.8125], "texture": "#1"},
				"up": {"uv": [10.125, 7.625, 9.5, 7.5], "texture": "#1"},
				"down": {"uv": [10.125, 8, 9.5, 8.125], "texture": "#1"}
			}
		},
		{
			"from": [8.51942, 12.52482, 7.9],
			"to": [9.71942, 14.12482, 8.1],
			"rotation": {"angle": -22.5, "axis": "z", "origin": [9.11942, 13.32482, 8]},
			"faces": {
				"north": {"uv": [3.5, 7.5, 4.125, 8.3125], "texture": "#1"},
				"east": {"uv": [9, 9, 9.125, 9.8125], "texture": "#1"},
				"south": {"uv": [7.5, 4, 8.125, 4.8125], "texture": "#1"},
				"west": {"uv": [9.5, 0, 9.625, 0.8125], "texture": "#1"},
				"up": {"uv": [10.125, 8.625, 9.5, 8.5], "texture": "#1"},
				"down": {"uv": [10.125, 9, 9.5, 9.125], "texture": "#1"}
			}
		},
		{
			"from": [8.25895, 9.11533, 7.9],
			"to": [9.45895, 12.81533, 8.1],
			"rotation": {"angle": 0, "axis": "y", "origin": [8.85895, 12.01533, 8]},
			"faces": {
				"north": {"uv": [4, 5.5, 4.625, 7.375], "texture": "#1"},
				"east": {"uv": [7, 8.5, 7.125, 10.375], "texture": "#1"},
				"south": {"uv": [5, 5.5, 5.625, 7.375], "texture": "#1"},
				"west": {"uv": [7.5, 8.5, 7.625, 10.375], "texture": "#1"},
				"up": {"uv": [10.125, 9.625, 9.5, 9.5], "texture": "#1"},
				"down": {"uv": [10.625, 0, 10, 0.125], "texture": "#1"}
			}
		},
		{
			"from": [8.7799, 13.83431, 7.9],
			"to": [9.9799, 23.93431, 8.1],
			"rotation": {"angle": 0, "axis": "y", "origin": [9.3799, 22.68431, 8]},
			"faces": {
				"north": {"uv": [4, 0, 4.625, 5.0625], "texture": "#1"},
				"east": {"uv": [2, 7, 2.125, 12.0625], "texture": "#1"},
				"south": {"uv": [0, 5, 0.625, 10.0625], "texture": "#1"},
				"west": {"uv": [7, 2, 7.125, 7.0625], "texture": "#1"},
				"up": {"uv": [10.625, 0.625, 10, 0.5], "texture": "#1"},
				"down": {"uv": [10.625, 1, 10, 1.125], "texture": "#1"}
			}
		},
		{
			"from": [6.54105, 9.11533, 7.9],
			"to": [7.74105, 12.81533, 8.1],
			"rotation": {"angle": 0, "axis": "y", "origin": [7.14105, 12.01533, 8]},
			"faces": {
				"north": {"uv": [6, 0, 6.625, 1.875], "texture": "#1"},
				"east": {"uv": [9, 1, 9.125, 2.875], "texture": "#1"},
				"south": {"uv": [6, 2, 6.625, 3.875], "texture": "#1"},
				"west": {"uv": [3.5, 9, 3.625, 10.875], "texture": "#1"},
				"up": {"uv": [10.625, 1.625, 10, 1.5], "texture": "#1"},
				"down": {"uv": [10.625, 2, 10, 2.125], "texture": "#1"}
			}
		},
		{
			"from": [6.28058, 12.52482, 7.9],
			"to": [7.48058, 14.12482, 8.1],
			"rotation": {"angle": 22.5, "axis": "z", "origin": [6.88058, 13.32482, 8]},
			"faces": {
				"north": {"uv": [4.5, 7.5, 5.125, 8.3125], "texture": "#1"},
				"east": {"uv": [9.5, 1, 9.625, 1.8125], "texture": "#1"},
				"south": {"uv": [7.5, 5, 8.125, 5.8125], "texture": "#1"},
				"west": {"uv": [9.5, 2, 9.625, 2.8125], "texture": "#1"},
				"up": {"uv": [10.625, 2.625, 10, 2.5], "texture": "#1"},
				"down": {"uv": [10.625, 3.5, 10, 3.625], "texture": "#1"}
			}
		},
		{
			"from": [6.0201, 13.83431, 7.9],
			"to": [7.2201, 23.93431, 8.1],
			"rotation": {"angle": 0, "axis": "y", "origin": [6.6201, 22.68431, 8]},
			"faces": {
				"north": {"uv": [5, 0, 5.625, 5.0625], "texture": "#1"},
				"east": {"uv": [2.5, 7, 2.625, 12.0625], "texture": "#1"},
				"south": {"uv": [1, 5, 1.625, 10.0625], "texture": "#1"},
				"west": {"uv": [3, 7, 3.125, 12.0625], "texture": "#1"},
				"up": {"uv": [10.625, 4.125, 10, 4], "texture": "#1"},
				"down": {"uv": [10.625, 4.5, 10, 4.625], "texture": "#1"}
			}
		},
		{
			"from": [6.41005, 23.27574, 7.9],
			"to": [7.61005, 24.87574, 8.1],
			"rotation": {"angle": -45, "axis": "z", "origin": [7.01005, 24.07574, 8]},
			"faces": {
				"north": {"uv": [7.5, 6, 8.125, 6.8125], "texture": "#1"},
				"east": {"uv": [4, 9.5, 4.125, 10.3125], "texture": "#1"},
				"south": {"uv": [7, 7.5, 7.625, 8.3125], "texture": "#1"},
				"west": {"uv": [4.5, 9.5, 4.625, 10.3125], "texture": "#1"},
				"up": {"uv": [10.625, 5.125, 10, 5], "texture": "#1"},
				"down": {"uv": [10.625, 5.5, 10, 5.625], "texture": "#1"}
			}
		},
		{
			"from": [5.5, 8.26569, 7.5],
			"to": [10.5, 9.46569, 8.5],
			"rotation": {"angle": 0, "axis": "y", "origin": [8, 22.36569, 8]},
			"faces": {
				"north": {"uv": [0, 0, 5, 1.25], "texture": "#0"},
				"east": {"uv": [8, 9, 9, 10.25], "texture": "#0"},
				"south": {"uv": [0, 2, 5, 3.25], "texture": "#0"},
				"west": {"uv": [9, 9, 10, 10.25], "texture": "#0"},
				"up": {"uv": [5, 5, 0, 4], "texture": "#0"},
				"down": {"uv": [5, 5, 0, 6], "texture": "#0"}
			}
		},
		{
			"from": [7.4, 8.56569, 7.4],
			"to": [8.6, 9.76569, 8.6],
			"rotation": {"angle": -45, "axis": "z", "origin": [8, 9.16569, 8]},
			"faces": {
				"north": {"uv": [7, 4, 8.25, 5.25], "texture": "#0"},
				"east": {"uv": [6, 7, 7.25, 8.25], "texture": "#0"},
				"south": {"uv": [2, 8, 3.25, 9.25], "texture": "#0"},
				"west": {"uv": [4, 8, 5.25, 9.25], "texture": "#0"},
				"up": {"uv": [9.25, 8.25, 8, 7], "texture": "#0"},
				"down": {"uv": [10.25, 2, 9, 3.25], "texture": "#0"}
			}
		},
		{
			"from": [6.3, 7.46569, 7.5],
			"to": [9.7, 8.26569, 8.5],
			"rotation": {"angle": 0, "axis": "y", "origin": [8, 22.36569, 8]},
			"faces": {
				"north": {"uv": [7, 0, 10.375, 0.75], "texture": "#0"},
				"east": {"uv": [10, 8, 11, 8.75], "texture": "#0"},
				"south": {"uv": [7, 1, 10.375, 1.75], "texture": "#0"},
				"west": {"uv": [10, 9, 11, 9.75], "texture": "#0"},
				"up": {"uv": [5.375, 7, 2, 6], "texture": "#0"},
				"down": {"uv": [9.375, 6, 6, 7], "texture": "#0"}
			}
		},
		{
			"from": [7.6, 1.96569, 7.6],
			"to": [8.4, 7.46569, 8.4],
			"rotation": {"angle": 0, "axis": "y", "origin": [8, 22.36569, 8]},
			"faces": {
				"north": {"uv": [5, 0, 5.75, 5.5], "texture": "#0"},
				"east": {"uv": [0, 6, 0.75, 11.5], "texture": "#0"},
				"south": {"uv": [6, 0, 6.75, 5.5], "texture": "#0"},
				"west": {"uv": [1, 6, 1.75, 11.5], "texture": "#0"},
				"up": {"uv": [11.75, 2.75, 11, 2], "texture": "#0"},
				"down": {"uv": [3.75, 11, 3, 11.75], "texture": "#0"}
			}
		},
		{
			"from": [7.4, 1.56569, 7.4],
			"to": [8.6, 1.96569, 8.6],
			"rotation": {"angle": 0, "axis": "y", "origin": [8, 22.36569, 8]},
			"faces": {
				"north": {"uv": [11, 4, 12.25, 4.375], "texture": "#0"},
				"east": {"uv": [5, 11, 6.25, 11.375], "texture": "#0"},
				"south": {"uv": [11, 5, 12.25, 5.375], "texture": "#0"},
				"west": {"uv": [7, 11, 8.25, 11.375], "texture": "#0"},
				"up": {"uv": [10.25, 5.25, 9, 4], "texture": "#0"},
				"down": {"uv": [7.25, 9, 6, 10.25], "texture": "#0"}
			}
		},
		{
			"from": [7.6, 1.16569, 7.6],
			"to": [8.4, 1.56569, 8.4],
			"rotation": {"angle": 0, "axis": "y", "origin": [8, 22.36569, 8]},
			"faces": {
				"north": {"uv": [11, 8, 11.75, 8.375], "texture": "#0"},
				"east": {"uv": [9, 11, 9.75, 11.375], "texture": "#0"},
				"south": {"uv": [11, 9, 11.75, 9.375], "texture": "#0"},
				"west": {"uv": [10, 11, 10.75, 11.375], "texture": "#0"},
				"up": {"uv": [11.75, 3.75, 11, 3], "texture": "#0"},
				"down": {"uv": [4.75, 11, 4, 11.75], "texture": "#0"}
			}
		},
		{
			"from": [10.11815, 9.08538, 7.6],
			"to": [11.71815, 10.08538, 8.4],
			"rotation": {"angle": 22.5, "axis": "z", "origin": [12.11815, 9.58538, 8]},
			"faces": {
				"north": {"uv": [2, 7, 3.625, 8], "texture": "#0"},
				"east": {"uv": [10, 10, 10.75, 11], "texture": "#0"},
				"south": {"uv": [7, 2, 8.625, 3], "texture": "#0"},
				"west": {"uv": [11, 0, 11.75, 1], "texture": "#0"},
				"up": {"uv": [3.625, 10.75, 2, 10], "texture": "#0"},
				"down": {"uv": [5.625, 10, 4, 10.75], "texture": "#0"}
			}
		},
		{
			"from": [4.28185, 9.08538, 7.6],
			"to": [5.88185, 10.08538, 8.4],
			"rotation": {"angle": -22.5, "axis": "z", "origin": [3.88185, 9.58538, 8]},
			"faces": {
				"north": {"uv": [7, 3, 8.625, 4], "texture": "#0"},
				"east": {"uv": [11, 1, 11.75, 2], "texture": "#0"},
				"south": {"uv": [4, 7, 5.625, 8], "texture": "#0"},
				"west": {"uv": [2, 11, 2.75, 12], "texture": "#0"},
				"up": {"uv": [11.625, 6.75, 10, 6], "texture": "#0"},
				"down": {"uv": [11.625, 7, 10, 7.75], "texture": "#0"}
			}
		}
	],
	"display": {
		"thirdperson_righthand": {
			"rotation": [0, 90, 0],
			"translation": [0, 1, 1.25],
			"scale": [1.15, 1.15, 1.15]
		},
		"thirdperson_lefthand": {
			"rotation": [0, 90, 0],
			"translation": [0, 1, 1.25],
			"scale": [1.15, 1.15, 1.15]
		},
		"firstperson_righthand": {
			"rotation": [0, 90, -12],
			"translation": [0, 1.25, 0],
			"scale": [1.15, 1.15, 1.15]
		},
		"firstperson_lefthand": {
			"rotation": [0, 90, -12],
			"translation": [0, 1.25, 0],
			"scale": [1.15, 1.15, 1.15]
		},
		"ground": {
			"translation": [0, 2, 0]
		},
		"gui": {
			"rotation": [0, 0, -44],
			"translation": [-2, -2.25, 0],
			"scale": [0.78, 0.78, 0.78]
		},
		"fixed": {
			"rotation": [0, 0, 45],
			"scale": [1.15, 1.15, 1.15]
		}
	},
	"groups": [
		{
			"name": "group",
			"origin": [8, 8, 8],
			"color": 0,
			"children": [0, 1, 2, 3, 4, 5, 6, 7, 8, 9, 10, 11, 12, 13]
		},
		{
			"name": "group",
			"origin": [8, 8, 8],
			"color": 0,
			"children": [14, 15, 16, 17, 18, 19, 20, 21]
		}
	]
}