{
	"credit": "Made with Blockbench",
	"texture_size": [32, 32],
	"textures": {
		"0": "simplyswords:item/ton_handle",
		"1": "simplyswords:item/ton_blade",
		"particle": "simplyswords:item/ton_handle"
	},
	"elements": [
		{
			"from": [7.6, 17, 13.6],
			"to": [8.4, 19.4, 14.4],
			"rotation": {"angle": 0, "axis": "x", "origin": [8, 21.2, 14]},
			"faces": {
				"north": {"uv": [6, 0, 6.375, 1.25], "texture": "#0"},
				"east": {"uv": [6.5, 0, 6.875, 1.25], "texture": "#0"},
				"south": {"uv": [4, 6.5, 4.375, 7.75], "texture": "#0"},
				"west": {"uv": [4.5, 6.5, 4.875, 7.75], "texture": "#0"},
				"up": {"uv": [7.875, 5.375, 7.5, 5], "texture": "#0"},
				"down": {"uv": [7.875, 5.5, 7.5, 5.875], "texture": "#0"}
			}
		},
		{
			"from": [7.6, 12.1, 13.3],
			"to": [8.4, 17, 14.1],
			"rotation": {"angle": 0, "axis": "y", "origin": [8, 16.3, 15.9]},
			"faces": {
				"north": {"uv": [4, 4, 4.375, 6.5], "texture": "#0"},
				"east": {"uv": [4.5, 4, 4.875, 6.5], "texture": "#0"},
				"south": {"uv": [0, 5, 0.375, 7.5], "texture": "#0"},
				"west": {"uv": [0.5, 5, 0.875, 7.5], "texture": "#0"},
				"up": {"uv": [7.875, 6.375, 7.5, 6], "texture": "#0"},
				"down": {"uv": [6.875, 7.5, 6.5, 7.875], "texture": "#0"}
			}
		},
		{
			"from": [7.6, 7.2, 13],
			"to": [8.4, 12.1, 13.8],
			"rotation": {"angle": 0, "axis": "y", "origin": [8, 16.3, 15.9]},
			"faces": {
				"north": {"uv": [1, 5, 1.375, 7.5], "texture": "#0"},
				"east": {"uv": [1.5, 5, 1.875, 7.5], "texture": "#0"},
				"south": {"uv": [2, 5, 2.375, 7.5], "texture": "#0"},
				"west": {"uv": [2.5, 5, 2.875, 7.5], "texture": "#0"},
				"up": {"uv": [7.875, 7.375, 7.5, 7], "texture": "#0"},
				"down": {"uv": [7.875, 7.5, 7.5, 7.875], "texture": "#0"}
			}
		},
		{
			"from": [7.6, 2.3, 13.3],
			"to": [8.4, 7.2, 14.1],
			"rotation": {"angle": 0, "axis": "y", "origin": [8, 16.3, 15.9]},
			"faces": {
				"north": {"uv": [3, 5, 3.375, 7.5], "texture": "#0"},
				"east": {"uv": [3.5, 5, 3.875, 7.5], "texture": "#0"},
				"south": {"uv": [5, 4, 5.375, 6.5], "texture": "#0"},
				"west": {"uv": [5.5, 0, 5.875, 2.5], "texture": "#0"},
				"up": {"uv": [0.875, 8.375, 0.5, 8], "texture": "#0"},
				"down": {"uv": [8.375, 0.5, 8, 0.875], "texture": "#0"}
			}
		},
		{
			"from": [7.3, 19.4, 13.3],
			"to": [8.7, 24.5, 14.7],
			"rotation": {"angle": 0, "axis": "y", "origin": [8, 21.2, 14]},
			"faces": {
				"north": {"uv": [0, 0, 0.75, 2.5], "texture": "#0"},
				"east": {"uv": [1, 0, 1.75, 2.5], "texture": "#0"},
				"south": {"uv": [2, 0, 2.75, 2.5], "texture": "#0"},
				"west": {"uv": [0, 2.5, 0.75, 5], "texture": "#0"},
				"up": {"uv": [6.25, 5.25, 5.5, 4.5], "texture": "#0"},
				"down": {"uv": [6.25, 5.5, 5.5, 6.25], "texture": "#0"}
			}
		},
		{
			"from": [6.9, 24.5, 12.6],
			"to": [9.1, 26.6, 14.9],
			"rotation": {"angle": 0, "axis": "x", "origin": [8, 26.15, 14]},
			"faces": {
				"north": {"uv": [3, 0, 4.125, 1], "texture": "#0"},
				"east": {"uv": [3, 1, 4.125, 2], "texture": "#0"},
				"south": {"uv": [1, 4, 2.125, 5], "texture": "#0"},
				"west": {"uv": [4, 2, 5.125, 3], "texture": "#0"},
				"up": {"uv": [2.125, 3.625, 1, 2.5], "texture": "#0"},
				"down": {"uv": [3.625, 2.5, 2.5, 3.625], "texture": "#0"}
			}
		},
		{
			"from": [7.8, 26.6, 13.1],
			"to": [8.2, 27.1, 14.4],
			"rotation": {"angle": 0, "axis": "y", "origin": [8, 26.15, 14]},
			"faces": {
				"north": {"uv": [2.5, 8, 2.75, 8.25], "texture": "#0"},
				"east": {"uv": [7.5, 3, 8.125, 3.25], "texture": "#0"},
				"south": {"uv": [8, 2.5, 8.25, 2.75], "texture": "#0"},
				"west": {"uv": [7.5, 3.5, 8.125, 3.75], "texture": "#0"},
				"up": {"uv": [3.75, 8.125, 3.5, 7.5], "texture": "#0"},
				"down": {"uv": [7.75, 4, 7.5, 4.625], "texture": "#0"}
			}
		},
		{
			"from": [7.8, 25.9, 14.9],
			"to": [8.2, 26.4, 15.2],
			"rotation": {"angle": 0, "axis": "y", "origin": [8, 26.15, 14]},
			"faces": {
				"north": {"uv": [4, 8, 4.25, 8.25], "texture": "#0"},
				"east": {"uv": [8.5, 0.5, 8.625, 0.75], "texture": "#0"},
				"south": {"uv": [8, 4, 8.25, 4.25], "texture": "#0"},
				"west": {"uv": [1, 8.5, 1.125, 8.75], "texture": "#0"},
				"up": {"uv": [8.75, 1.125, 8.5, 1], "texture": "#0"},
				"down": {"uv": [1.75, 8.5, 1.5, 8.625], "texture": "#0"}
			}
		},
		{
			"from": [7.8, 24.7, 14.9],
			"to": [8.2, 25.2, 15.2],
			"rotation": {"angle": 0, "axis": "y", "origin": [8, 26.15, 14]},
			"faces": {
				"north": {"uv": [4.5, 8, 4.75, 8.25], "texture": "#0"},
				"east": {"uv": [8.5, 1.5, 8.625, 1.75], "texture": "#0"},
				"south": {"uv": [8, 4.5, 8.25, 4.75], "texture": "#0"},
				"west": {"uv": [2, 8.5, 2.125, 8.75], "texture": "#0"},
				"up": {"uv": [8.75, 2.125, 8.5, 2], "texture": "#0"},
				"down": {"uv": [2.75, 8.5, 2.5, 8.625], "texture": "#0"}
			}
		},
		{
			"from": [6.2, 25.9, 13.5],
			"to": [6.9, 26.6, 15.1],
			"rotation": {"angle": 0, "axis": "y", "origin": [8, 26.15, 14]},
			"faces": {
				"north": {"uv": [1, 8, 1.375, 8.375], "texture": "#0"},
				"east": {"uv": [3, 2, 3.75, 2.375], "texture": "#0"},
				"south": {"uv": [8, 1, 8.375, 1.375], "texture": "#0"},
				"west": {"uv": [6, 1.5, 6.75, 1.875], "texture": "#0"},
				"up": {"uv": [7.375, 5.25, 7, 4.5], "texture": "#0"},
				"down": {"uv": [7.375, 5.5, 7, 6.25], "texture": "#0"}
			}
		},
		{
			"from": [6.3, 23.9, 13.5],
			"to": [6.8, 24.4, 15.1],
			"rotation": {"angle": 0, "axis": "y", "origin": [8, 22.25, 14]},
			"faces": {
				"north": {"uv": [5, 8, 5.25, 8.25], "texture": "#0"},
				"east": {"uv": [7.5, 0, 8.25, 0.25], "texture": "#0"},
				"south": {"uv": [8, 5, 8.25, 5.25], "texture": "#0"},
				"west": {"uv": [0.5, 7.5, 1.25, 7.75], "texture": "#0"},
				"up": {"uv": [7.75, 1.25, 7.5, 0.5], "texture": "#0"},
				"down": {"uv": [1.75, 7.5, 1.5, 8.25], "texture": "#0"}
			}
		},
		{
			"from": [9.2, 23.9, 13.5],
			"to": [9.7, 24.4, 15.1],
			"rotation": {"angle": 0, "axis": "y", "origin": [8, 22.25, 14]},
			"faces": {
				"north": {"uv": [5.5, 8, 5.75, 8.25], "texture": "#0"},
				"east": {"uv": [7.5, 1.5, 8.25, 1.75], "texture": "#0"},
				"south": {"uv": [8, 5.5, 8.25, 5.75], "texture": "#0"},
				"west": {"uv": [2, 7.5, 2.75, 7.75], "texture": "#0"},
				"up": {"uv": [7.75, 2.75, 7.5, 2], "texture": "#0"},
				"down": {"uv": [3.25, 7.5, 3, 8.25], "texture": "#0"}
			}
		},
		{
			"from": [9.1, 25.9, 13.5],
			"to": [9.8, 26.6, 15.1],
			"rotation": {"angle": 0, "axis": "y", "origin": [8, 26.15, 14]},
			"faces": {
				"north": {"uv": [2, 8, 2.375, 8.375], "texture": "#0"},
				"east": {"uv": [6, 2, 6.75, 2.375], "texture": "#0"},
				"south": {"uv": [8, 2, 8.375, 2.375], "texture": "#0"},
				"west": {"uv": [7, 6.5, 7.75, 6.875], "texture": "#0"},
				"up": {"uv": [7.375, 7.75, 7, 7], "texture": "#0"},
				"down": {"uv": [0.375, 7.5, 0, 8.25], "texture": "#0"}
			}
		},
		{
			"from": [6.3, 23.9, 15.1],
			"to": [6.8, 26.6, 15.7],
			"rotation": {"angle": 0, "axis": "z", "origin": [6.55, 26.15, 15.45]},
			"faces": {
				"north": {"uv": [6.5, 4.5, 6.75, 5.875], "texture": "#0"},
				"east": {"uv": [5, 6.5, 5.25, 7.875], "texture": "#0"},
				"south": {"uv": [5.5, 6.5, 5.75, 7.875], "texture": "#0"},
				"west": {"uv": [6, 6.5, 6.25, 7.875], "texture": "#0"},
				"up": {"uv": [6.25, 8.25, 6, 8], "texture": "#0"},
				"down": {"uv": [8.25, 6, 8, 6.25], "texture": "#0"}
			}
		},
		{
			"from": [9.2, 23.9, 15.1],
			"to": [9.7, 26.6, 15.7],
			"rotation": {"angle": 0, "axis": "y", "origin": [10.9, 26.15, 14]},
			"faces": {
				"north": {"uv": [6.5, 6, 6.75, 7.375], "texture": "#0"},
				"east": {"uv": [7, 0, 7.25, 1.375], "texture": "#0"},
				"south": {"uv": [7, 1.5, 7.25, 2.875], "texture": "#0"},
				"west": {"uv": [7, 3, 7.25, 4.375], "texture": "#0"},
				"up": {"uv": [6.75, 8.25, 6.5, 8], "texture": "#0"},
				"down": {"uv": [8.25, 6.5, 8, 6.75], "texture": "#0"}
			}
		},
		{
			"from": [6.9, 24.5, 10.7],
			"to": [9.1, 25.7, 12.6],
			"rotation": {"angle": 0, "axis": "y", "origin": [8, 25.1, 11.65]},
			"faces": {
				"north": {"uv": [5.5, 2.5, 6.625, 3.125], "texture": "#0"},
				"east": {"uv": [4.5, 0, 5.5, 0.625], "texture": "#0"},
				"south": {"uv": [5.5, 3.5, 6.625, 4.125], "texture": "#0"},
				"west": {"uv": [4.5, 1, 5.5, 1.625], "texture": "#0"},
				"up": {"uv": [3.625, 5, 2.5, 4], "texture": "#0"},
				"down": {"uv": [5.125, 3, 4, 4], "texture": "#0"}
			}
		},
		{
			"from": [7.4, 23.7, 10.7],
			"to": [7.7, 24.5, 11],
			"rotation": {"angle": 0, "axis": "y", "origin": [8, 25.1, 11.65]},
			"faces": {
				"north": {"uv": [7, 8, 7.125, 8.375], "texture": "#0"},
				"east": {"uv": [8, 7, 8.125, 7.375], "texture": "#0"},
				"south": {"uv": [7.5, 8, 7.625, 8.375], "texture": "#0"},
				"west": {"uv": [8, 7.5, 8.125, 7.875], "texture": "#0"},
				"up": {"uv": [2.125, 9.125, 2, 9], "texture": "#0"},
				"down": {"uv": [9.125, 2, 9, 2.125], "texture": "#0"}
			}
		},
		{
			"from": [8.3, 23.7, 10.7],
			"to": [8.6, 24.5, 11],
			"rotation": {"angle": 0, "axis": "y", "origin": [8, 25.1, 11.65]},
			"faces": {
				"north": {"uv": [8, 8, 8.125, 8.375], "texture": "#0"},
				"east": {"uv": [0, 8.5, 0.125, 8.875], "texture": "#0"},
				"south": {"uv": [8.5, 0, 8.625, 0.375], "texture": "#0"},
				"west": {"uv": [0.5, 8.5, 0.625, 8.875], "texture": "#0"},
				"up": {"uv": [2.625, 9.125, 2.5, 9], "texture": "#0"},
				"down": {"uv": [9.125, 2.5, 9, 2.625], "texture": "#0"}
			}
		},
		{
			"from": [6.9, 24, 10.7],
			"to": [7.2, 24.5, 11],
			"rotation": {"angle": 0, "axis": "y", "origin": [8, 25.1, 11.65]},
			"faces": {
				"north": {"uv": [8.5, 2.5, 8.625, 2.75], "texture": "#0"},
				"east": {"uv": [3, 8.5, 3.125, 8.75], "texture": "#0"},
				"south": {"uv": [8.5, 3, 8.625, 3.25], "texture": "#0"},
				"west": {"uv": [3.5, 8.5, 3.625, 8.75], "texture": "#0"},
				"up": {"uv": [3.125, 9.125, 3, 9], "texture": "#0"},
				"down": {"uv": [9.125, 3, 9, 3.125], "texture": "#0"}
			}
		},
		{
			"from": [8.8, 24, 11.2],
			"to": [9.1, 24.5, 11.5],
			"rotation": {"angle": 0, "axis": "y", "origin": [8, 25.1, 11.65]},
			"faces": {
				"north": {"uv": [8.5, 3.5, 8.625, 3.75], "texture": "#0"},
				"east": {"uv": [4, 8.5, 4.125, 8.75], "texture": "#0"},
				"south": {"uv": [8.5, 4, 8.625, 4.25], "texture": "#0"},
				"west": {"uv": [4.5, 8.5, 4.625, 8.75], "texture": "#0"},
				"up": {"uv": [3.625, 9.125, 3.5, 9], "texture": "#0"},
				"down": {"uv": [9.125, 3.5, 9, 3.625], "texture": "#0"}
			}
		},
		{
			"from": [6.9, 24, 11.2],
			"to": [7.2, 24.5, 11.5],
			"rotation": {"angle": 0, "axis": "y", "origin": [8, 25.1, 11.65]},
			"faces": {
				"north": {"uv": [8.5, 4.5, 8.625, 4.75], "texture": "#0"},
				"east": {"uv": [5, 8.5, 5.125, 8.75], "texture": "#0"},
				"south": {"uv": [8.5, 5, 8.625, 5.25], "texture": "#0"},
				"west": {"uv": [5.5, 8.5, 5.625, 8.75], "texture": "#0"},
				"up": {"uv": [4.125, 9.125, 4, 9], "texture": "#0"},
				"down": {"uv": [9.125, 4, 9, 4.125], "texture": "#0"}
			}
		},
		{
			"from": [8.8, 24, 11.7],
			"to": [9.1, 24.5, 12],
			"rotation": {"angle": 0, "axis": "y", "origin": [8, 25.1, 11.65]},
			"faces": {
				"north": {"uv": [8.5, 5.5, 8.625, 5.75], "texture": "#0"},
				"east": {"uv": [6, 8.5, 6.125, 8.75], "texture": "#0"},
				"south": {"uv": [8.5, 6, 8.625, 6.25], "texture": "#0"},
				"west": {"uv": [6.5, 8.5, 6.625, 8.75], "texture": "#0"},
				"up": {"uv": [4.625, 9.125, 4.5, 9], "texture": "#0"},
				"down": {"uv": [9.125, 4.5, 9, 4.625], "texture": "#0"}
			}
		},
		{
			"from": [6.9, 24, 11.7],
			"to": [7.2, 24.5, 12],
			"rotation": {"angle": 0, "axis": "y", "origin": [8, 25.1, 11.65]},
			"faces": {
				"north": {"uv": [8.5, 6.5, 8.625, 6.75], "texture": "#0"},
				"east": {"uv": [7, 8.5, 7.125, 8.75], "texture": "#0"},
				"south": {"uv": [8.5, 7, 8.625, 7.25], "texture": "#0"},
				"west": {"uv": [7.5, 8.5, 7.625, 8.75], "texture": "#0"},
				"up": {"uv": [5.125, 9.125, 5, 9], "texture": "#0"},
				"down": {"uv": [9.125, 5, 9, 5.125], "texture": "#0"}
			}
		},
		{
			"from": [8.8, 24, 12.2],
			"to": [9.1, 24.5, 12.5],
			"rotation": {"angle": 0, "axis": "y", "origin": [8, 25.1, 11.65]},
			"faces": {
				"north": {"uv": [8.5, 7.5, 8.625, 7.75], "texture": "#0"},
				"east": {"uv": [8, 8.5, 8.125, 8.75], "texture": "#0"},
				"south": {"uv": [8.5, 8, 8.625, 8.25], "texture": "#0"},
				"west": {"uv": [8.5, 8.5, 8.625, 8.75], "texture": "#0"},
				"up": {"uv": [5.625, 9.125, 5.5, 9], "texture": "#0"},
				"down": {"uv": [9.125, 5.5, 9, 5.625], "texture": "#0"}
			}
		},
		{
			"from": [6.9, 24, 12.2],
			"to": [7.2, 24.5, 12.5],
			"rotation": {"angle": 0, "axis": "y", "origin": [8, 25.1, 11.65]},
			"faces": {
				"north": {"uv": [0, 9, 0.125, 9.25], "texture": "#0"},
				"east": {"uv": [9, 0, 9.125, 0.25], "texture": "#0"},
				"south": {"uv": [0.5, 9, 0.625, 9.25], "texture": "#0"},
				"west": {"uv": [9, 0.5, 9.125, 0.75], "texture": "#0"},
				"up": {"uv": [6.125, 9.125, 6, 9], "texture": "#0"},
				"down": {"uv": [9.125, 6, 9, 6.125], "texture": "#0"}
			}
		},
		{
			"from": [8.8, 24, 10.7],
			"to": [9.1, 24.5, 11],
			"rotation": {"angle": 0, "axis": "y", "origin": [8, 25.1, 11.65]},
			"faces": {
				"north": {"uv": [1, 9, 1.125, 9.25], "texture": "#0"},
				"east": {"uv": [9, 1, 9.125, 1.25], "texture": "#0"},
				"south": {"uv": [1.5, 9, 1.625, 9.25], "texture": "#0"},
				"west": {"uv": [9, 1.5, 9.125, 1.75], "texture": "#0"},
				"up": {"uv": [6.625, 9.125, 6.5, 9], "texture": "#0"},
				"down": {"uv": [9.125, 6.5, 9, 6.625], "texture": "#0"}
			}
		},
		{
			"from": [7.9, 23.9, 5.2],
			"to": [8.1, 24.5, 13.3],
			"rotation": {"angle": 0, "axis": "y", "origin": [8, 21.2, 14]},
			"faces": {
				"north": {"uv": [10, 6, 10.125, 6.25], "texture": "#1"},
				"east": {"uv": [2.5, 2, 6.5, 2.25], "texture": "#1"},
				"south": {"uv": [10, 6.5, 10.125, 6.75], "texture": "#1"},
				"west": {"uv": [2.5, 2.5, 6.5, 2.75], "texture": "#1"},
				"up": {"uv": [3.125, 7.5, 3, 3.5], "texture": "#1"},
				"down": {"uv": [3.625, 3.5, 3.5, 7.5], "texture": "#1"}
			}
		},
		{
			"from": [7.9, 24.39379, 2.71757],
			"to": [8.1, 24.99379, 5.41757],
			"rotation": {"angle": 22.5, "axis": "x", "origin": [8, 24.69379, 4.06757]},
			"faces": {
				"north": {"uv": [7, 10, 7.125, 10.25], "texture": "#1"},
				"east": {"uv": [5.5, 0.5, 6.875, 0.75], "texture": "#1"},
				"south": {"uv": [7.5, 10, 7.625, 10.25], "texture": "#1"},
				"west": {"uv": [5.5, 1, 6.875, 1.25], "texture": "#1"},
				"up": {"uv": [4.125, 9.875, 4, 8.5], "texture": "#1"},
				"down": {"uv": [8.625, 6, 8.5, 7.375], "texture": "#1"}
			}
		},
		{
			"from": [7.9, 24.39379, 0.4527],
			"to": [8.1, 24.99379, 3.1527],
			"rotation": {"angle": -22.5, "axis": "x", "origin": [8, 24.69379, 1.8027]},
			"faces": {
				"north": {"uv": [10, 8, 10.125, 8.25], "texture": "#1"},
				"east": {"uv": [5.5, 3, 6.875, 3.25], "texture": "#1"},
				"south": {"uv": [10, 8.5, 10.125, 8.75], "texture": "#1"},
				"west": {"uv": [5.5, 3.5, 6.875, 3.75], "texture": "#1"},
				"up": {"uv": [7.125, 9.875, 7, 8.5], "texture": "#1"},
				"down": {"uv": [7.625, 8.5, 7.5, 9.875], "texture": "#1"}
			}
		},
		{
			"from": [7.9, 22.9876, -1.6518],
			"to": [8.1, 23.5876, 1.0482],
			"rotation": {"angle": -45, "axis": "x", "origin": [8, 23.2876, -0.3018]},
			"faces": {
				"north": {"uv": [10, 9, 10.125, 9.25], "texture": "#1"},
				"east": {"uv": [5.5, 4, 6.875, 4.25], "texture": "#1"},
				"south": {"uv": [9.5, 10, 9.625, 10.25], "texture": "#1"},
				"west": {"uv": [5.5, 4.5, 6.875, 4.75], "texture": "#1"},
				"up": {"uv": [8.625, 8.875, 8.5, 7.5], "texture": "#1"},
				"down": {"uv": [9.125, 0, 9, 1.375], "texture": "#1"}
			}
		},
		{
			"from": [7.9, 19.8331, -2.00799],
			"to": [8.1, 22.5331, -1.40799],
			"rotation": {"angle": 22.5, "axis": "x", "origin": [8, 21.1831, -1.70799]},
			"faces": {
				"north": {"uv": [9, 1.5, 9.125, 2.875], "texture": "#1"},
				"east": {"uv": [4, 5.5, 4.25, 6.875], "texture": "#1"},
				"south": {"uv": [9, 3, 9.125, 4.375], "texture": "#1"},
				"west": {"uv": [5, 5.5, 5.25, 6.875], "texture": "#1"},
				"up": {"uv": [10.125, 9.75, 10, 9.5], "texture": "#1"},
				"down": {"uv": [10.125, 10, 10, 10.25], "texture": "#1"}
			}
		},
		{
			"from": [7.9, 19.44313, -1.63505],
			"to": [8.1, 22.14313, -1.03505],
			"rotation": {"angle": 45, "axis": "x", "origin": [8, 20.79313, -1.33505]},
			"faces": {
				"north": {"uv": [9, 6, 9.125, 7.375], "texture": "#1"},
				"east": {"uv": [5.5, 5.5, 5.75, 6.875], "texture": "#1"},
				"south": {"uv": [6.5, 9, 6.625, 10.375], "texture": "#1"},
				"west": {"uv": [0, 6, 0.25, 7.375], "texture": "#1"},
				"up": {"uv": [10.625, 0.25, 10.5, 0], "texture": "#1"},
				"down": {"uv": [0.625, 10.5, 0.5, 10.75], "texture": "#1"}
			}
		},
		{
			"from": [7.9, 20.47637, 0.85943],
			"to": [8.1, 23.17637, 1.45943],
			"rotation": {"angle": 45, "axis": "x", "origin": [8, 21.82637, 1.15943]},
			"faces": {
				"north": {"uv": [9, 7.5, 9.125, 8.875], "texture": "#1"},
				"east": {"uv": [0.5, 6, 0.75, 7.375], "texture": "#1"},
				"south": {"uv": [8, 9, 8.125, 10.375], "texture": "#1"},
				"west": {"uv": [6, 5.5, 6.25, 6.875], "texture": "#1"},
				"up": {"uv": [10.625, 0.75, 10.5, 0.5], "texture": "#1"},
				"down": {"uv": [1.125, 10.5, 1, 10.75], "texture": "#1"}
			}
		},
		{
			"from": [7.9, 21.89931, -0.58054],
			"to": [8.1, 22.49931, 2.11946],
			"rotation": {"angle": -22.5, "axis": "x", "origin": [8, 22.19931, 0.76946]},
			"faces": {
				"north": {"uv": [10.5, 1, 10.625, 1.25], "texture": "#1"},
				"east": {"uv": [6.5, 2, 7.875, 2.25], "texture": "#1"},
				"south": {"uv": [1.5, 10.5, 1.625, 10.75], "texture": "#1"},
				"west": {"uv": [6.5, 2.5, 7.875, 2.75], "texture": "#1"},
				"up": {"uv": [8.625, 10.375, 8.5, 9], "texture": "#1"},
				"down": {"uv": [9.125, 9, 9, 10.375], "texture": "#1"}
			}
		},
		{
			"from": [7.9, 21.02337, 0.00474],
			"to": [8.1, 21.62337, 2.70474],
			"rotation": {"angle": -22.5, "axis": "x", "origin": [8, 21.32337, 1.35474]},
			"faces": {
				"north": {"uv": [10.5, 1.5, 10.625, 1.75], "texture": "#1"},
				"east": {"uv": [6.5, 5.5, 7.875, 5.75], "texture": "#1"},
				"south": {"uv": [2, 10.5, 2.125, 10.75], "texture": "#1"},
				"west": {"uv": [6.5, 6, 7.875, 6.25], "texture": "#1"},
				"up": {"uv": [0.125, 10.875, 0, 9.5], "texture": "#1"},
				"down": {"uv": [9.625, 0, 9.5, 1.375], "texture": "#1"}
			}
		},
		{
			"from": [7.9, 21.51716, 2.48718],
			"to": [8.1, 22.11716, 5.68718],
			"rotation": {"angle": 0, "axis": "x", "origin": [8, 21.81716, 3.83718]},
			"faces": {
				"north": {"uv": [10.5, 2, 10.625, 2.25], "texture": "#1"},
				"east": {"uv": [1, 5, 2.625, 5.25], "texture": "#1"},
				"south": {"uv": [2.5, 10.5, 2.625, 10.75], "texture": "#1"},
				"west": {"uv": [5, 1.5, 6.625, 1.75], "texture": "#1"},
				"up": {"uv": [4.625, 9.625, 4.5, 8], "texture": "#1"},
				"down": {"uv": [5.125, 8, 5, 9.625], "texture": "#1"}
			}
		},
		{
			"from": [7.9, 20.33824, 8.41398],
			"to": [8.1, 20.93824, 13.31398],
			"rotation": {"angle": 0, "axis": "y", "origin": [8, 20.63824, 9.76398]},
			"faces": {
				"north": {"uv": [10.5, 2.5, 10.625, 2.75], "texture": "#1"},
				"east": {"uv": [0, 3, 2.5, 3.25], "texture": "#1"},
				"south": {"uv": [3, 10.5, 3.125, 10.75], "texture": "#1"},
				"west": {"uv": [2.5, 3, 5, 3.25], "texture": "#1"},
				"up": {"uv": [1.125, 9.5, 1, 7], "texture": "#1"},
				"down": {"uv": [1.625, 7, 1.5, 9.5], "texture": "#1"}
			}
		},
		{
			"from": [7.8, 20.93824, 8.41398],
			"to": [8.2, 23.93824, 13.31398],
			"rotation": {"angle": 0, "axis": "y", "origin": [8, 20.63824, 9.76398]},
			"faces": {
				"north": {"uv": [1, 5.5, 1.25, 7], "texture": "#1"},
				"east": {"uv": [0, 0, 2.5, 1.5], "texture": "#1"},
				"south": {"uv": [1.5, 5.5, 1.75, 7], "texture": "#1"},
				"west": {"uv": [0, 1.5, 2.5, 3], "texture": "#1"},
				"up": {"uv": [0.25, 6, 0, 3.5], "texture": "#1"},
				"down": {"uv": [0.75, 3.5, 0.5, 6], "texture": "#1"}
			}
		},
		{
			"from": [7.8, 20.93824, 7.71398],
			"to": [8.2, 23.93824, 8.41398],
			"rotation": {"angle": 0, "axis": "y", "origin": [8, 20.63824, 9.76398]},
			"faces": {
				"north": {"uv": [2, 5.5, 2.25, 7], "texture": "#1"},
				"east": {"uv": [1, 3.5, 1.375, 5], "texture": "#1"},
				"south": {"uv": [2.5, 5.5, 2.75, 7], "texture": "#1"},
				"west": {"uv": [1.5, 3.5, 1.875, 5], "texture": "#1"},
				"up": {"uv": [3.25, 9.875, 3, 9.5], "texture": "#1"},
				"down": {"uv": [9.75, 3, 9.5, 3.375], "texture": "#1"}
			}
		},
		{
			"from": [7.8, 21.23824, 7.01398],
			"to": [8.2, 23.93824, 7.71398],
			"rotation": {"angle": 0, "axis": "y", "origin": [8, 20.63824, 9.76398]},
			"faces": {
				"north": {"uv": [6.5, 6.5, 6.75, 7.875], "texture": "#1"},
				"east": {"uv": [2, 3.5, 2.375, 4.875], "texture": "#1"},
				"south": {"uv": [7, 0.5, 7.25, 1.875], "texture": "#1"},
				"west": {"uv": [2.5, 3.5, 2.875, 4.875], "texture": "#1"},
				"up": {"uv": [3.75, 9.875, 3.5, 9.5], "texture": "#1"},
				"down": {"uv": [9.75, 3.5, 9.5, 3.875], "texture": "#1"}
			}
		},
		{
			"from": [7.8, 21.53824, 6.31398],
			"to": [8.2, 23.93824, 7.01398],
			"rotation": {"angle": 0, "axis": "y", "origin": [8, 20.63824, 9.76398]},
			"faces": {
				"north": {"uv": [2, 7, 2.25, 8.25], "texture": "#1"},
				"east": {"uv": [4.5, 3.5, 4.875, 4.75], "texture": "#1"},
				"south": {"uv": [2.5, 7, 2.75, 8.25], "texture": "#1"},
				"west": {"uv": [5, 0, 5.375, 1.25], "texture": "#1"},
				"up": {"uv": [9.75, 4.375, 9.5, 4], "texture": "#1"},
				"down": {"uv": [9.75, 5, 9.5, 5.375], "texture": "#1"}
			}
		},
		{
			"from": [7.8, 21.83824, 2.31398],
			"to": [8.2, 23.93824, 6.31398],
			"rotation": {"angle": 0, "axis": "y", "origin": [8, 20.63824, 9.76398]},
			"faces": {
				"north": {"uv": [4.5, 7, 4.75, 8], "texture": "#1"},
				"east": {"uv": [2.5, 0, 4.5, 1], "texture": "#1"},
				"south": {"uv": [7, 4.5, 7.25, 5.5], "texture": "#1"},
				"west": {"uv": [2.5, 1, 4.5, 2], "texture": "#1"},
				"up": {"uv": [4.25, 5.5, 4, 3.5], "texture": "#1"},
				"down": {"uv": [4.75, 0, 4.5, 2], "texture": "#1"}
			}
		},
		{
			"from": [7.8, 21.53824, 1.41398],
			"to": [8.2, 22.03824, 2.31398],
			"rotation": {"angle": 0, "axis": "y", "origin": [8, 20.63824, 9.76398]},
			"faces": {
				"north": {"uv": [9.5, 8, 9.75, 8.25], "texture": "#1"},
				"east": {"uv": [8.5, 4, 9, 4.25], "texture": "#1"},
				"south": {"uv": [9.5, 8.5, 9.75, 8.75], "texture": "#1"},
				"west": {"uv": [9.5, 1.5, 10, 1.75], "texture": "#1"},
				"up": {"uv": [2.25, 10, 2, 9.5], "texture": "#1"},
				"down": {"uv": [9.75, 2, 9.5, 2.5], "texture": "#1"}
			}
		},
		{
			"from": [7.8, 22.03824, 1.81398],
			"to": [8.2, 22.53824, 2.31398],
			"rotation": {"angle": 0, "axis": "y", "origin": [8, 20.63824, 9.76398]},
			"faces": {
				"north": {"uv": [9.5, 9, 9.75, 9.25], "texture": "#1"},
				"east": {"uv": [9.5, 9.5, 9.75, 9.75], "texture": "#1"},
				"south": {"uv": [10, 0, 10.25, 0.25], "texture": "#1"},
				"west": {"uv": [0.5, 10, 0.75, 10.25], "texture": "#1"},
				"up": {"uv": [10.25, 0.75, 10, 0.5], "texture": "#1"},
				"down": {"uv": [1.25, 10, 1, 10.25], "texture": "#1"}
			}
		},
		{
			"from": [7.8, 22.53824, 1.91398],
			"to": [8.2, 23.93824, 2.31398],
			"rotation": {"angle": 0, "axis": "y", "origin": [8, 20.63824, 9.76398]},
			"faces": {
				"north": {"uv": [8, 6, 8.25, 6.75], "texture": "#1"},
				"east": {"uv": [6.5, 8, 6.75, 8.75], "texture": "#1"},
				"south": {"uv": [8, 7, 8.25, 7.75], "texture": "#1"},
				"west": {"uv": [8, 8, 8.25, 8.75], "texture": "#1"},
				"up": {"uv": [10.25, 1.25, 10, 1], "texture": "#1"},
				"down": {"uv": [1.75, 10, 1.5, 10.25], "texture": "#1"}
			}
		},
		{
			"from": [7.8, 22.73824, 1.51398],
			"to": [8.2, 24.53824, 1.91398],
			"rotation": {"angle": 0, "axis": "y", "origin": [8, 20.63824, 9.76398]},
			"faces": {
				"north": {"uv": [5, 7, 5.25, 7.875], "texture": "#1"},
				"east": {"uv": [5.5, 7, 5.75, 7.875], "texture": "#1"},
				"south": {"uv": [6, 7, 6.25, 7.875], "texture": "#1"},
				"west": {"uv": [7, 6.5, 7.25, 7.375], "texture": "#1"},
				"up": {"uv": [10.25, 1.75, 10, 1.5], "texture": "#1"},
				"down": {"uv": [2.25, 10, 2, 10.25], "texture": "#1"}
			}
		},
		{
			"from": [7.8, 22.63824, 1.11398],
			"to": [8.2, 24.23824, 1.51398],
			"rotation": {"angle": 0, "axis": "y", "origin": [8, 20.63824, 9.76398]},
			"faces": {
				"north": {"uv": [0, 8.5, 0.25, 9.25], "texture": "#1"},
				"east": {"uv": [8.5, 0, 8.75, 0.75], "texture": "#1"},
				"south": {"uv": [0.5, 8.5, 0.75, 9.25], "texture": "#1"},
				"west": {"uv": [8.5, 1, 8.75, 1.75], "texture": "#1"},
				"up": {"uv": [10.25, 2.25, 10, 2], "texture": "#1"},
				"down": {"uv": [2.75, 10, 2.5, 10.25], "texture": "#1"}
			}
		},
		{
			"from": [7.8, 22.43824, 0.71398],
			"to": [8.2, 24.13824, 1.11398],
			"rotation": {"angle": 0, "axis": "y", "origin": [8, 20.63824, 9.76398]},
			"faces": {
				"north": {"uv": [0, 7.5, 0.25, 8.375], "texture": "#1"},
				"east": {"uv": [7.5, 0, 7.75, 0.875], "texture": "#1"},
				"south": {"uv": [0.5, 7.5, 0.75, 8.375], "texture": "#1"},
				"west": {"uv": [7.5, 1, 7.75, 1.875], "texture": "#1"},
				"up": {"uv": [10.25, 2.75, 10, 2.5], "texture": "#1"},
				"down": {"uv": [3.25, 10, 3, 10.25], "texture": "#1"}
			}
		},
		{
			"from": [7.8, 22.23824, 0.31398],
			"to": [8.2, 23.93824, 0.71398],
			"rotation": {"angle": 0, "axis": "y", "origin": [8, 20.63824, 9.76398]},
			"faces": {
				"north": {"uv": [3, 7.5, 3.25, 8.375], "texture": "#1"},
				"east": {"uv": [7.5, 3, 7.75, 3.875], "texture": "#1"},
				"south": {"uv": [3.5, 7.5, 3.75, 8.375], "texture": "#1"},
				"west": {"uv": [7.5, 4, 7.75, 4.875], "texture": "#1"},
				"up": {"uv": [10.25, 3.25, 10, 3], "texture": "#1"},
				"down": {"uv": [3.75, 10, 3.5, 10.25], "texture": "#1"}
			}
		},
		{
			"from": [7.8, 22.03824, -0.08602],
			"to": [8.2, 23.73824, 0.31398],
			"rotation": {"angle": 0, "axis": "y", "origin": [8, 20.63824, 9.76398]},
			"faces": {
				"north": {"uv": [7.5, 6.5, 7.75, 7.375], "texture": "#1"},
				"east": {"uv": [7, 7.5, 7.25, 8.375], "texture": "#1"},
				"south": {"uv": [7.5, 7.5, 7.75, 8.375], "texture": "#1"},
				"west": {"uv": [8, 0, 8.25, 0.875], "texture": "#1"},
				"up": {"uv": [10.25, 3.75, 10, 3.5], "texture": "#1"},
				"down": {"uv": [4.25, 10, 4, 10.25], "texture": "#1"}
			}
		},
		{
			"from": [7.8, 21.73824, -0.48602],
			"to": [8.2, 23.43824, -0.08602],
			"rotation": {"angle": 0, "axis": "y", "origin": [8, 20.63824, 9.76398]},
			"faces": {
				"north": {"uv": [8, 1, 8.25, 1.875], "texture": "#1"},
				"east": {"uv": [8, 2, 8.25, 2.875], "texture": "#1"},
				"south": {"uv": [8, 3, 8.25, 3.875], "texture": "#1"},
				"west": {"uv": [8, 4, 8.25, 4.875], "texture": "#1"},
				"up": {"uv": [10.25, 4.25, 10, 4], "texture": "#1"},
				"down": {"uv": [4.75, 10, 4.5, 10.25], "texture": "#1"}
			}
		},
		{
			"from": [7.8, 21.53824, -0.88602],
			"to": [8.2, 22.93824, -0.48602],
			"rotation": {"angle": 0, "axis": "y", "origin": [8, 20.63824, 9.76398]},
			"faces": {
				"north": {"uv": [2, 8.5, 2.25, 9.25], "texture": "#1"},
				"east": {"uv": [8.5, 2, 8.75, 2.75], "texture": "#1"},
				"south": {"uv": [2.5, 8.5, 2.75, 9.25], "texture": "#1"},
				"west": {"uv": [3, 8.5, 3.25, 9.25], "texture": "#1"},
				"up": {"uv": [10.25, 4.75, 10, 4.5], "texture": "#1"},
				"down": {"uv": [5.25, 10, 5, 10.25], "texture": "#1"}
			}
		},
		{
			"from": [7.8, 21.33824, -1.18602],
			"to": [8.2, 22.43824, -0.88602],
			"rotation": {"angle": 0, "axis": "y", "origin": [8, 20.63824, 9.76398]},
			"faces": {
				"north": {"uv": [2.5, 9.5, 2.75, 10], "texture": "#1"},
				"east": {"uv": [10, 5, 10.125, 5.5], "texture": "#1"},
				"south": {"uv": [9.5, 2.5, 9.75, 3], "texture": "#1"},
				"west": {"uv": [5.5, 10, 5.625, 10.5], "texture": "#1"},
				"up": {"uv": [10.75, 3.125, 10.5, 3], "texture": "#1"},
				"down": {"uv": [3.75, 10.5, 3.5, 10.625], "texture": "#1"}
			}
		},
		{
			"from": [7.8, 21.13824, -1.48602],
			"to": [8.2, 21.93824, -1.18602],
			"rotation": {"angle": 0, "axis": "y", "origin": [8, 20.63824, 9.76398]},
			"faces": {
				"north": {"uv": [9.5, 6, 9.75, 6.375], "texture": "#1"},
				"east": {"uv": [10, 5.5, 10.125, 5.875], "texture": "#1"},
				"south": {"uv": [9.5, 6.5, 9.75, 6.875], "texture": "#1"},
				"west": {"uv": [6, 10, 6.125, 10.375], "texture": "#1"},
				"up": {"uv": [10.75, 3.625, 10.5, 3.5], "texture": "#1"},
				"down": {"uv": [4.25, 10.5, 4, 10.625], "texture": "#1"}
			}
		},
		{
			"from": [7.8, 23.93824, 1.91398],
			"to": [8.2, 24.23824, 5.11398],
			"rotation": {"angle": 0, "axis": "y", "origin": [8, 20.63824, 9.76398]},
			"faces": {
				"north": {"uv": [10.5, 4, 10.75, 4.125], "texture": "#1"},
				"east": {"uv": [7.5, 5, 9.125, 5.125], "texture": "#1"},
				"south": {"uv": [4.5, 10.5, 4.75, 10.625], "texture": "#1"},
				"west": {"uv": [8, 5.5, 9.625, 5.625], "texture": "#1"},
				"up": {"uv": [5.25, 4.625, 5, 3], "texture": "#1"},
				"down": {"uv": [4.75, 5, 4.5, 6.625], "texture": "#1"}
			}
		},
		{
			"from": [7.8, 24.23824, 1.91398],
			"to": [8.2, 24.53824, 4.51398],
			"rotation": {"angle": 0, "axis": "y", "origin": [8, 20.63824, 9.76398]},
			"faces": {
				"north": {"uv": [10.5, 4.5, 10.75, 4.625], "texture": "#1"},
				"east": {"uv": [8.5, 4.5, 9.75, 4.625], "texture": "#1"},
				"south": {"uv": [5, 10.5, 5.25, 10.625], "texture": "#1"},
				"west": {"uv": [0.5, 9.5, 1.75, 9.625], "texture": "#1"},
				"up": {"uv": [7.25, 4.25, 7, 3], "texture": "#1"},
				"down": {"uv": [4.25, 7, 4, 8.25], "texture": "#1"}
			}
		},
		{
			"from": [7.8, 24.53824, 2.11398],
			"to": [8.2, 24.83824, 3.71398],
			"rotation": {"angle": 0, "axis": "y", "origin": [8, 20.63824, 9.76398]},
			"faces": {
				"north": {"uv": [10.5, 5, 10.75, 5.125], "texture": "#1"},
				"east": {"uv": [9.5, 7, 10.25, 7.125], "texture": "#1"},
				"south": {"uv": [5.5, 10.5, 5.75, 10.625], "texture": "#1"},
				"west": {"uv": [9.5, 7.5, 10.25, 7.625], "texture": "#1"},
				"up": {"uv": [8.75, 3.75, 8.5, 3], "texture": "#1"},
				"down": {"uv": [3.75, 8.5, 3.5, 9.25], "texture": "#1"}
			}
		},
		{
			"from": [7.9, 21.02337, 5.46961],
			"to": [8.1, 21.62337, 8.66961],
			"rotation": {"angle": 22.5, "axis": "x", "origin": [8, 21.32337, 6.81961]},
			"faces": {
				"north": {"uv": [10.5, 5.5, 10.625, 5.75], "texture": "#1"},
				"east": {"uv": [5, 5, 6.625, 5.25], "texture": "#1"},
				"south": {"uv": [6, 10.5, 6.125, 10.75], "texture": "#1"},
				"west": {"uv": [5.5, 0, 7.125, 0.25], "texture": "#1"},
				"up": {"uv": [5.625, 9.625, 5.5, 8], "texture": "#1"},
				"down": {"uv": [6.125, 8, 6, 9.625], "texture": "#1"}
			}
		}
	],
	"display": {
		"thirdperson_righthand": {
			"translation": [-1, 0, -6.5],
			"scale": [1.48, 1.48, 1.48]
		},
		"thirdperson_lefthand": {
			"translation": [-1, 0, -6.5],
			"scale": [1.48, 1.48, 1.48]
		},
		"firstperson_righthand": {
			"translation": [0, 0.25, -2.75]
		},
		"firstperson_lefthand": {
			"translation": [0, 0.25, -2.75]
		},
		"ground": {
			"rotation": [-134, 0, 0],
			"translation": [0, 15.5, 8.75]
		},
		"gui": {
			"rotation": [45, -139, 30],
			"translation": [-0.75, -6, 0],
			"scale": [0.63, 0.63, 0.63]
		},
		"fixed": {
			"rotation": [0, -90, 0],
			"translation": [0, -5.5, -2]
		}
	},
	"groups": [
		{
			"name": "group",
			"origin": [8, 8, 8],
			"color": 0,
			"children": [0, 1, 2, 3, 4, 5, 6, 7, 8, 9, 10, 11, 12, 13, 14, 15, 16, 17, 18, 19, 20, 21, 22, 23, 24, 25]
		},
		{
			"name": "group",
			"origin": [8, 8, 8],
			"color": 0,
			"children": [26, 27, 28, 29, 30, 31, 32, 33, 34, 35, 36, 37, 38, 39, 40, 41, 42, 43, 44, 45, 46, 47, 48, 49, 50, 51, 52, 53, 54, 55, 56, 57]
		}
	]
}