{
	"credit": "Made with Blockbench",
	"texture_size": [32, 32],
	"textures": {
		"0": "simplyswords:item/sabreclaw_hilt",
		"1": "simplyswords:item/sabreclaw_blade",
		"particle": "simplyswords:item/sabreclaw_hilt"
	},
	"elements": [
		{
			"from": [8.33971, 9.31418, 7.9],
			"to": [9.13971, 25.51418, 8.1],
			"rotation": {"angle": 0, "axis": "z", "origin": [8.73971, 25.11418, 8]},
			"faces": {
				"north": {"uv": [2, 0, 2.375, 8.125], "texture": "#1"},
				"east": {"uv": [5, 0, 5.125, 8.125], "texture": "#1"},
				"south": {"uv": [2.5, 0, 2.875, 8.125], "texture": "#1"},
				"west": {"uv": [5.5, 0, 5.625, 8.125], "texture": "#1"},
				"up": {"uv": [8.375, 1.125, 8, 1], "texture": "#1"},
				"down": {"uv": [8.375, 1.5, 8, 1.625], "texture": "#1"}
			}
		},
		{
			"from": [6.86029, 9.31418, 7.9],
			"to": [7.66029, 25.51418, 8.1],
			"rotation": {"angle": 0, "axis": "y", "origin": [7.26029, 25.11418, 8]},
			"faces": {
				"north": {"uv": [3, 0, 3.375, 8.125], "texture": "#1"},
				"east": {"uv": [6, 0, 6.125, 8.125], "texture": "#1"},
				"south": {"uv": [3.5, 0, 3.875, 8.125], "texture": "#1"},
				"west": {"uv": [6.5, 0, 6.625, 8.125], "texture": "#1"},
				"up": {"uv": [8.375, 2.125, 8, 2], "texture": "#1"},
				"down": {"uv": [8.375, 2.5, 8, 2.625], "texture": "#1"}
			}
		},
		{
			"from": [7.11685, 25.30402, 7.9],
			"to": [7.91685, 26.80402, 8.1],
			"rotation": {"angle": -22.5, "axis": "z", "origin": [7.51685, 26.05402, 8]},
			"faces": {
				"north": {"uv": [7, 2, 7.375, 2.75], "texture": "#1"},
				"east": {"uv": [7.5, 1, 7.625, 1.75], "texture": "#1"},
				"south": {"uv": [7, 3, 7.375, 3.75], "texture": "#1"},
				"west": {"uv": [7.5, 2, 7.625, 2.75], "texture": "#1"},
				"up": {"uv": [8.375, 3.125, 8, 3], "texture": "#1"},
				"down": {"uv": [8.375, 3.5, 8, 3.625], "texture": "#1"}
			}
		},
		{
			"from": [8.08315, 25.30402, 7.9],
			"to": [8.88315, 26.80402, 8.1],
			"rotation": {"angle": 22.5, "axis": "z", "origin": [8.48315, 26.05402, 8]},
			"faces": {
				"north": {"uv": [7, 2, 7.375, 2.75], "texture": "#1"},
				"east": {"uv": [7.5, 1, 7.625, 1.75], "texture": "#1"},
				"south": {"uv": [7, 3, 7.375, 3.75], "texture": "#1"},
				"west": {"uv": [7.5, 2, 7.625, 2.75], "texture": "#1"},
				"up": {"uv": [8.375, 3.125, 8, 3], "texture": "#1"},
				"down": {"uv": [8.375, 3.5, 8, 3.625], "texture": "#1"}
			}
		},
		{
			"from": [7.6, 26.5, 7.9],
			"to": [8.4, 27.3, 8.1],
			"rotation": {"angle": -45, "axis": "z", "origin": [8, 26.9, 8]},
			"faces": {
				"north": {"uv": [7, 4, 7.375, 4.375], "texture": "#1"},
				"east": {"uv": [8, 4, 8.125, 4.375], "texture": "#1"},
				"south": {"uv": [7, 4.5, 7.375, 4.875], "texture": "#1"},
				"west": {"uv": [8, 4.5, 8.125, 4.875], "texture": "#1"},
				"up": {"uv": [8.375, 5.125, 8, 5], "texture": "#1"},
				"down": {"uv": [8.375, 5.5, 8, 5.625], "texture": "#1"}
			}
		},
		{
			"from": [7.4, 9.1, 7.8],
			"to": [8.6, 25.4, 8.2],
			"rotation": {"angle": 0, "axis": "z", "origin": [8, 26.9, 8]},
			"faces": {
				"north": {"uv": [0, 0, 0.625, 8.125], "texture": "#1"},
				"east": {"uv": [4, 0, 4.1875, 8.125], "texture": "#1"},
				"south": {"uv": [1, 0, 1.625, 8.125], "texture": "#1"},
				"west": {"uv": [4.5, 0, 4.6875, 8.125], "texture": "#1"},
				"up": {"uv": [7.625, 5.1875, 7, 5], "texture": "#1"},
				"down": {"uv": [7.625, 5.5, 7, 5.6875], "texture": "#1"}
			}
		},
		{
			"from": [7.6, 25.4, 7.8],
			"to": [8.4, 26, 8.2],
			"rotation": {"angle": 0, "axis": "y", "origin": [8, 26.9, 8]},
			"faces": {
				"north": {"uv": [7, 6, 7.375, 6.3125], "texture": "#1"},
				"east": {"uv": [7.5, 4, 7.6875, 4.3125], "texture": "#1"},
				"south": {"uv": [7, 6.5, 7.375, 6.8125], "texture": "#1"},
				"west": {"uv": [7.5, 4.5, 7.6875, 4.8125], "texture": "#1"},
				"up": {"uv": [7.875, 3.1875, 7.5, 3], "texture": "#1"},
				"down": {"uv": [7.875, 3.5, 7.5, 3.6875], "texture": "#1"}
			}
		},
		{
			"from": [7.8, 26, 7.8],
			"to": [8.2, 26.6, 8.2],
			"rotation": {"angle": 0, "axis": "y", "origin": [8, 26.9, 8]},
			"faces": {
				"north": {"uv": [7.5, 6, 7.6875, 6.3125], "texture": "#1"},
				"east": {"uv": [7.5, 6.5, 7.6875, 6.8125], "texture": "#1"},
				"south": {"uv": [7.5, 7, 7.6875, 7.3125], "texture": "#1"},
				"west": {"uv": [7.5, 7.5, 7.6875, 7.8125], "texture": "#1"},
				"up": {"uv": [8.1875, 6.1875, 8, 6], "texture": "#1"},
				"down": {"uv": [8.1875, 6.5, 8, 6.6875], "texture": "#1"}
			}
		},
		{
			"from": [6.6, 8.6, 7.5],
			"to": [9.4, 9.4, 8.5],
			"rotation": {"angle": 0, "axis": "z", "origin": [8, 27, 8]},
			"faces": {
				"north": {"uv": [4, 2, 6.75, 2.75], "texture": "#0"},
				"east": {"uv": [10, 0, 11, 0.75], "texture": "#0"},
				"south": {"uv": [4, 3, 6.75, 3.75], "texture": "#0"},
				"west": {"uv": [1, 10, 2, 10.75], "texture": "#0"},
				"up": {"uv": [6.75, 1, 4, 0], "texture": "#0"},
				"down": {"uv": [6.75, 1, 4, 2], "texture": "#0"}
			}
		},
		{
			"from": [7.5, 7.8, 7.5],
			"to": [8.5, 8.6, 8.5],
			"rotation": {"angle": 0, "axis": "y", "origin": [8, 27, 8]},
			"faces": {
				"north": {"uv": [10, 1, 11, 1.75], "texture": "#0"},
				"east": {"uv": [2, 10, 3, 10.75], "texture": "#0"},
				"south": {"uv": [10, 2, 11, 2.75], "texture": "#0"},
				"west": {"uv": [3, 10, 4, 10.75], "texture": "#0"},
				"up": {"uv": [10, 1, 9, 0], "texture": "#0"},
				"down": {"uv": [10, 1, 9, 2], "texture": "#0"}
			}
		},
		{
			"from": [7.6, 7, 7.6],
			"to": [8.4, 7.8, 8.4],
			"rotation": {"angle": 0, "axis": "y", "origin": [8, 27, 8]},
			"faces": {
				"north": {"uv": [1, 11, 1.75, 11.75], "texture": "#0"},
				"east": {"uv": [2, 11, 2.75, 11.75], "texture": "#0"},
				"south": {"uv": [11, 2, 11.75, 2.75], "texture": "#0"},
				"west": {"uv": [3, 11, 3.75, 11.75], "texture": "#0"},
				"up": {"uv": [11.75, 3.75, 11, 3], "texture": "#0"},
				"down": {"uv": [4.75, 11, 4, 11.75], "texture": "#0"}
			}
		},
		{
			"from": [7.7, 2.1, 7.7],
			"to": [8.3, 7, 8.3],
			"rotation": {"angle": 0, "axis": "y", "origin": [8, 27, 8]},
			"faces": {
				"north": {"uv": [0, 0, 0.625, 4.875], "texture": "#0"},
				"east": {"uv": [1, 0, 1.625, 4.875], "texture": "#0"},
				"south": {"uv": [2, 0, 2.625, 4.875], "texture": "#0"},
				"west": {"uv": [3, 0, 3.625, 4.875], "texture": "#0"},
				"up": {"uv": [5.625, 12.625, 5, 12], "texture": "#0"},
				"down": {"uv": [12.625, 5, 12, 5.625], "texture": "#0"}
			}
		},
		{
			"from": [7.5, 1.4, 7.5],
			"to": [8.5, 2.1, 8.5],
			"rotation": {"angle": 0, "axis": "y", "origin": [8, 27, 8]},
			"faces": {
				"north": {"uv": [10, 3, 11, 3.75], "texture": "#0"},
				"east": {"uv": [4, 10, 5, 10.75], "texture": "#0"},
				"south": {"uv": [10, 4, 11, 4.75], "texture": "#0"},
				"west": {"uv": [5, 10, 6, 10.75], "texture": "#0"},
				"up": {"uv": [10, 3, 9, 2], "texture": "#0"},
				"down": {"uv": [10, 3, 9, 4], "texture": "#0"}
			}
		},
		{
			"from": [7.6, 0.7, 7.6],
			"to": [8.4, 1.4, 8.4],
			"rotation": {"angle": 0, "axis": "y", "origin": [8, 27, 8]},
			"faces": {
				"north": {"uv": [11, 4, 11.75, 4.75], "texture": "#0"},
				"east": {"uv": [5, 11, 5.75, 11.75], "texture": "#0"},
				"south": {"uv": [11, 5, 11.75, 5.75], "texture": "#0"},
				"west": {"uv": [6, 11, 6.75, 11.75], "texture": "#0"},
				"up": {"uv": [11.75, 6.75, 11, 6], "texture": "#0"},
				"down": {"uv": [7.75, 11, 7, 11.75], "texture": "#0"}
			}
		},
		{
			"from": [5.11778, 8.89483, 7.5],
			"to": [6.81778, 9.69483, 8.5],
			"rotation": {"angle": -22.5, "axis": "z", "origin": [5.96778, 9.29483, 8]},
			"faces": {
				"north": {"uv": [8, 6, 9.75, 6.75], "texture": "#0"},
				"east": {"uv": [6, 10, 7, 10.75], "texture": "#0"},
				"south": {"uv": [5, 8, 6.75, 8.75], "texture": "#0"},
				"west": {"uv": [10, 5, 11, 5.75], "texture": "#0"},
				"up": {"uv": [1.75, 8, 0, 7], "rotation": 180, "texture": "#0"},
				"down": {"uv": [8.75, 0, 7, 1], "rotation": 180, "texture": "#0"}
			}
		},
		{
			"from": [10.60969, 7.25381, 7.5],
			"to": [11.10969, 9.05381, 8.5],
			"rotation": {"angle": 22.5, "axis": "z", "origin": [10.54556, 8.80255, 8]},
			"faces": {
				"north": {"uv": [7, 9, 7.5, 10.75], "texture": "#0"},
				"east": {"uv": [7, 2, 8, 3.75], "texture": "#0"},
				"south": {"uv": [8, 9, 8.5, 10.75], "texture": "#0"},
				"west": {"uv": [0, 8, 1, 9.75], "texture": "#0"},
				"up": {"uv": [11.5, 8, 11, 7], "texture": "#0"},
				"down": {"uv": [8.5, 11, 8, 12], "texture": "#0"}
			}
		},
		{
			"from": [10.10969, 7.65381, 7.5],
			"to": [10.60969, 9.05381, 8.5],
			"rotation": {"angle": 22.5, "axis": "z", "origin": [10.54556, 8.80255, 8]},
			"faces": {
				"north": {"uv": [10, 8, 10.5, 9.375], "texture": "#0"},
				"east": {"uv": [8, 2, 9, 3.375], "texture": "#0"},
				"south": {"uv": [9, 10, 9.5, 11.375], "texture": "#0"},
				"west": {"uv": [3, 8, 4, 9.375], "texture": "#0"},
				"up": {"uv": [11.5, 11, 11, 10], "texture": "#0"},
				"down": {"uv": [11.5, 11, 11, 12], "texture": "#0"}
			}
		},
		{
			"from": [9.60969, 8.05381, 7.5],
			"to": [10.10969, 9.05381, 8.5],
			"rotation": {"angle": 22.5, "axis": "z", "origin": [10.54556, 8.80255, 8]},
			"faces": {
				"north": {"uv": [1, 12, 1.5, 13], "texture": "#0"},
				"east": {"uv": [9, 4, 10, 5], "texture": "#0"},
				"south": {"uv": [12, 1, 12.5, 2], "texture": "#0"},
				"west": {"uv": [5, 9, 6, 10], "texture": "#0"},
				"up": {"uv": [2.5, 13, 2, 12], "texture": "#0"},
				"down": {"uv": [12.5, 2, 12, 3], "texture": "#0"}
			}
		},
		{
			"from": [9.40969, 9.05381, 7.5],
			"to": [11.10969, 9.85381, 8.5],
			"rotation": {"angle": 22.5, "axis": "z", "origin": [10.54556, 8.80255, 8]},
			"faces": {
				"north": {"uv": [5, 8, 6.75, 8.75], "texture": "#0"},
				"east": {"uv": [10, 5, 11, 5.75], "texture": "#0"},
				"south": {"uv": [8, 6, 9.75, 6.75], "texture": "#0"},
				"west": {"uv": [6, 10, 7, 10.75], "texture": "#0"},
				"up": {"uv": [1.75, 8, 0, 7], "texture": "#0"},
				"down": {"uv": [8.75, 0, 7, 1], "texture": "#0"}
			}
		},
		{
			"from": [4.66596, 7.4234, 7.5],
			"to": [5.16596, 9.2234, 8.5],
			"rotation": {"angle": -22.5, "axis": "z", "origin": [4.91596, 8.3234, 8]},
			"faces": {
				"north": {"uv": [8, 9, 8.5, 10.75], "texture": "#0"},
				"east": {"uv": [0, 8, 1, 9.75], "texture": "#0"},
				"south": {"uv": [7, 9, 7.5, 10.75], "texture": "#0"},
				"west": {"uv": [7, 2, 8, 3.75], "texture": "#0"},
				"up": {"uv": [11.5, 8, 11, 7], "rotation": 180, "texture": "#0"},
				"down": {"uv": [8.5, 11, 8, 12], "rotation": 180, "texture": "#0"}
			}
		},
		{
			"from": [5.20444, 7.61683, 7.5],
			"to": [5.70444, 9.01683, 8.5],
			"rotation": {"angle": -22.5, "axis": "z", "origin": [5.45444, 8.31683, 8]},
			"faces": {
				"north": {"uv": [9, 10, 9.5, 11.375], "texture": "#0"},
				"east": {"uv": [3, 8, 4, 9.375], "texture": "#0"},
				"south": {"uv": [10, 8, 10.5, 9.375], "texture": "#0"},
				"west": {"uv": [8, 2, 9, 3.375], "texture": "#0"},
				"up": {"uv": [11.5, 11, 11, 10], "rotation": 180, "texture": "#0"},
				"down": {"uv": [11.5, 11, 11, 12], "rotation": 180, "texture": "#0"}
			}
		},
		{
			"from": [5.74291, 7.81027, 7.5],
			"to": [6.24291, 8.81027, 8.5],
			"rotation": {"angle": -22.5, "axis": "z", "origin": [5.99291, 8.31027, 8]},
			"faces": {
				"north": {"uv": [12, 1, 12.5, 2], "texture": "#0"},
				"east": {"uv": [5, 9, 6, 10], "texture": "#0"},
				"south": {"uv": [1, 12, 1.5, 13], "texture": "#0"},
				"west": {"uv": [9, 4, 10, 5], "texture": "#0"},
				"up": {"uv": [2.5, 13, 2, 12], "rotation": 180, "texture": "#0"},
				"down": {"uv": [12.5, 2, 12, 3], "rotation": 180, "texture": "#0"}
			}
		},
		{
			"from": [7.3, 8.3, 7.3],
			"to": [8.7, 9.7, 8.7],
			"rotation": {"angle": -45, "axis": "z", "origin": [8, 9, 8]},
			"faces": {
				"north": {"uv": [4, 4, 5.375, 5.375], "texture": "#0"},
				"east": {"uv": [0, 5, 1.375, 6.375], "texture": "#0"},
				"south": {"uv": [2, 5, 3.375, 6.375], "texture": "#0"},
				"west": {"uv": [4, 6, 5.375, 7.375], "texture": "#0"},
				"up": {"uv": [7.375, 5.375, 6, 4], "texture": "#0"},
				"down": {"uv": [7.375, 6, 6, 7.375], "texture": "#0"}
			}
		}
	],
	"display": {
		"thirdperson_righthand": {
			"rotation": [0, 90, 0],
			"translation": [0, 1.5, 1]
		},
		"thirdperson_lefthand": {
			"rotation": [0, 90, 0],
			"translation": [0, 1.5, 0]
		},
		"firstperson_righthand": {
			"rotation": [0, 90, 0],
			"translation": [0, 1.5, 0]
		},
		"firstperson_lefthand": {
			"rotation": [0, 90, 0],
			"translation": [0, 1.5, 0]
		},
		"ground": {
			"rotation": [0, 0, 180],
			"translation": [0, 16, 0]
		},
		"gui": {
			"rotation": [0, 0, -40],
			"translation": [-2, -3, 0],
			"scale": [0.7, 0.7, 0.7]
		},
		"fixed": {
			"rotation": [0, 0, 46],
			"translation": [2.25, -1.75, 0]
		}
	},
	"groups": [
		{
			"name": "group",
			"origin": [8, 8, 8],
			"color": 0,
			"children": [0, 1, 2, 3, 4, 5, 6, 7]
		},
		{
			"name": "group",
			"origin": [8, 8, 8],
			"color": 0,
			"children": [8, 9, 10, 11, 12, 13, 14, 15, 16, 17, 18, 19, 20, 21, 22]
		}
	]
}