{
	"credit": "Made with Blockbench",
	"texture_size": [64, 64],
	"textures": {
		"0": "simplyswords:item/behrkluh_handle",
		"1": "simplyswords:item/behrkluh_head",
		"particle": "simplyswords:item/behrkluh_handle"
	},
	"elements": [
		{
			"from": [7.6, 2.6, 7.6],
			"to": [8.4, 20.7, 8.4],
			"faces": {
				"north": {"uv": [0, 0, 0.375, 9], "texture": "#0"},
				"east": {"uv": [0.5, 0, 0.875, 9], "texture": "#0"},
				"south": {"uv": [1, 0, 1.375, 9], "texture": "#0"},
				"west": {"uv": [1.5, 0, 1.875, 9], "texture": "#0"},
				"up": {"uv": [2.875, 0.875, 2.5, 0.5], "texture": "#0"},
				"down": {"uv": [2.875, 1, 2.5, 1.375], "texture": "#0"}
			}
		},
		{
			"from": [7.5, 1.8, 7.5],
			"to": [8.5, 2.6, 8.5],
			"faces": {
				"north": {"uv": [2, 1, 2.5, 1.375], "texture": "#0"},
				"east": {"uv": [2, 1.5, 2.5, 1.875], "texture": "#0"},
				"south": {"uv": [2, 2, 2.5, 2.375], "texture": "#0"},
				"west": {"uv": [2.5, 0, 3, 0.375], "texture": "#0"},
				"up": {"uv": [2.5, 0.5, 2, 0], "texture": "#0"},
				"down": {"uv": [2.5, 0.5, 2, 1], "texture": "#0"}
			}
		},
		{
			"from": [7.6, 1, 7.6],
			"to": [8.4, 1.8, 8.4],
			"faces": {
				"north": {"uv": [2.5, 1.5, 2.875, 1.875], "texture": "#0"},
				"east": {"uv": [2, 2.5, 2.375, 2.875], "texture": "#0"},
				"south": {"uv": [2.5, 2, 2.875, 2.375], "texture": "#0"},
				"west": {"uv": [2.5, 2.5, 2.875, 2.875], "texture": "#0"},
				"up": {"uv": [3.375, 0.375, 3, 0], "texture": "#0"},
				"down": {"uv": [3.375, 0.5, 3, 0.875], "texture": "#0"}
			}
		},
		{
			"from": [7.7, 0.2, 7.7],
			"to": [8.3, 1, 8.3],
			"faces": {
				"north": {"uv": [3, 1, 3.25, 1.375], "texture": "#0"},
				"east": {"uv": [3, 1.5, 3.25, 1.875], "texture": "#0"},
				"south": {"uv": [2, 3, 2.25, 3.375], "texture": "#0"},
				"west": {"uv": [3, 2, 3.25, 2.375], "texture": "#0"},
				"up": {"uv": [2.75, 3.25, 2.5, 3], "texture": "#0"},
				"down": {"uv": [3.25, 2.5, 3, 2.75], "texture": "#0"}
			}
		},
		{
			"from": [7.7, 26.6, 3.8],
			"to": [8.3, 29.4, 4.8],
			"rotation": {"angle": 0, "axis": "y", "origin": [0, 2.8, -0.8]},
			"faces": {
				"north": {"uv": [7.5, 2, 7.65625, 2.6875], "texture": "#1"},
				"east": {"uv": [6.75, 2.5, 7, 3.1875], "texture": "#1"},
				"south": {"uv": [2.5, 7.5, 2.65625, 8.1875], "texture": "#1"},
				"west": {"uv": [6.75, 3.25, 7, 3.9375], "texture": "#1"},
				"up": {"uv": [6.40625, 1.25, 6.25, 1], "texture": "#1"},
				"down": {"uv": [7.15625, 5.25, 7, 5.5], "texture": "#1"}
			}
		},
		{
			"from": [7.7, 28.6364, 2.9565],
			"to": [8.3, 31.4364, 3.9565],
			"rotation": {"angle": -45, "axis": "x", "origin": [8, 30.0364, 3.4565]},
			"faces": {
				"north": {"uv": [2.75, 7.5, 2.90625, 8.1875], "texture": "#1"},
				"east": {"uv": [6.75, 4, 7, 4.6875], "texture": "#1"},
				"south": {"uv": [7.5, 2.75, 7.65625, 3.4375], "texture": "#1"},
				"west": {"uv": [6.75, 4.75, 7, 5.4375], "texture": "#1"},
				"up": {"uv": [4.40625, 8, 4.25, 7.75], "texture": "#1"},
				"down": {"uv": [7.90625, 4.25, 7.75, 4.5], "texture": "#1"}
			}
		},
		{
			"from": [7.6, 29.6364, 11.2435],
			"to": [8.2, 30.6364, 14.0435],
			"rotation": {"angle": -45, "axis": "x", "origin": [7.9, 30.1364, 12.6435]},
			"faces": {
				"north": {"uv": [7.75, 4.5, 7.90625, 4.75], "texture": "#1"},
				"east": {"uv": [6.75, 5.5, 7.4375, 5.75], "texture": "#1"},
				"south": {"uv": [4.75, 7.75, 4.90625, 8], "texture": "#1"},
				"west": {"uv": [6.75, 5.75, 7.4375, 6], "texture": "#1"},
				"up": {"uv": [7.65625, 4.1875, 7.5, 3.5], "texture": "#1"},
				"down": {"uv": [7.65625, 4.25, 7.5, 4.9375], "texture": "#1"}
			}
		},
		{
			"from": [7.7, 28.49513, -3.35372],
			"to": [8.3, 31.29513, -2.35372],
			"rotation": {"angle": 22.5, "axis": "x", "origin": [8, 29.89513, -2.85372]},
			"faces": {
				"north": {"uv": [7.5, 5, 7.65625, 5.6875], "texture": "#1"},
				"east": {"uv": [6.75, 6.25, 7, 6.9375], "texture": "#1"},
				"south": {"uv": [5.75, 7.5, 5.90625, 8.1875], "texture": "#1"},
				"west": {"uv": [7, 0, 7.25, 0.6875], "texture": "#1"},
				"up": {"uv": [7.90625, 5, 7.75, 4.75], "texture": "#1"},
				"down": {"uv": [7.90625, 5, 7.75, 5.25], "texture": "#1"}
			}
		},
		{
			"from": [7.6, 28.59513, 18.45372],
			"to": [8.2, 31.39513, 19.45372],
			"rotation": {"angle": -22.5, "axis": "x", "origin": [7.9, 29.99513, 18.95372]},
			"faces": {
				"north": {"uv": [6, 7.5, 6.15625, 8.1875], "texture": "#1"},
				"east": {"uv": [7, 0.75, 7.25, 1.4375], "texture": "#1"},
				"south": {"uv": [6.25, 7.5, 6.40625, 8.1875], "texture": "#1"},
				"west": {"uv": [7, 1.5, 7.25, 2.1875], "texture": "#1"},
				"up": {"uv": [5.40625, 8, 5.25, 7.75], "texture": "#1"},
				"down": {"uv": [7.90625, 5.25, 7.75, 5.5], "texture": "#1"}
			}
		},
		{
			"from": [7.7, 21.19513, -3.35372],
			"to": [8.3, 25.29513, -2.35372],
			"rotation": {"angle": 22.5, "axis": "x", "origin": [8, 22.59513, -2.85372]},
			"faces": {
				"north": {"uv": [7, 2.75, 7.15625, 3.78125], "texture": "#1"},
				"east": {"uv": [1.75, 4.75, 2, 5.78125], "texture": "#1"},
				"south": {"uv": [3, 7, 3.15625, 8.03125], "texture": "#1"},
				"west": {"uv": [4.75, 2.75, 5, 3.78125], "texture": "#1"},
				"up": {"uv": [5.65625, 8, 5.5, 7.75], "texture": "#1"},
				"down": {"uv": [7.90625, 5.5, 7.75, 5.75], "texture": "#1"}
			}
		},
		{
			"from": [7.6, 21.29513, 18.45372],
			"to": [8.2, 25.39513, 19.45372],
			"rotation": {"angle": -22.5, "axis": "x", "origin": [7.9, 22.69513, 18.95372]},
			"faces": {
				"north": {"uv": [4, 7, 4.15625, 8.03125], "texture": "#1"},
				"east": {"uv": [3.25, 4.75, 3.5, 5.78125], "texture": "#1"},
				"south": {"uv": [7, 4, 7.15625, 5.03125], "texture": "#1"},
				"west": {"uv": [3.5, 4.75, 3.75, 5.78125], "texture": "#1"},
				"up": {"uv": [7.90625, 6.75, 7.75, 6.5], "texture": "#1"},
				"down": {"uv": [6.90625, 7.75, 6.75, 8], "texture": "#1"}
			}
		},
		{
			"from": [7.7, 24.32696, -0.97929],
			"to": [8.3, 26.82696, 0.02071],
			"rotation": {"angle": 45, "axis": "x", "origin": [8, 26.37696, -0.47929]},
			"faces": {
				"north": {"uv": [7, 7.5, 7.15625, 8.125], "texture": "#1"},
				"east": {"uv": [4.25, 7, 4.5, 7.625], "texture": "#1"},
				"south": {"uv": [7.25, 7.5, 7.40625, 8.125], "texture": "#1"},
				"west": {"uv": [4.75, 7, 5, 7.625], "texture": "#1"},
				"up": {"uv": [7.90625, 7, 7.75, 6.75], "texture": "#1"},
				"down": {"uv": [7.90625, 7, 7.75, 7.25], "texture": "#1"}
			}
		},
		{
			"from": [7.6, 24.66127, 16.64497],
			"to": [8.2, 27.16127, 17.64497],
			"rotation": {"angle": -45, "axis": "x", "origin": [7.9, 25.91127, 17.14497]},
			"faces": {
				"north": {"uv": [7.5, 7.25, 7.65625, 7.875], "texture": "#1"},
				"east": {"uv": [7, 6, 7.25, 6.625], "texture": "#1"},
				"south": {"uv": [7.75, 0, 7.90625, 0.625], "texture": "#1"},
				"west": {"uv": [6.75, 7, 7, 7.625], "texture": "#1"},
				"up": {"uv": [7.90625, 7.5, 7.75, 7.25], "texture": "#1"},
				"down": {"uv": [7.90625, 7.5, 7.75, 7.75], "texture": "#1"}
			}
		},
		{
			"from": [7.7, 23.63909, 3.61691],
			"to": [8.3, 27.13909, 4.61691],
			"rotation": {"angle": 45, "axis": "x", "origin": [8, 26.58909, 4.11691]},
			"faces": {
				"north": {"uv": [3.5, 7.25, 3.65625, 8.125], "texture": "#1"},
				"east": {"uv": [5.5, 0.5, 5.75, 1.375], "texture": "#1"},
				"south": {"uv": [7.25, 3.5, 7.40625, 4.375], "texture": "#1"},
				"west": {"uv": [6.25, 0, 6.5, 0.875], "texture": "#1"},
				"up": {"uv": [7.90625, 8, 7.75, 7.75], "texture": "#1"},
				"down": {"uv": [0.15625, 8, 0, 8.25], "texture": "#1"}
			}
		},
		{
			"from": [7.2, 29.7, 7.2],
			"to": [8.8, 30.3, 8.8],
			"faces": {
				"north": {"uv": [7.5, 5.75, 7.90625, 5.90625], "texture": "#1"},
				"east": {"uv": [1, 7.75, 1.40625, 7.90625], "texture": "#1"},
				"south": {"uv": [7.75, 1.25, 8.15625, 1.40625], "texture": "#1"},
				"west": {"uv": [7.75, 1.5, 8.15625, 1.65625], "texture": "#1"},
				"up": {"uv": [7.40625, 2.65625, 7, 2.25], "texture": "#1"},
				"down": {"uv": [2.90625, 7, 2.5, 7.40625], "texture": "#1"}
			}
		},
		{
			"from": [6.7, 30.3, 5.1],
			"to": [9.3, 31, 10.9],
			"faces": {
				"north": {"uv": [7.25, 6, 7.90625, 6.1875], "texture": "#1"},
				"east": {"uv": [4.75, 1.5, 6.1875, 1.6875], "texture": "#1"},
				"south": {"uv": [7.25, 6.25, 7.90625, 6.4375], "texture": "#1"},
				"west": {"uv": [4.75, 1.75, 6.1875, 1.9375], "texture": "#1"},
				"up": {"uv": [3.40625, 1.4375, 2.75, 0], "texture": "#1"},
				"down": {"uv": [3.40625, 1.5, 2.75, 2.9375], "texture": "#1"}
			}
		},
		{
			"from": [6.2, 31, 4.5],
			"to": [9.8, 32, 11.5],
			"faces": {
				"north": {"uv": [6, 1.25, 6.90625, 1.5], "texture": "#1"},
				"east": {"uv": [4, 0, 5.75, 0.25], "texture": "#1"},
				"south": {"uv": [6, 6, 6.90625, 6.25], "texture": "#1"},
				"west": {"uv": [4, 0.25, 5.75, 0.5], "texture": "#1"},
				"up": {"uv": [2.65625, 1.75, 1.75, 0], "texture": "#1"},
				"down": {"uv": [2.65625, 1.75, 1.75, 3.5], "texture": "#1"}
			}
		},
		{
			"from": [7.1, 20.7, 7],
			"to": [8.9, 22.8, 9],
			"faces": {
				"north": {"uv": [6, 4.5, 6.4375, 5.03125], "texture": "#1"},
				"east": {"uv": [4.75, 2, 5.25, 2.53125], "texture": "#1"},
				"south": {"uv": [6, 5.25, 6.4375, 5.78125], "texture": "#1"},
				"west": {"uv": [2.75, 4.75, 3.25, 5.28125], "texture": "#1"},
				"up": {"uv": [6.6875, 2, 6.25, 1.5], "texture": "#1"},
				"down": {"uv": [6.6875, 2, 6.25, 2.5], "texture": "#1"}
			}
		},
		{
			"from": [7.1, 22.8, 4.5],
			"to": [8.9, 29.7, 11.5],
			"faces": {
				"north": {"uv": [0, 3.5, 0.4375, 5.21875], "texture": "#1"},
				"east": {"uv": [0, 0, 1.75, 1.71875], "texture": "#1"},
				"south": {"uv": [3.5, 0, 3.9375, 1.71875], "texture": "#1"},
				"west": {"uv": [0, 1.75, 1.75, 3.46875], "texture": "#1"},
				"up": {"uv": [3.1875, 4.75, 2.75, 3], "texture": "#1"},
				"down": {"uv": [3.6875, 3, 3.25, 4.75], "texture": "#1"}
			}
		},
		{
			"from": [7.6, 24.09056, 12.33162],
			"to": [8.2, 27.59056, 13.33162],
			"rotation": {"angle": -45, "axis": "x", "origin": [7.9, 25.84056, 12.83162]},
			"faces": {
				"north": {"uv": [4.5, 7.25, 4.65625, 8.125], "texture": "#1"},
				"east": {"uv": [1.5, 6.25, 1.75, 7.125], "texture": "#1"},
				"south": {"uv": [7.25, 4.5, 7.40625, 5.375], "texture": "#1"},
				"west": {"uv": [6.25, 2.5, 6.5, 3.375], "texture": "#1"},
				"up": {"uv": [8.15625, 0.25, 8, 0], "texture": "#1"},
				"down": {"uv": [8.15625, 0.25, 8, 0.5], "texture": "#1"}
			}
		},
		{
			"from": [7.7, 23.25417, 0.22279],
			"to": [8.3, 26.35417, 1.22279],
			"rotation": {"angle": -45, "axis": "x", "origin": [8, 25.10417, 0.72279]},
			"faces": {
				"north": {"uv": [5, 7.25, 5.15625, 8.03125], "texture": "#1"},
				"east": {"uv": [6.25, 3.5, 6.5, 4.28125], "texture": "#1"},
				"south": {"uv": [7.25, 6.5, 7.40625, 7.28125], "texture": "#1"},
				"west": {"uv": [6.5, 5, 6.75, 5.78125], "texture": "#1"},
				"up": {"uv": [8.15625, 0.75, 8, 0.5], "texture": "#1"},
				"down": {"uv": [8.15625, 0.75, 8, 1], "texture": "#1"}
			}
		},
		{
			"from": [7.6, 23.35417, 14.87721],
			"to": [8.2, 26.45417, 15.87721],
			"rotation": {"angle": 45, "axis": "x", "origin": [7.9, 25.20417, 15.37721]},
			"faces": {
				"north": {"uv": [7.5, 0, 7.65625, 0.78125], "texture": "#1"},
				"east": {"uv": [0.25, 6.75, 0.5, 7.53125], "texture": "#1"},
				"south": {"uv": [7.5, 1, 7.65625, 1.78125], "texture": "#1"},
				"west": {"uv": [6.75, 1.5, 7, 2.28125], "texture": "#1"},
				"up": {"uv": [1.15625, 8.25, 1, 8], "texture": "#1"},
				"down": {"uv": [8.15625, 1, 8, 1.25], "texture": "#1"}
			}
		},
		{
			"from": [7.7, 21.49304, -3.85141],
			"to": [8.3, 28.79304, -2.85141],
			"rotation": {"angle": 0, "axis": "x", "origin": [8, 27.39304, -3.35141]},
			"faces": {
				"north": {"uv": [4, 1.5, 4.15625, 3.3125], "texture": "#1"},
				"east": {"uv": [2, 3.5, 2.25, 5.3125], "texture": "#1"},
				"south": {"uv": [4, 3.5, 4.15625, 5.3125], "texture": "#1"},
				"west": {"uv": [2.25, 3.5, 2.5, 5.3125], "texture": "#1"},
				"up": {"uv": [1.40625, 8.25, 1.25, 8], "texture": "#1"},
				"down": {"uv": [1.65625, 8, 1.5, 8.25], "texture": "#1"}
			}
		},
		{
			"from": [7.6, 23.79304, -3.05141],
			"to": [8.4, 28.79304, -2.25141],
			"rotation": {"angle": 0, "axis": "y", "origin": [8, 27.39304, -3.35141]},
			"faces": {
				"north": {"uv": [5.75, 5, 5.9375, 6.25], "texture": "#1"},
				"east": {"uv": [6, 0, 6.1875, 1.25], "texture": "#1"},
				"south": {"uv": [1.75, 6, 1.9375, 7.25], "texture": "#1"},
				"west": {"uv": [6, 2, 6.1875, 3.25], "texture": "#1"},
				"up": {"uv": [8.1875, 3.4375, 8, 3.25], "texture": "#1"},
				"down": {"uv": [8.1875, 3.5, 8, 3.6875], "texture": "#1"}
			}
		},
		{
			"from": [7.5, 26.69304, 11.64859],
			"to": [8.3, 29.69304, 12.44859],
			"rotation": {"angle": 0, "axis": "y", "origin": [7.9, 27.94304, 2.39859]},
			"faces": {
				"north": {"uv": [7, 6.75, 7.1875, 7.5], "texture": "#1"},
				"east": {"uv": [7.25, 0, 7.4375, 0.75], "texture": "#1"},
				"south": {"uv": [7.25, 0.75, 7.4375, 1.5], "texture": "#1"},
				"west": {"uv": [1.5, 7.25, 1.6875, 8], "texture": "#1"},
				"up": {"uv": [8.1875, 3.9375, 8, 3.75], "texture": "#1"},
				"down": {"uv": [8.1875, 4, 8, 4.1875], "texture": "#1"}
			}
		},
		{
			"from": [7.5, 25.99304, 12.44859],
			"to": [8.3, 30.59304, 13.24859],
			"rotation": {"angle": 0, "axis": "y", "origin": [7.9, 27.94304, 2.39859]},
			"faces": {
				"north": {"uv": [5.75, 6.25, 5.9375, 7.40625], "texture": "#1"},
				"east": {"uv": [6, 6.25, 6.1875, 7.40625], "texture": "#1"},
				"south": {"uv": [6.25, 6.25, 6.4375, 7.40625], "texture": "#1"},
				"west": {"uv": [6.5, 0, 6.6875, 1.15625], "texture": "#1"},
				"up": {"uv": [4.4375, 8.1875, 4.25, 8], "texture": "#1"},
				"down": {"uv": [8.1875, 4.25, 8, 4.4375], "texture": "#1"}
			}
		},
		{
			"from": [7.5, 25.19304, 13.24859],
			"to": [8.3, 30.59304, 14.04859],
			"rotation": {"angle": 0, "axis": "y", "origin": [7.9, 27.94304, 2.39859]},
			"faces": {
				"north": {"uv": [4.75, 4, 4.9375, 5.34375], "texture": "#1"},
				"east": {"uv": [5, 2.75, 5.1875, 4.09375], "texture": "#1"},
				"south": {"uv": [3.75, 5, 3.9375, 6.34375], "texture": "#1"},
				"west": {"uv": [5, 4.25, 5.1875, 5.59375], "texture": "#1"},
				"up": {"uv": [8.1875, 4.6875, 8, 4.5], "texture": "#1"},
				"down": {"uv": [4.9375, 8, 4.75, 8.1875], "texture": "#1"}
			}
		},
		{
			"from": [7.5, 24.69304, 14.04859],
			"to": [8.3, 30.59304, 14.84859],
			"rotation": {"angle": 0, "axis": "y", "origin": [7.9, 27.94304, 2.39859]},
			"faces": {
				"north": {"uv": [4.5, 1.5, 4.6875, 2.96875], "texture": "#1"},
				"east": {"uv": [4.5, 3, 4.6875, 4.46875], "texture": "#1"},
				"south": {"uv": [4.5, 4.5, 4.6875, 5.96875], "texture": "#1"},
				"west": {"uv": [0.5, 4.75, 0.6875, 6.21875], "texture": "#1"},
				"up": {"uv": [8.1875, 4.9375, 8, 4.75], "texture": "#1"},
				"down": {"uv": [8.1875, 5, 8, 5.1875], "texture": "#1"}
			}
		},
		{
			"from": [7.5, 25.39304, 14.84859],
			"to": [8.3, 30.59304, 15.64859],
			"rotation": {"angle": 0, "axis": "y", "origin": [7.9, 27.94304, 2.39859]},
			"faces": {
				"north": {"uv": [5.25, 5, 5.4375, 6.3125], "texture": "#1"},
				"east": {"uv": [2, 5.5, 2.1875, 6.8125], "texture": "#1"},
				"south": {"uv": [5.5, 2, 5.6875, 3.3125], "texture": "#1"},
				"west": {"uv": [2.25, 5.5, 2.4375, 6.8125], "texture": "#1"},
				"up": {"uv": [5.4375, 8.1875, 5.25, 8], "texture": "#1"},
				"down": {"uv": [8.1875, 5.25, 8, 5.4375], "texture": "#1"}
			}
		},
		{
			"from": [7.5, 26.19304, 15.64859],
			"to": [8.3, 30.59304, 17.54859],
			"rotation": {"angle": 0, "axis": "y", "origin": [7.9, 27.94304, 2.39859]},
			"faces": {
				"north": {"uv": [5.5, 6.5, 5.6875, 7.59375], "texture": "#1"},
				"east": {"uv": [0.5, 3.5, 0.96875, 4.59375], "texture": "#1"},
				"south": {"uv": [6.5, 6.25, 6.6875, 7.34375], "texture": "#1"},
				"west": {"uv": [1, 3.5, 1.46875, 4.59375], "texture": "#1"},
				"up": {"uv": [0.4375, 8.21875, 0.25, 7.75], "texture": "#1"},
				"down": {"uv": [0.6875, 7.75, 0.5, 8.21875], "texture": "#1"}
			}
		},
		{
			"from": [7.5, 25.39304, 17.54859],
			"to": [8.3, 30.59304, 18.34859],
			"rotation": {"angle": 0, "axis": "y", "origin": [7.9, 27.94304, 2.39859]},
			"faces": {
				"north": {"uv": [2.5, 5.5, 2.6875, 6.8125], "texture": "#1"},
				"east": {"uv": [2.75, 5.5, 2.9375, 6.8125], "texture": "#1"},
				"south": {"uv": [3, 5.5, 3.1875, 6.8125], "texture": "#1"},
				"west": {"uv": [5.5, 3.5, 5.6875, 4.8125], "texture": "#1"},
				"up": {"uv": [5.6875, 8.1875, 5.5, 8], "texture": "#1"},
				"down": {"uv": [8.1875, 5.5, 8, 5.6875], "texture": "#1"}
			}
		},
		{
			"from": [7.5, 28.89304, 18.34859],
			"to": [8.3, 30.09304, 18.94859],
			"rotation": {"angle": 0, "axis": "y", "origin": [7.9, 27.94304, 2.39859]},
			"faces": {
				"north": {"uv": [7.75, 1.75, 7.9375, 2.0625], "texture": "#1"},
				"east": {"uv": [7.75, 2.75, 7.90625, 3.0625], "texture": "#1"},
				"south": {"uv": [2, 7.75, 2.1875, 8.0625], "texture": "#1"},
				"west": {"uv": [7.75, 3.25, 7.90625, 3.5625], "texture": "#1"},
				"up": {"uv": [8.4375, 0.15625, 8.25, 0], "texture": "#1"},
				"down": {"uv": [0.4375, 8.25, 0.25, 8.40625], "texture": "#1"}
			}
		},
		{
			"from": [7.5, 23.89304, 18.34859],
			"to": [8.3, 28.89304, 19.14859],
			"rotation": {"angle": 0, "axis": "y", "origin": [7.9, 27.94304, 2.39859]},
			"faces": {
				"north": {"uv": [3.25, 6, 3.4375, 7.25], "texture": "#1"},
				"east": {"uv": [6, 3.25, 6.1875, 4.5], "texture": "#1"},
				"south": {"uv": [3.5, 6, 3.6875, 7.25], "texture": "#1"},
				"west": {"uv": [4.5, 6, 4.6875, 7.25], "texture": "#1"},
				"up": {"uv": [8.1875, 5.9375, 8, 5.75], "texture": "#1"},
				"down": {"uv": [8.1875, 6, 8, 6.1875], "texture": "#1"}
			}
		},
		{
			"from": [7.6, 28.79304, -2.85141],
			"to": [8.4, 29.99304, -2.25141],
			"rotation": {"angle": 0, "axis": "y", "origin": [8, 27.39304, -3.35141]},
			"faces": {
				"north": {"uv": [2.25, 7.75, 2.4375, 8.0625], "texture": "#1"},
				"east": {"uv": [3.75, 7.75, 3.90625, 8.0625], "texture": "#1"},
				"south": {"uv": [7.75, 2.25, 7.9375, 2.5625], "texture": "#1"},
				"west": {"uv": [7.75, 3.75, 7.90625, 4.0625], "texture": "#1"},
				"up": {"uv": [8.4375, 0.40625, 8.25, 0.25], "texture": "#1"},
				"down": {"uv": [0.6875, 8.25, 0.5, 8.40625], "texture": "#1"}
			}
		},
		{
			"from": [7.6, 25.29304, -2.25141],
			"to": [8.4, 30.49304, -1.45141],
			"rotation": {"angle": 0, "axis": "y", "origin": [8, 27.39304, -3.35141]},
			"faces": {
				"north": {"uv": [4, 5.5, 4.1875, 6.8125], "texture": "#1"},
				"east": {"uv": [4.25, 5.5, 4.4375, 6.8125], "texture": "#1"},
				"south": {"uv": [4.75, 5.5, 4.9375, 6.8125], "texture": "#1"},
				"west": {"uv": [5.5, 5, 5.6875, 6.3125], "texture": "#1"},
				"up": {"uv": [8.1875, 6.4375, 8, 6.25], "texture": "#1"},
				"down": {"uv": [8.1875, 6.5, 8, 6.6875], "texture": "#1"}
			}
		},
		{
			"from": [7.6, 26.09304, -1.45141],
			"to": [8.4, 30.49304, 0.44859],
			"rotation": {"angle": 0, "axis": "y", "origin": [8, 27.39304, -3.35141]},
			"faces": {
				"north": {"uv": [0, 6.75, 0.1875, 7.84375], "texture": "#1"},
				"east": {"uv": [1.5, 3.5, 1.96875, 4.59375], "texture": "#1"},
				"south": {"uv": [6.75, 0, 6.9375, 1.09375], "texture": "#1"},
				"west": {"uv": [3.5, 1.75, 3.96875, 2.84375], "texture": "#1"},
				"up": {"uv": [0.9375, 8.21875, 0.75, 7.75], "texture": "#1"},
				"down": {"uv": [7.9375, 0.75, 7.75, 1.21875], "texture": "#1"}
			}
		},
		{
			"from": [7.6, 25.29304, 0.44859],
			"to": [8.4, 30.49304, 1.24859],
			"rotation": {"angle": 0, "axis": "y", "origin": [8, 27.39304, -3.35141]},
			"faces": {
				"north": {"uv": [5.75, 0, 5.9375, 1.3125], "texture": "#1"},
				"east": {"uv": [5.75, 2, 5.9375, 3.3125], "texture": "#1"},
				"south": {"uv": [5.75, 3.5, 5.9375, 4.8125], "texture": "#1"},
				"west": {"uv": [5, 5.75, 5.1875, 7.0625], "texture": "#1"},
				"up": {"uv": [6.9375, 8.1875, 6.75, 8], "texture": "#1"},
				"down": {"uv": [8.1875, 6.75, 8, 6.9375], "texture": "#1"}
			}
		},
		{
			"from": [7.6, 24.59304, 1.24859],
			"to": [8.4, 30.49304, 2.04859],
			"rotation": {"angle": 0, "axis": "y", "origin": [8, 27.39304, -3.35141]},
			"faces": {
				"north": {"uv": [0.75, 4.75, 0.9375, 6.21875], "texture": "#1"},
				"east": {"uv": [1, 4.75, 1.1875, 6.21875], "texture": "#1"},
				"south": {"uv": [1.25, 4.75, 1.4375, 6.21875], "texture": "#1"},
				"west": {"uv": [1.5, 4.75, 1.6875, 6.21875], "texture": "#1"},
				"up": {"uv": [8.1875, 7.1875, 8, 7], "texture": "#1"},
				"down": {"uv": [8.1875, 7.25, 8, 7.4375], "texture": "#1"}
			}
		},
		{
			"from": [7.6, 25.09304, 2.04859],
			"to": [8.4, 30.49304, 2.84859],
			"rotation": {"angle": 0, "axis": "y", "origin": [8, 27.39304, -3.35141]},
			"faces": {
				"north": {"uv": [0, 5.25, 0.1875, 6.59375], "texture": "#1"},
				"east": {"uv": [0.25, 5.25, 0.4375, 6.59375], "texture": "#1"},
				"south": {"uv": [5.25, 2, 5.4375, 3.34375], "texture": "#1"},
				"west": {"uv": [5.25, 3.5, 5.4375, 4.84375], "texture": "#1"},
				"up": {"uv": [7.6875, 8.1875, 7.5, 8], "texture": "#1"},
				"down": {"uv": [8.1875, 7.5, 8, 7.6875], "texture": "#1"}
			}
		},
		{
			"from": [7.6, 25.89304, 2.84859],
			"to": [8.4, 30.49304, 3.64859],
			"rotation": {"angle": 0, "axis": "y", "origin": [8, 27.39304, -3.35141]},
			"faces": {
				"north": {"uv": [6.5, 2.5, 6.6875, 3.65625], "texture": "#1"},
				"east": {"uv": [3.75, 6.5, 3.9375, 7.65625], "texture": "#1"},
				"south": {"uv": [6.5, 3.75, 6.6875, 4.90625], "texture": "#1"},
				"west": {"uv": [5.25, 6.5, 5.4375, 7.65625], "texture": "#1"},
				"up": {"uv": [7.9375, 8.1875, 7.75, 8], "texture": "#1"},
				"down": {"uv": [8.1875, 7.75, 8, 7.9375], "texture": "#1"}
			}
		},
		{
			"from": [7.6, 26.59304, 3.64859],
			"to": [8.4, 29.59304, 4.44859],
			"rotation": {"angle": 0, "axis": "y", "origin": [8, 27.39304, -3.35141]},
			"faces": {
				"north": {"uv": [7.25, 1.5, 7.4375, 2.25], "texture": "#1"},
				"east": {"uv": [1.75, 7.25, 1.9375, 8], "texture": "#1"},
				"south": {"uv": [7.25, 2.75, 7.4375, 3.5], "texture": "#1"},
				"west": {"uv": [3.25, 7.25, 3.4375, 8], "texture": "#1"},
				"up": {"uv": [8.1875, 8.1875, 8, 8], "texture": "#1"},
				"down": {"uv": [0.1875, 8.25, 0, 8.4375], "texture": "#1"}
			}
		},
		{
			"from": [7.6, 21.59304, 18.95141],
			"to": [8.2, 28.89304, 19.95141],
			"rotation": {"angle": 0, "axis": "y", "origin": [7.9, 27.49304, 19.45141]},
			"faces": {
				"north": {"uv": [4.25, 1.5, 4.40625, 3.3125], "texture": "#1"},
				"east": {"uv": [2.5, 3.5, 2.75, 5.3125], "texture": "#1"},
				"south": {"uv": [4.25, 3.5, 4.40625, 5.3125], "texture": "#1"},
				"west": {"uv": [3.75, 3, 4, 4.8125], "texture": "#1"},
				"up": {"uv": [1.90625, 8.25, 1.75, 8], "texture": "#1"},
				"down": {"uv": [8.15625, 1.75, 8, 2], "texture": "#1"}
			}
		},
		{
			"from": [7.7, 30.3799, -2.7799],
			"to": [8.3, 31.3799, 2.8201],
			"rotation": {"angle": 0, "axis": "x", "origin": [8, 30.8799, 1.4201]},
			"faces": {
				"north": {"uv": [8, 2, 8.15625, 2.25], "texture": "#1"},
				"east": {"uv": [4, 0.5, 5.40625, 0.75], "texture": "#1"},
				"south": {"uv": [8, 2.25, 8.15625, 2.5], "texture": "#1"},
				"west": {"uv": [4, 0.75, 5.40625, 1], "texture": "#1"},
				"up": {"uv": [0.65625, 7.65625, 0.5, 6.25], "texture": "#1"},
				"down": {"uv": [0.90625, 6.25, 0.75, 7.65625], "texture": "#1"}
			}
		},
		{
			"from": [7.6, 30.4799, 13.2799],
			"to": [8.2, 31.4799, 18.8799],
			"rotation": {"angle": 0, "axis": "y", "origin": [7.9, 30.9799, 17.4799]},
			"faces": {
				"north": {"uv": [8, 2.5, 8.15625, 2.75], "texture": "#1"},
				"east": {"uv": [4, 1, 5.40625, 1.25], "texture": "#1"},
				"south": {"uv": [8, 2.75, 8.15625, 3], "texture": "#1"},
				"west": {"uv": [4, 1.25, 5.40625, 1.5], "texture": "#1"},
				"up": {"uv": [1.15625, 7.65625, 1, 6.25], "texture": "#1"},
				"down": {"uv": [1.40625, 6.25, 1.25, 7.65625], "texture": "#1"}
			}
		},
		{
			"from": [7.6, 26.7, 11.3],
			"to": [8.2, 29.5, 12.3],
			"rotation": {"angle": 0, "axis": "y", "origin": [-0.1, 2.9, 0.9]},
			"faces": {
				"north": {"uv": [6.5, 7.5, 6.65625, 8.1875], "texture": "#1"},
				"east": {"uv": [2, 7, 2.25, 7.6875], "texture": "#1"},
				"south": {"uv": [7.5, 6.5, 7.65625, 7.1875], "texture": "#1"},
				"west": {"uv": [2.25, 7, 2.5, 7.6875], "texture": "#1"},
				"up": {"uv": [8.15625, 3.25, 8, 3], "texture": "#1"},
				"down": {"uv": [3.40625, 8, 3.25, 8.25], "texture": "#1"}
			}
		}
	],
	"display": {
		"thirdperson_righthand": {
			"translation": [0, 0, 1.5]
		},
		"thirdperson_lefthand": {
			"translation": [0, 0, 1.5]
		},
		"firstperson_righthand": {
			"translation": [0, -1.75, 0]
		},
		"firstperson_lefthand": {
			"translation": [0, -1.75, 0]
		},
		"ground": {
			"rotation": [0, 0, 180],
			"translation": [0, 22.75, 0]
		},
		"gui": {
			"rotation": [49, 56, -40],
			"translation": [-2.25, -4.25, 0],
			"scale": [0.47, 0.47, 0.47]
		},
		"fixed": {
			"rotation": [0, -90, 0],
			"translation": [0, -7.25, -1]
		}
	},
	"groups": [
		{
			"name": "group",
			"origin": [8, 8, 8],
			"color": 0,
			"children": [0, 1, 2, 3]
		},
		{
			"name": "group",
			"origin": [0, 0, 0],
			"color": 0,
			"children": [4, 5, 6, 7, 8, 9, 10, 11, 12, 13, 14, 15, 16, 17, 18, 19, 20, 21, 22, 23, 24, 25, 26, 27, 28, 29, 30, 31, 32, 33, 34, 35, 36, 37, 38, 39, 40, 41, 42, 43, 44]
		}
	]
}