{
	"credit": "Made with Blockbench",
	"texture_size": [32, 32],
	"textures": {
		"0": "simplyswords:item/great_deku_sword_hilt",
		"1": "simplyswords:item/great_deku_sword_blade",
		"particle": "simplyswords:item/great_deku_sword_hilt"
	},
	"elements": [
		{
			"from": [7, 28.8, 7.9],
			"to": [8.1, 29.9, 8.1],
			"rotation": {"angle": -45, "axis": "z", "origin": [8, 28.9, 8]},
			"faces": {
				"north": {"uv": [9, 6, 9.5625, 6.5625], "texture": "#1"},
				"east": {"uv": [10.5, 10, 10.5625, 10.5625], "texture": "#1"},
				"south": {"uv": [9, 7, 9.5625, 7.5625], "texture": "#1"},
				"west": {"uv": [11, 1.5, 11.0625, 2.0625], "texture": "#1"},
				"up": {"uv": [11.5625, 2.5625, 11, 2.5], "texture": "#1"},
				"down": {"uv": [11.5625, 4.5, 11, 4.5625], "texture": "#1"}
			}
		},
		{
			"from": [6.35, 10.4864, 7.8],
			"to": [9.65, 14.5864, 8.2],
			"rotation": {"angle": 0, "axis": "z", "origin": [8, 29.5364, 7.95]},
			"faces": {
				"north": {"uv": [5, 0, 6.625, 2.0625], "texture": "#1"},
				"east": {"uv": [9.5, 8, 9.625, 10.0625], "texture": "#1"},
				"south": {"uv": [5, 2.5, 6.625, 4.5625], "texture": "#1"},
				"west": {"uv": [8.5, 9.5, 8.625, 11.5625], "texture": "#1"},
				"up": {"uv": [11.125, 4.125, 9.5, 4], "texture": "#1"},
				"down": {"uv": [11.625, 0, 10, 0.125], "texture": "#1"}
			}
		},
		{
			"from": [5.85, 14.5864, 7.8],
			"to": [10.15, 25.1864, 8.2],
			"rotation": {"angle": 0, "axis": "y", "origin": [8, 29.5364, 7.95]},
			"faces": {
				"north": {"uv": [0, 0, 2.125, 5.3125], "texture": "#1"},
				"east": {"uv": [7, 7, 7.125, 12.3125], "texture": "#1"},
				"south": {"uv": [2.5, 0, 4.625, 5.3125], "texture": "#1"},
				"west": {"uv": [7.5, 7, 7.625, 12.3125], "texture": "#1"},
				"up": {"uv": [11.625, 3.125, 9.5, 3], "texture": "#1"},
				"down": {"uv": [11.625, 3.5, 9.5, 3.625], "texture": "#1"}
			}
		},
		{
			"from": [6.55, 25.1864, 7.8],
			"to": [9.45, 27.0864, 8.2],
			"rotation": {"angle": 0, "axis": "y", "origin": [8, 29.5364, 7.95]},
			"faces": {
				"north": {"uv": [7, 3, 8.4375, 3.9375], "texture": "#1"},
				"east": {"uv": [10, 2, 10.125, 2.9375], "texture": "#1"},
				"south": {"uv": [7, 4, 8.4375, 4.9375], "texture": "#1"},
				"west": {"uv": [10, 4.5, 10.125, 5.4375], "texture": "#1"},
				"up": {"uv": [11.4375, 0.625, 10, 0.5], "texture": "#1"},
				"down": {"uv": [11.4375, 1, 10, 1.125], "texture": "#1"}
			}
		},
		{
			"from": [7.25, 27.0864, 7.8],
			"to": [8.75, 28.9864, 8.2],
			"rotation": {"angle": 0, "axis": "y", "origin": [8, 29.5364, 7.95]},
			"faces": {
				"north": {"uv": [7, 5, 7.75, 5.9375], "texture": "#1"},
				"east": {"uv": [5, 10, 5.125, 10.9375], "texture": "#1"},
				"south": {"uv": [7, 6, 7.75, 6.9375], "texture": "#1"},
				"west": {"uv": [5.5, 10, 5.625, 10.9375], "texture": "#1"},
				"up": {"uv": [10.75, 5.625, 10, 5.5], "texture": "#1"},
				"down": {"uv": [10.75, 6, 10, 6.125], "texture": "#1"}
			}
		},
		{
			"from": [7.65, 28.9864, 7.8],
			"to": [8.35, 29.6864, 8.2],
			"rotation": {"angle": 0, "axis": "y", "origin": [8, 29.5364, 7.95]},
			"faces": {
				"north": {"uv": [8.5, 4.5, 8.875, 4.875], "texture": "#1"},
				"east": {"uv": [10.5, 4.5, 10.625, 4.875], "texture": "#1"},
				"south": {"uv": [10, 1.5, 10.375, 1.875], "texture": "#1"},
				"west": {"uv": [10.5, 5, 10.625, 5.375], "texture": "#1"},
				"up": {"uv": [9.875, 10.625, 9.5, 10.5], "texture": "#1"},
				"down": {"uv": [10.875, 9.5, 10.5, 9.625], "texture": "#1"}
			}
		},
		{
			"from": [7.93016, 24.16779, 7.9],
			"to": [9.03016, 29.36779, 8.1],
			"rotation": {"angle": 22.5, "axis": "z", "origin": [8.48016, 28.81779, 8]},
			"faces": {
				"north": {"uv": [3, 5.5, 3.5625, 8.125], "texture": "#1"},
				"east": {"uv": [3, 10, 3.0625, 12.625], "texture": "#1"},
				"south": {"uv": [4, 5.5, 4.5625, 8.125], "texture": "#1"},
				"west": {"uv": [3.5, 10, 3.5625, 12.625], "texture": "#1"},
				"up": {"uv": [5.5625, 11.0625, 5, 11], "texture": "#1"},
				"down": {"uv": [11.5625, 5, 11, 5.0625], "texture": "#1"}
			}
		},
		{
			"from": [9.66777, 15.43222, 7.9],
			"to": [10.76777, 24.73222, 8.1],
			"rotation": {"angle": 0, "axis": "z", "origin": [10.21777, 22.13222, 8]},
			"faces": {
				"north": {"uv": [5, 5, 5.5625, 9.625], "texture": "#1"},
				"east": {"uv": [9, 8, 9.0625, 12.625], "texture": "#1"},
				"south": {"uv": [0, 5.5, 0.5625, 10.125], "texture": "#1"},
				"west": {"uv": [6, 9.5, 6.0625, 14.125], "texture": "#1"},
				"up": {"uv": [11.5625, 8.5625, 11, 8.5], "texture": "#1"},
				"down": {"uv": [11.5625, 9, 11, 9.0625], "texture": "#1"}
			}
		},
		{
			"from": [6.96984, 24.16779, 7.9],
			"to": [8.06984, 29.36779, 8.1],
			"rotation": {"angle": -22.5, "axis": "z", "origin": [7.51984, 28.81779, 8]},
			"faces": {
				"north": {"uv": [3.5625, 5.5, 3, 8.125], "texture": "#1"},
				"east": {"uv": [3.5625, 10, 3.5, 12.625], "texture": "#1"},
				"south": {"uv": [4.5625, 5.5, 4, 8.125], "texture": "#1"},
				"west": {"uv": [3.0625, 10, 3, 12.625], "texture": "#1"},
				"up": {"uv": [5, 11.0625, 5.5625, 11], "texture": "#1"},
				"down": {"uv": [11, 5, 11.5625, 5.0625], "texture": "#1"}
			}
		},
		{
			"from": [5.23223, 15.43222, 7.9],
			"to": [6.33223, 24.73222, 8.1],
			"rotation": {"angle": 0, "axis": "z", "origin": [5.78223, 22.13222, 8]},
			"faces": {
				"north": {"uv": [5.5625, 5, 5, 9.625], "texture": "#1"},
				"east": {"uv": [6.0625, 9.5, 6, 14.125], "texture": "#1"},
				"south": {"uv": [0.5625, 5.5, 0, 10.125], "texture": "#1"},
				"west": {"uv": [9.0625, 8, 9, 12.625], "texture": "#1"},
				"up": {"uv": [11, 8.5625, 11.5625, 8.5], "texture": "#1"},
				"down": {"uv": [11, 9, 11.5625, 9.0625], "texture": "#1"}
			}
		},
		{
			"from": [5.63045, 9.42627, 7.9],
			"to": [6.73045, 11.72627, 8.1],
			"rotation": {"angle": -22.5, "axis": "z", "origin": [6.18045, 10.57627, 8]},
			"faces": {
				"north": {"uv": [3, 8.5, 3.5625, 9.625], "texture": "#1"},
				"east": {"uv": [1.5, 10.5, 1.5625, 11.625], "texture": "#1"},
				"south": {"uv": [8.5, 3, 9.0625, 4.125], "texture": "#1"},
				"west": {"uv": [10.5, 1.5, 10.5625, 2.625], "texture": "#1"},
				"up": {"uv": [10.0625, 11.0625, 9.5, 11], "texture": "#1"},
				"down": {"uv": [11.5625, 9.5, 11, 9.5625], "texture": "#1"}
			}
		},
		{
			"from": [6.02867, 11.42825, 7.9],
			"to": [7.12867, 13.72825, 8.1],
			"rotation": {"angle": 0, "axis": "z", "origin": [6.57867, 12.57825, 8]},
			"faces": {
				"north": {"uv": [4, 8.5, 4.5625, 9.625], "texture": "#1"},
				"east": {"uv": [2, 10.5, 2.0625, 11.625], "texture": "#1"},
				"south": {"uv": [9, 0, 9.5625, 1.125], "texture": "#1"},
				"west": {"uv": [2.5, 10.5, 2.5625, 11.625], "texture": "#1"},
				"up": {"uv": [11.5625, 10.0625, 11, 10], "texture": "#1"},
				"down": {"uv": [11.0625, 11, 10.5, 11.0625], "texture": "#1"}
			}
		},
		{
			"from": [5.63045, 13.43024, 7.9],
			"to": [6.73045, 15.73024, 8.1],
			"rotation": {"angle": 22.5, "axis": "z", "origin": [6.18045, 14.58024, 8]},
			"faces": {
				"north": {"uv": [9, 1.5, 9.5625, 2.625], "texture": "#1"},
				"east": {"uv": [10.5, 6.5, 10.5625, 7.625], "texture": "#1"},
				"south": {"uv": [9, 4.5, 9.5625, 5.625], "texture": "#1"},
				"west": {"uv": [10.5, 8, 10.5625, 9.125], "texture": "#1"},
				"up": {"uv": [11.5625, 10.5625, 11, 10.5], "texture": "#1"},
				"down": {"uv": [12.0625, 0.5, 11.5, 0.5625], "texture": "#1"}
			}
		},
		{
			"from": [9.26955, 9.42627, 7.9],
			"to": [10.36955, 11.72627, 8.1],
			"rotation": {"angle": 22.5, "axis": "z", "origin": [9.81955, 10.57627, 8]},
			"faces": {
				"north": {"uv": [3.5625, 8.5, 3, 9.625], "texture": "#1"},
				"east": {"uv": [10.5625, 1.5, 10.5, 2.625], "texture": "#1"},
				"south": {"uv": [9.0625, 3, 8.5, 4.125], "texture": "#1"},
				"west": {"uv": [1.5625, 10.5, 1.5, 11.625], "texture": "#1"},
				"up": {"uv": [9.5, 11.0625, 10.0625, 11], "texture": "#1"},
				"down": {"uv": [11, 9.5, 11.5625, 9.5625], "texture": "#1"}
			}
		},
		{
			"from": [8.87133, 11.42825, 7.9],
			"to": [9.97133, 13.72825, 8.1],
			"rotation": {"angle": 0, "axis": "z", "origin": [9.42133, 12.57825, 8]},
			"faces": {
				"north": {"uv": [4.5625, 8.5, 4, 9.625], "texture": "#1"},
				"east": {"uv": [2.5625, 10.5, 2.5, 11.625], "texture": "#1"},
				"south": {"uv": [9.5625, 0, 9, 1.125], "texture": "#1"},
				"west": {"uv": [2.0625, 10.5, 2, 11.625], "texture": "#1"},
				"up": {"uv": [11, 10.0625, 11.5625, 10], "texture": "#1"},
				"down": {"uv": [10.5, 11, 11.0625, 11.0625], "texture": "#1"}
			}
		},
		{
			"from": [9.26955, 13.43024, 7.9],
			"to": [10.36955, 15.73024, 8.1],
			"rotation": {"angle": -22.5, "axis": "z", "origin": [9.81955, 14.58024, 8]},
			"faces": {
				"north": {"uv": [9.5625, 1.5, 9, 2.625], "texture": "#1"},
				"east": {"uv": [10.5625, 8, 10.5, 9.125], "texture": "#1"},
				"south": {"uv": [9.5625, 4.5, 9, 5.625], "texture": "#1"},
				"west": {"uv": [10.5625, 6.5, 10.5, 7.625], "texture": "#1"},
				"up": {"uv": [11, 10.5625, 11.5625, 10.5], "texture": "#1"},
				"down": {"uv": [11.5, 0.5, 12.0625, 0.5625], "texture": "#1"}
			}
		},
		{
			"from": [7.45, 9.1864, 7.2],
			"to": [8.55, 10.2864, 8.8],
			"rotation": {"angle": 0, "axis": "z", "origin": [8, 8.8364, 6.45]},
			"faces": {
				"north": {"uv": [4, 8, 4.5625, 8.5625], "texture": "#0"},
				"east": {"uv": [5, 6.5, 5.875, 7.0625], "texture": "#0"},
				"south": {"uv": [8, 4, 8.5625, 4.5625], "texture": "#0"},
				"west": {"uv": [6, 6.5, 6.875, 7.0625], "texture": "#0"},
				"up": {"uv": [0.5625, 7.875, 0, 7], "texture": "#0"},
				"down": {"uv": [2.5625, 7, 2, 7.875], "texture": "#0"}
			}
		},
		{
			"from": [6.65, 9.3864, 7.3],
			"to": [9.35, 10.0864, 8.7],
			"rotation": {"angle": 0, "axis": "y", "origin": [8, 8.8364, 6.45]},
			"faces": {
				"north": {"uv": [3.5, 6.5, 4.875, 6.875], "texture": "#0"},
				"east": {"uv": [8, 6, 8.75, 6.375], "texture": "#0"},
				"south": {"uv": [6.5, 4, 7.875, 4.375], "texture": "#0"},
				"west": {"uv": [8.5, 1, 9.25, 1.375], "texture": "#0"},
				"up": {"uv": [1.375, 4.75, 0, 4], "texture": "#0"},
				"down": {"uv": [5.375, 0, 4, 0.75], "texture": "#0"}
			}
		},
		{
			"from": [5.2, 8.76274, 7.4],
			"to": [10.8, 10.56274, 8.6],
			"rotation": {"angle": 0, "axis": "z", "origin": [9.15, 9.31274, 8]},
			"faces": {
				"north": {"uv": [0, 0, 2.8125, 0.875], "texture": "#0"},
				"east": {"uv": [1, 6.5, 1.625, 7.375], "texture": "#0"},
				"south": {"uv": [0, 1, 2.8125, 1.875], "texture": "#0"},
				"west": {"uv": [6.5, 1, 7.125, 1.875], "texture": "#0"},
				"up": {"uv": [2.8125, 2.625, 0, 2], "texture": "#0"},
				"down": {"uv": [2.8125, 3, 0, 3.625], "texture": "#0"}
			}
		},
		{
			"from": [5.9, 7.86274, 7.6],
			"to": [10.1, 8.76274, 8.4],
			"rotation": {"angle": 0, "axis": "y", "origin": [9.15, 9.31274, 8]},
			"faces": {
				"north": {"uv": [4, 1, 6.125, 1.4375], "texture": "#0"},
				"east": {"uv": [5.5, 4.5, 5.9375, 4.9375], "texture": "#0"},
				"south": {"uv": [4, 1.5, 6.125, 1.9375], "texture": "#0"},
				"west": {"uv": [1, 6, 1.4375, 6.4375], "texture": "#0"},
				"up": {"uv": [6.125, 2.4375, 4, 2], "texture": "#0"},
				"down": {"uv": [6.125, 2.5, 4, 2.9375], "texture": "#0"}
			}
		},
		{
			"from": [7.3, 7.06274, 7.4],
			"to": [8.7, 8.76274, 8.6],
			"rotation": {"angle": 0, "axis": "y", "origin": [9.15, 9.31274, 8]},
			"faces": {
				"north": {"uv": [5.5, 0, 6.1875, 0.875], "texture": "#0"},
				"east": {"uv": [6.5, 2, 7.125, 2.875], "texture": "#0"},
				"south": {"uv": [0, 6, 0.6875, 6.875], "texture": "#0"},
				"west": {"uv": [6.5, 3, 7.125, 3.875], "texture": "#0"},
				"up": {"uv": [1.6875, 8.125, 1, 7.5], "texture": "#0"},
				"down": {"uv": [8.1875, 1, 7.5, 1.625], "texture": "#0"}
			}
		},
		{
			"from": [7.3, 0.66274, 7.4],
			"to": [8.7, 1.36274, 8.6],
			"rotation": {"angle": 0, "axis": "y", "origin": [9.15, 9.31274, 8]},
			"faces": {
				"north": {"uv": [8.5, 1.5, 9.1875, 1.875], "texture": "#0"},
				"east": {"uv": [8.5, 2.5, 9.125, 2.875], "texture": "#0"},
				"south": {"uv": [8.5, 2, 9.1875, 2.375], "texture": "#0"},
				"west": {"uv": [8.5, 3, 9.125, 3.375], "texture": "#0"},
				"up": {"uv": [8.1875, 2.625, 7.5, 2], "texture": "#0"},
				"down": {"uv": [8.1875, 3, 7.5, 3.625], "texture": "#0"}
			}
		},
		{
			"from": [6.55251, 0.27028, 7.7],
			"to": [7.75251, 0.97028, 8.3],
			"rotation": {"angle": 45, "axis": "z", "origin": [7.05251, 0.62028, 7.95]},
			"faces": {
				"north": {"uv": [7, 8.5, 7.625, 8.875], "texture": "#0"},
				"east": {"uv": [2, 9, 2.375, 9.375], "texture": "#0"},
				"south": {"uv": [8.5, 7, 9.125, 7.375], "texture": "#0"},
				"west": {"uv": [2.5, 9, 2.875, 9.375], "texture": "#0"},
				"up": {"uv": [9.125, 7.875, 8.5, 7.5], "texture": "#0"},
				"down": {"uv": [8.625, 8.5, 8, 8.875], "texture": "#0"}
			}
		},
		{
			"from": [8.24749, 0.27028, 7.7],
			"to": [9.44749, 0.97028, 8.3],
			"rotation": {"angle": -45, "axis": "z", "origin": [8.94749, 0.62028, 7.95]},
			"faces": {
				"north": {"uv": [7.625, 8.5, 7, 8.875], "texture": "#0"},
				"east": {"uv": [2.875, 9, 2.5, 9.375], "texture": "#0"},
				"south": {"uv": [9.125, 7, 8.5, 7.375], "texture": "#0"},
				"west": {"uv": [2.375, 9, 2, 9.375], "texture": "#0"},
				"up": {"uv": [8.5, 7.875, 9.125, 7.5], "texture": "#0"},
				"down": {"uv": [8, 8.5, 8.625, 8.875], "texture": "#0"}
			}
		},
		{
			"from": [7.6, 1.36274, 7.6],
			"to": [8.4, 7.06274, 8.4],
			"rotation": {"angle": 0, "axis": "y", "origin": [9.15, 9.31274, 8]},
			"faces": {
				"north": {"uv": [3.5, 0, 3.875, 2.875], "texture": "#0"},
				"east": {"uv": [3, 0, 3.4375, 2.875], "texture": "#0"},
				"south": {"uv": [3.5, 3, 3.875, 5.875], "texture": "#0"},
				"west": {"uv": [3, 3, 3.4375, 5.875], "texture": "#0"},
				"up": {"uv": [3.875, 6.4375, 3.5, 6], "texture": "#0"},
				"down": {"uv": [2.375, 6.5, 2, 6.9375], "texture": "#0"}
			}
		},
		{
			"from": [3.83185, 8.59169, 7.5],
			"to": [5.63185, 9.99169, 8.5],
			"rotation": {"angle": 22.5, "axis": "z", "origin": [4.23185, 9.14169, 8]},
			"faces": {
				"north": {"uv": [6, 5.5, 6.875, 6.1875], "texture": "#0"},
				"east": {"uv": [2, 8, 2.5625, 8.6875], "texture": "#0"},
				"south": {"uv": [6.5, 0, 7.375, 0.6875], "texture": "#0"},
				"west": {"uv": [3, 8, 3.5625, 8.6875], "texture": "#0"},
				"up": {"uv": [7.875, 5.0625, 7, 4.5], "texture": "#0"},
				"down": {"uv": [7.875, 5.5, 7, 6.0625], "texture": "#0"}
			}
		},
		{
			"from": [1.98758, 8.50332, 7.6],
			"to": [4.08758, 9.90332, 8.4],
			"rotation": {"angle": 0, "axis": "y", "origin": [3.03758, 8.75332, 8]},
			"faces": {
				"north": {"uv": [1.5, 4, 2.5625, 4.6875], "texture": "#0"},
				"east": {"uv": [2.5, 5, 2.9375, 5.6875], "texture": "#0"},
				"south": {"uv": [4, 3, 5.0625, 3.6875], "texture": "#0"},
				"west": {"uv": [8, 5, 8.4375, 5.6875], "texture": "#0"},
				"up": {"uv": [8.0625, 6.9375, 7, 6.5], "texture": "#0"},
				"down": {"uv": [8.0625, 7, 7, 7.4375], "texture": "#0"}
			}
		},
		{
			"from": [1.63248, 8.69127, 7.7],
			"to": [2.83248, 10.79127, 8.3],
			"rotation": {"angle": 22.5, "axis": "z", "origin": [2.23248, 9.74127, 7.95]},
			"faces": {
				"north": {"uv": [1.5, 5, 2.125, 6.0625], "texture": "#0"},
				"east": {"uv": [5, 7.5, 5.375, 8.5625], "texture": "#0"},
				"south": {"uv": [4, 5, 4.625, 6.0625], "texture": "#0"},
				"west": {"uv": [5.5, 7.5, 5.875, 8.5625], "texture": "#0"},
				"up": {"uv": [9.125, 8.375, 8.5, 8], "texture": "#0"},
				"down": {"uv": [0.625, 9, 0, 9.375], "texture": "#0"}
			}
		},
		{
			"from": [10.36815, 8.59169, 7.5],
			"to": [12.16815, 9.99169, 8.5],
			"rotation": {"angle": -22.5, "axis": "z", "origin": [11.76815, 9.14169, 8]},
			"faces": {
				"north": {"uv": [6.875, 5.5, 6, 6.1875], "texture": "#0"},
				"east": {"uv": [3.5625, 8, 3, 8.6875], "texture": "#0"},
				"south": {"uv": [7.375, 0, 6.5, 0.6875], "texture": "#0"},
				"west": {"uv": [2.5625, 8, 2, 8.6875], "texture": "#0"},
				"up": {"uv": [7, 5.0625, 7.875, 4.5], "texture": "#0"},
				"down": {"uv": [7, 5.5, 7.875, 6.0625], "texture": "#0"}
			}
		},
		{
			"from": [11.91242, 8.50332, 7.6],
			"to": [14.01242, 9.90332, 8.4],
			"rotation": {"angle": 0, "axis": "y", "origin": [12.96242, 8.75332, 8]},
			"faces": {
				"north": {"uv": [2.5625, 4, 1.5, 4.6875], "texture": "#0"},
				"east": {"uv": [8.4375, 5, 8, 5.6875], "texture": "#0"},
				"south": {"uv": [5.0625, 3, 4, 3.6875], "texture": "#0"},
				"west": {"uv": [2.9375, 5, 2.5, 5.6875], "texture": "#0"},
				"up": {"uv": [7, 6.9375, 8.0625, 6.5], "texture": "#0"},
				"down": {"uv": [7, 7, 8.0625, 7.4375], "texture": "#0"}
			}
		},
		{
			"from": [13.16752, 8.69127, 7.7],
			"to": [14.36752, 10.79127, 8.3],
			"rotation": {"angle": -22.5, "axis": "z", "origin": [13.76752, 9.74127, 7.95]},
			"faces": {
				"north": {"uv": [2.125, 5, 1.5, 6.0625], "texture": "#0"},
				"east": {"uv": [5.875, 7.5, 5.5, 8.5625], "texture": "#0"},
				"south": {"uv": [4.625, 5, 4, 6.0625], "texture": "#0"},
				"west": {"uv": [5.375, 7.5, 5, 8.5625], "texture": "#0"},
				"up": {"uv": [8.5, 8.375, 9.125, 8], "texture": "#0"},
				"down": {"uv": [0, 9, 0.625, 9.375], "texture": "#0"}
			}
		}
	],
	"display": {
		"thirdperson_righthand": {
			"rotation": [0, 90, 0],
			"translation": [0, 0.75, 1.25],
			"scale": [0.8, 0.8, 0.8]
		},
		"thirdperson_lefthand": {
			"rotation": [0, 90, 0],
			"translation": [0, 0.75, 1.25],
			"scale": [0.8, 0.8, 0.8]
		},
		"firstperson_righthand": {
			"rotation": [0, 90, -25],
			"translation": [0, 1, 0.75],
			"scale": [0.8, 0.8, 0.8]
		},
		"firstperson_lefthand": {
			"rotation": [0, 90, -25],
			"translation": [0, 1, 0.75],
			"scale": [0.8, 0.8, 0.8]
		},
		"ground": {
			"translation": [0, 3.75, 0],
			"scale": [0.65, 0.65, 0.65]
		},
		"gui": {
			"rotation": [0, -41, -29],
			"translation": [-0.5, -2.75, 0],
			"scale": [0.51, 0.51, 0.51]
		},
		"fixed": {
			"rotation": [0, 0, 45],
			"translation": [5.25, -5, 0],
			"scale": [1.15, 1.15, 1.15]
		}
	},
	"groups": [
		{
			"name": "group",
			"origin": [8, 8, 8],
			"color": 0,
			"children": [0, 1, 2, 3, 4, 5, 6, 7, 8, 9, 10, 11, 12, 13, 14, 15]
		},
		{
			"name": "group",
			"origin": [8, 8, 8],
			"color": 0,
			"children": [16, 17, 18, 19, 20, 21, 22, 23, 24, 25, 26, 27, 28, 29, 30]
		}
	]
}