{
	"credit": "Made with Blockbench",
	"texture_size": [32, 32],
	"textures": {
		"0": "simplyswords:item/galatyn_hilt",
		"1": "simplyswords:item/galatyn_blade",
		"particle": "simplyswords:item/galatyn_hilt"
	},
	"elements": [
		{
			"from": [6.5, 8.4, 7.6],
			"to": [9.5, 9.3, 8.4],
			"rotation": {"angle": 0, "axis": "y", "origin": [8, 12.45, 8]},
			"faces": {
				"north": {"uv": [2, 2, 3.5, 2.4375], "texture": "#0"},
				"east": {"uv": [0.5, 6.5, 0.875, 6.9375], "texture": "#0"},
				"south": {"uv": [2, 2.5, 3.5, 2.9375], "texture": "#0"},
				"west": {"uv": [4, 6.5, 4.375, 6.9375], "texture": "#0"},
				"up": {"uv": [1.5, 3.375, 0, 3], "texture": "#0"},
				"down": {"uv": [4.5, 0, 3, 0.375], "texture": "#0"}
			}
		},
		{
			"from": [8.70096, 8.4383, 7.7],
			"to": [9.20096, 9.6383, 8.3],
			"rotation": {"angle": -22.5, "axis": "z", "origin": [9.71257, 7.81027, 8]},
			"faces": {
				"north": {"uv": [4.5, 7, 4.75, 7.625], "texture": "#0"},
				"east": {"uv": [3.5, 6, 3.8125, 6.625], "texture": "#0"},
				"south": {"uv": [5, 7, 5.25, 7.625], "texture": "#0"},
				"west": {"uv": [4.5, 6, 4.8125, 6.625], "texture": "#0"},
				"up": {"uv": [8.25, 1.3125, 8, 1], "texture": "#0"},
				"down": {"uv": [1.75, 8, 1.5, 8.3125], "texture": "#0"}
			}
		},
		{
			"from": [8.70096, 9.6383, 7.7],
			"to": [11.40096, 10.1383, 8.3],
			"rotation": {"angle": -22.5, "axis": "z", "origin": [9.71257, 7.81027, 8]},
			"faces": {
				"north": {"uv": [4.5, 0, 5.875, 0.25], "texture": "#0"},
				"east": {"uv": [8, 1.5, 8.3125, 1.75], "texture": "#0"},
				"south": {"uv": [5, 2, 6.375, 2.25], "texture": "#0"},
				"west": {"uv": [2, 8, 2.3125, 8.25], "texture": "#0"},
				"up": {"uv": [5.375, 0.8125, 4, 0.5], "texture": "#0"},
				"down": {"uv": [5.375, 1, 4, 1.3125], "texture": "#0"}
			}
		},
		{
			"from": [9.20096, 8.5383, 7.8],
			"to": [10.30096, 9.6383, 8.2],
			"rotation": {"angle": -22.5, "axis": "z", "origin": [9.71257, 7.81027, 8]},
			"faces": {
				"north": {"uv": [5, 3, 5.5625, 3.5625], "texture": "#0"},
				"east": {"uv": [7.5, 4, 7.6875, 4.5625], "texture": "#0"},
				"south": {"uv": [5, 4, 5.5625, 4.5625], "texture": "#0"},
				"west": {"uv": [7.5, 5, 7.6875, 5.5625], "texture": "#0"},
				"up": {"uv": [8.0625, 6.1875, 7.5, 6], "texture": "#0"},
				"down": {"uv": [7.0625, 7.5, 6.5, 7.6875], "texture": "#0"}
			}
		},
		{
			"from": [10.30096, 9.2383, 7.8],
			"to": [12.40096, 9.6383, 8.2],
			"rotation": {"angle": -22.5, "axis": "z", "origin": [9.71257, 7.81027, 8]},
			"faces": {
				"north": {"uv": [6, 3.5, 7.0625, 3.6875], "texture": "#0"},
				"east": {"uv": [3.5, 8, 3.6875, 8.1875], "texture": "#0"},
				"south": {"uv": [6, 4, 7.0625, 4.1875], "texture": "#0"},
				"west": {"uv": [4, 8, 4.1875, 8.1875], "texture": "#0"},
				"up": {"uv": [7.0625, 4.6875, 6, 4.5], "texture": "#0"},
				"down": {"uv": [7.0625, 5.5, 6, 5.6875], "texture": "#0"}
			}
		},
		{
			"from": [10.30096, 8.8383, 7.8],
			"to": [12.20096, 9.2383, 8.2],
			"rotation": {"angle": -22.5, "axis": "z", "origin": [9.71257, 7.81027, 8]},
			"faces": {
				"north": {"uv": [2, 6.5, 2.9375, 6.6875], "texture": "#0"},
				"east": {"uv": [8, 4, 8.1875, 4.1875], "texture": "#0"},
				"south": {"uv": [6.5, 2, 7.4375, 2.1875], "texture": "#0"},
				"west": {"uv": [4.5, 8, 4.6875, 8.1875], "texture": "#0"},
				"up": {"uv": [7.4375, 2.6875, 6.5, 2.5], "texture": "#0"},
				"down": {"uv": [7.4375, 5, 6.5, 5.1875], "texture": "#0"}
			}
		},
		{
			"from": [10.30096, 8.5383, 7.8],
			"to": [12.00096, 8.8383, 8.2],
			"rotation": {"angle": -22.5, "axis": "z", "origin": [9.71257, 7.81027, 8]},
			"faces": {
				"north": {"uv": [2.5, 7.5, 3.375, 7.625], "texture": "#0"},
				"east": {"uv": [8, 5.5, 8.1875, 5.625], "texture": "#0"},
				"south": {"uv": [7.5, 2.5, 8.375, 2.625], "texture": "#0"},
				"west": {"uv": [6, 8, 6.1875, 8.125], "texture": "#0"},
				"up": {"uv": [2.375, 7.1875, 1.5, 7], "texture": "#0"},
				"down": {"uv": [3.375, 7, 2.5, 7.1875], "texture": "#0"}
			}
		},
		{
			"from": [3.59904, 9.2383, 7.8],
			"to": [5.69904, 9.6383, 8.2],
			"rotation": {"angle": 22.5, "axis": "z", "origin": [6.28743, 7.81027, 8]},
			"faces": {
				"north": {"uv": [6, 6, 7.0625, 6.1875], "texture": "#0"},
				"east": {"uv": [8, 4.5, 8.1875, 4.6875], "texture": "#0"},
				"south": {"uv": [6.5, 0, 7.5625, 0.1875], "texture": "#0"},
				"west": {"uv": [5, 8, 5.1875, 8.1875], "texture": "#0"},
				"up": {"uv": [7.5625, 0.6875, 6.5, 0.5], "texture": "#0"},
				"down": {"uv": [7.5625, 1.5, 6.5, 1.6875], "texture": "#0"}
			}
		},
		{
			"from": [3.79904, 8.8383, 7.8],
			"to": [5.69904, 9.2383, 8.2],
			"rotation": {"angle": 22.5, "axis": "z", "origin": [6.28743, 7.81027, 8]},
			"faces": {
				"north": {"uv": [5.5, 6.5, 6.4375, 6.6875], "texture": "#0"},
				"east": {"uv": [8, 5, 8.1875, 5.1875], "texture": "#0"},
				"south": {"uv": [6.5, 6.5, 7.4375, 6.6875], "texture": "#0"},
				"west": {"uv": [5.5, 8, 5.6875, 8.1875], "texture": "#0"},
				"up": {"uv": [1.4375, 7.1875, 0.5, 7], "texture": "#0"},
				"down": {"uv": [7.9375, 1, 7, 1.1875], "texture": "#0"}
			}
		},
		{
			"from": [3.99904, 8.5383, 7.8],
			"to": [5.69904, 8.8383, 8.2],
			"rotation": {"angle": 22.5, "axis": "z", "origin": [6.28743, 7.81027, 8]},
			"faces": {
				"north": {"uv": [3.5, 7.5, 4.375, 7.625], "texture": "#0"},
				"east": {"uv": [6.5, 8, 6.6875, 8.125], "texture": "#0"},
				"south": {"uv": [7.5, 3.5, 8.375, 3.625], "texture": "#0"},
				"west": {"uv": [8, 6.5, 8.1875, 6.625], "texture": "#0"},
				"up": {"uv": [7.875, 3.1875, 7, 3], "texture": "#0"},
				"down": {"uv": [4.375, 7, 3.5, 7.1875], "texture": "#0"}
			}
		},
		{
			"from": [4.59904, 9.6383, 7.7],
			"to": [7.29904, 10.1383, 8.3],
			"rotation": {"angle": 22.5, "axis": "z", "origin": [6.28743, 7.81027, 8]},
			"faces": {
				"north": {"uv": [5, 2.5, 6.375, 2.75], "texture": "#0"},
				"east": {"uv": [8, 2, 8.3125, 2.25], "texture": "#0"},
				"south": {"uv": [3, 5, 4.375, 5.25], "texture": "#0"},
				"west": {"uv": [2.5, 8, 2.8125, 8.25], "texture": "#0"},
				"up": {"uv": [2.875, 4.3125, 1.5, 4], "texture": "#0"},
				"down": {"uv": [5.375, 1.5, 4, 1.8125], "texture": "#0"}
			}
		},
		{
			"from": [5.69904, 8.5383, 7.8],
			"to": [6.79904, 9.6383, 8.2],
			"rotation": {"angle": 22.5, "axis": "z", "origin": [6.28743, 7.81027, 8]},
			"faces": {
				"north": {"uv": [4.5, 5, 5.0625, 5.5625], "texture": "#0"},
				"east": {"uv": [7.5, 6.5, 7.6875, 7.0625], "texture": "#0"},
				"south": {"uv": [0, 5.5, 0.5625, 6.0625], "texture": "#0"},
				"west": {"uv": [7.5, 7.5, 7.6875, 8.0625], "texture": "#0"},
				"up": {"uv": [0.5625, 8.1875, 0, 8], "texture": "#0"},
				"down": {"uv": [8.5625, 0, 8, 0.1875], "texture": "#0"}
			}
		},
		{
			"from": [6.79904, 8.4383, 7.7],
			"to": [7.29904, 9.6383, 8.3],
			"rotation": {"angle": 22.5, "axis": "z", "origin": [6.28743, 7.81027, 8]},
			"faces": {
				"north": {"uv": [5.5, 7, 5.75, 7.625], "texture": "#0"},
				"east": {"uv": [5, 6, 5.3125, 6.625], "texture": "#0"},
				"south": {"uv": [6, 7, 6.25, 7.625], "texture": "#0"},
				"west": {"uv": [0, 6.5, 0.3125, 7.125], "texture": "#0"},
				"up": {"uv": [3.25, 8.3125, 3, 8], "texture": "#0"},
				"down": {"uv": [8.25, 3, 8, 3.3125], "texture": "#0"}
			}
		},
		{
			"from": [7.7, 1.5, 7.7],
			"to": [8.3, 6.6, 8.3],
			"rotation": {"angle": 0, "axis": "y", "origin": [8, 12.45, 8]},
			"faces": {
				"north": {"uv": [0, 0, 0.3125, 2.5625], "texture": "#0"},
				"east": {"uv": [0.5, 0, 0.8125, 2.5625], "texture": "#0"},
				"south": {"uv": [1, 0, 1.3125, 2.5625], "texture": "#0"},
				"west": {"uv": [1.5, 0, 1.8125, 2.5625], "texture": "#0"},
				"up": {"uv": [8.3125, 0.8125, 8, 0.5], "texture": "#0"},
				"down": {"uv": [1.3125, 8, 1, 8.3125], "texture": "#0"}
			}
		},
		{
			"from": [7.6, 0.7, 7.6],
			"to": [8.4, 1.5, 8.4],
			"rotation": {"angle": 0, "axis": "y", "origin": [8, 12.45, 8]},
			"faces": {
				"north": {"uv": [6.5, 7, 6.875, 7.375], "texture": "#0"},
				"east": {"uv": [7, 7, 7.375, 7.375], "texture": "#0"},
				"south": {"uv": [0, 7.5, 0.375, 7.875], "texture": "#0"},
				"west": {"uv": [0.5, 7.5, 0.875, 7.875], "texture": "#0"},
				"up": {"uv": [1.375, 7.875, 1, 7.5], "texture": "#0"},
				"down": {"uv": [1.875, 7.5, 1.5, 7.875], "texture": "#0"}
			}
		},
		{
			"from": [7.2, 8.45147, 7.4],
			"to": [8.8, 10.05147, 8.6],
			"rotation": {"angle": -45, "axis": "z", "origin": [8, 9.25147, 8]},
			"faces": {
				"north": {"uv": [2, 0, 2.8125, 0.8125], "texture": "#0"},
				"east": {"uv": [3, 0.5, 3.625, 1.3125], "texture": "#0"},
				"south": {"uv": [2, 1, 2.8125, 1.8125], "texture": "#0"},
				"west": {"uv": [1.5, 3, 2.125, 3.8125], "texture": "#0"},
				"up": {"uv": [3.3125, 3.625, 2.5, 3], "texture": "#0"},
				"down": {"uv": [0.8125, 3.5, 0, 4.125], "texture": "#0"}
			}
		},
		{
			"from": [7.25, 9.05503, 7.5],
			"to": [8.55, 10.35503, 8.5],
			"rotation": {"angle": -45, "axis": "z", "origin": [8, 9.60503, 8]},
			"faces": {
				"north": {"uv": [4, 2, 4.625, 2.625], "texture": "#0"},
				"east": {"uv": [3, 4, 3.5, 4.625], "texture": "#0"},
				"south": {"uv": [4, 3, 4.625, 3.625], "texture": "#0"},
				"west": {"uv": [5.5, 0.5, 6, 1.125], "texture": "#0"},
				"up": {"uv": [1.625, 6, 1, 5.5], "texture": "#0"},
				"down": {"uv": [6.125, 1.5, 5.5, 2], "texture": "#0"}
			}
		},
		{
			"from": [7.05, 9.25503, 7.6],
			"to": [8.35, 10.55503, 8.4],
			"rotation": {"angle": -45, "axis": "z", "origin": [8, 9.60503, 8]},
			"faces": {
				"north": {"uv": [4, 4, 4.625, 4.625], "texture": "#0"},
				"east": {"uv": [2, 5.5, 2.4375, 6.125], "texture": "#0"},
				"south": {"uv": [0, 4.5, 0.625, 5.125], "texture": "#0"},
				"west": {"uv": [2.5, 5.5, 2.9375, 6.125], "texture": "#0"},
				"up": {"uv": [3.625, 5.9375, 3, 5.5], "texture": "#0"},
				"down": {"uv": [6.125, 5, 5.5, 5.4375], "texture": "#0"}
			}
		},
		{
			"from": [6.85, 9.45503, 7.7],
			"to": [8.15, 10.75503, 8.3],
			"rotation": {"angle": -45, "axis": "z", "origin": [8, 9.60503, 8]},
			"faces": {
				"north": {"uv": [1, 4.5, 1.625, 5.125], "texture": "#0"},
				"east": {"uv": [1.5, 6, 1.875, 6.625], "texture": "#0"},
				"south": {"uv": [2, 4.5, 2.625, 5.125], "texture": "#0"},
				"west": {"uv": [3, 6, 3.375, 6.625], "texture": "#0"},
				"up": {"uv": [6.625, 1.375, 6, 1], "texture": "#0"},
				"down": {"uv": [6.625, 3, 6, 3.375], "texture": "#0"}
			}
		},
		{
			"from": [7.5, 7.6, 7.5],
			"to": [8.5, 9.5, 8.5],
			"rotation": {"angle": 0, "axis": "y", "origin": [8, 12.45, 8]},
			"faces": {
				"north": {"uv": [1, 3.5, 1.5, 4.4375], "texture": "#0"},
				"east": {"uv": [3.5, 1.5, 4, 2.4375], "texture": "#0"},
				"south": {"uv": [3.5, 2.5, 4, 3.4375], "texture": "#0"},
				"west": {"uv": [3.5, 3.5, 4, 4.4375], "texture": "#0"},
				"up": {"uv": [3.5, 2, 3, 1.5], "texture": "#0"},
				"down": {"uv": [4, 4.5, 3.5, 5], "texture": "#0"}
			}
		},
		{
			"from": [7.6, 6.2, 7.6],
			"to": [8.4, 7.6, 8.4],
			"rotation": {"angle": 0, "axis": "y", "origin": [8, 12.45, 8]},
			"faces": {
				"north": {"uv": [4, 5.5, 4.375, 6.1875], "texture": "#0"},
				"east": {"uv": [5.5, 5.5, 5.875, 6.1875], "texture": "#0"},
				"south": {"uv": [6, 0, 6.375, 0.6875], "texture": "#0"},
				"west": {"uv": [1, 6, 1.375, 6.6875], "texture": "#0"},
				"up": {"uv": [2.375, 7.875, 2, 7.5], "texture": "#0"},
				"down": {"uv": [7.875, 2, 7.5, 2.375], "texture": "#0"}
			}
		},
		{
			"from": [7.7, 23.5, 7.9],
			"to": [8.3, 24.1, 8.1],
			"rotation": {"angle": 45, "axis": "z", "origin": [8, 23.8, 8]},
			"faces": {
				"north": {"uv": [2.5, 7, 2.8125, 7.3125], "texture": "#1"},
				"east": {"uv": [7.5, 4.5, 7.625, 4.8125], "texture": "#1"},
				"south": {"uv": [7, 2.5, 7.3125, 2.8125], "texture": "#1"},
				"west": {"uv": [5, 7.5, 5.125, 7.8125], "texture": "#1"},
				"up": {"uv": [7.8125, 5.125, 7.5, 5], "texture": "#1"},
				"down": {"uv": [7.8125, 5.5, 7.5, 5.625], "texture": "#1"}
			}
		},
		{
			"from": [8.42112, 20.79937, 7.9],
			"to": [9.02112, 23.79937, 8.1],
			"rotation": {"angle": 22.5, "axis": "z", "origin": [8.72112, 22.29937, 8]},
			"faces": {
				"north": {"uv": [0, 6, 0.3125, 7.5], "texture": "#1"},
				"east": {"uv": [1.5, 6.5, 1.625, 8], "texture": "#1"},
				"south": {"uv": [6, 0, 6.3125, 1.5], "texture": "#1"},
				"west": {"uv": [2, 6.5, 2.125, 8], "texture": "#1"},
				"up": {"uv": [6.3125, 7.625, 6, 7.5], "texture": "#1"},
				"down": {"uv": [7.8125, 6, 7.5, 6.125], "texture": "#1"}
			}
		},
		{
			"from": [8.97231, 10.82836, 7.9],
			"to": [9.57231, 21.02836, 8.1],
			"rotation": {"angle": 0, "axis": "y", "origin": [8, 12.45, 8]},
			"faces": {
				"north": {"uv": [3, 0, 3.3125, 5.125], "texture": "#1"},
				"east": {"uv": [3, 5.5, 3.125, 10.625], "texture": "#1"},
				"south": {"uv": [3.5, 0, 3.8125, 5.125], "texture": "#1"},
				"west": {"uv": [3.5, 5.5, 3.625, 10.625], "texture": "#1"},
				"up": {"uv": [7.8125, 6.625, 7.5, 6.5], "texture": "#1"},
				"down": {"uv": [7.8125, 7, 7.5, 7.125], "texture": "#1"}
			}
		},
		{
			"from": [6.42769, 10.82836, 7.9],
			"to": [7.02769, 21.02836, 8.1],
			"rotation": {"angle": 0, "axis": "y", "origin": [8, 12.45, 8]},
			"faces": {
				"north": {"uv": [4, 0, 4.3125, 5.125], "texture": "#1"},
				"east": {"uv": [4, 5.5, 4.125, 10.625], "texture": "#1"},
				"south": {"uv": [4.5, 0, 4.8125, 5.125], "texture": "#1"},
				"west": {"uv": [4.5, 5.5, 4.625, 10.625], "texture": "#1"},
				"up": {"uv": [7.8125, 7.625, 7.5, 7.5], "texture": "#1"},
				"down": {"uv": [8.3125, 0, 8, 0.125], "texture": "#1"}
			}
		},
		{
			"from": [6.97888, 20.79937, 7.9],
			"to": [7.57888, 23.79937, 8.1],
			"rotation": {"angle": -22.5, "axis": "z", "origin": [7.27888, 22.29937, 8]},
			"faces": {
				"north": {"uv": [0.5, 6, 0.8125, 7.5], "texture": "#1"},
				"east": {"uv": [6.5, 3, 6.625, 4.5], "texture": "#1"},
				"south": {"uv": [1, 6, 1.3125, 7.5], "texture": "#1"},
				"west": {"uv": [5.5, 6.5, 5.625, 8], "texture": "#1"},
				"up": {"uv": [0.8125, 8.125, 0.5, 8], "texture": "#1"},
				"down": {"uv": [8.3125, 0.5, 8, 0.625], "texture": "#1"}
			}
		},
		{
			"from": [8.78838, 9.10364, 7.9],
			"to": [9.38838, 10.50364, 8.1],
			"rotation": {"angle": 0, "axis": "y", "origin": [8, 12.45, 8]},
			"faces": {
				"north": {"uv": [2.5, 6, 2.8125, 6.6875], "texture": "#1"},
				"east": {"uv": [7, 6, 7.125, 6.6875], "texture": "#1"},
				"south": {"uv": [6, 3, 6.3125, 3.6875], "texture": "#1"},
				"west": {"uv": [6.5, 7, 6.625, 7.6875], "texture": "#1"},
				"up": {"uv": [1.3125, 8.125, 1, 8], "texture": "#1"},
				"down": {"uv": [8.3125, 1, 8, 1.125], "texture": "#1"}
			}
		},
		{
			"from": [6.88838, 9.10364, 7.8],
			"to": [9.08838, 20.90364, 8.2],
			"rotation": {"angle": 0, "axis": "y", "origin": [8, 12.45, 8]},
			"faces": {
				"north": {"uv": [0, 0, 1.125, 5.875], "texture": "#1"},
				"east": {"uv": [5, 0, 5.1875, 5.875], "texture": "#1"},
				"south": {"uv": [1.5, 0, 2.625, 5.875], "texture": "#1"},
				"west": {"uv": [5.5, 0, 5.6875, 5.875], "texture": "#1"},
				"up": {"uv": [7.125, 5.1875, 6, 5], "texture": "#1"},
				"down": {"uv": [6.625, 6, 5.5, 6.1875], "texture": "#1"}
			}
		},
		{
			"from": [6.98838, 20.90364, 7.8],
			"to": [8.98838, 21.50364, 8.2],
			"rotation": {"angle": 0, "axis": "y", "origin": [8, 12.45, 8]},
			"faces": {
				"north": {"uv": [6, 2, 7, 2.3125], "texture": "#1"},
				"east": {"uv": [7.5, 1, 7.6875, 1.3125], "texture": "#1"},
				"south": {"uv": [6, 2.5, 7, 2.8125], "texture": "#1"},
				"west": {"uv": [2.5, 7.5, 2.6875, 7.8125], "texture": "#1"},
				"up": {"uv": [7.5, 0.6875, 6.5, 0.5], "texture": "#1"},
				"down": {"uv": [7.5, 1, 6.5, 1.1875], "texture": "#1"}
			}
		},
		{
			"from": [7.08838, 21.50364, 7.8],
			"to": [8.88838, 22.30364, 8.2],
			"rotation": {"angle": 0, "axis": "y", "origin": [8, 12.45, 8]},
			"faces": {
				"north": {"uv": [1.5, 6, 2.375, 6.375], "texture": "#1"},
				"east": {"uv": [7.5, 0, 7.6875, 0.375], "texture": "#1"},
				"south": {"uv": [6, 1.5, 6.875, 1.875], "texture": "#1"},
				"west": {"uv": [0.5, 7.5, 0.6875, 7.875], "texture": "#1"},
				"up": {"uv": [7.375, 4.6875, 6.5, 4.5], "texture": "#1"},
				"down": {"uv": [6.875, 6.5, 6, 6.6875], "texture": "#1"}
			}
		},
		{
			"from": [7.58838, 22.90364, 7.8],
			"to": [8.38838, 23.40364, 8.2],
			"rotation": {"angle": 0, "axis": "y", "origin": [8, 12.45, 8]},
			"faces": {
				"north": {"uv": [7, 5.5, 7.375, 5.75], "texture": "#1"},
				"east": {"uv": [7.5, 3.5, 7.6875, 3.75], "texture": "#1"},
				"south": {"uv": [6, 7, 6.375, 7.25], "texture": "#1"},
				"west": {"uv": [7.5, 4, 7.6875, 4.25], "texture": "#1"},
				"up": {"uv": [7.875, 0.6875, 7.5, 0.5], "texture": "#1"},
				"down": {"uv": [1.375, 7.5, 1, 7.6875], "texture": "#1"}
			}
		},
		{
			"from": [7.38838, 22.30364, 7.8],
			"to": [8.58838, 22.90364, 8.2],
			"rotation": {"angle": 0, "axis": "y", "origin": [8, 12.45, 8]},
			"faces": {
				"north": {"uv": [6, 5.5, 6.625, 5.8125], "texture": "#1"},
				"east": {"uv": [7.5, 2.5, 7.6875, 2.8125], "texture": "#1"},
				"south": {"uv": [6.5, 0, 7.125, 0.3125], "texture": "#1"},
				"west": {"uv": [7.5, 3, 7.6875, 3.3125], "texture": "#1"},
				"up": {"uv": [7.625, 1.6875, 7, 1.5], "texture": "#1"},
				"down": {"uv": [7.625, 2, 7, 2.1875], "texture": "#1"}
			}
		},
		{
			"from": [8.88035, 10.366, 7.9],
			"to": [9.48035, 10.966, 8.1],
			"rotation": {"angle": -22.5, "axis": "z", "origin": [9.18035, 10.666, 8]},
			"faces": {
				"north": {"uv": [7, 3, 7.3125, 3.3125], "texture": "#1"},
				"east": {"uv": [1.5, 8, 1.625, 8.3125], "texture": "#1"},
				"south": {"uv": [7, 3.5, 7.3125, 3.8125], "texture": "#1"},
				"west": {"uv": [8, 1.5, 8.125, 1.8125], "texture": "#1"},
				"up": {"uv": [2.3125, 8.125, 2, 8], "texture": "#1"},
				"down": {"uv": [8.3125, 2, 8, 2.125], "texture": "#1"}
			}
		},
		{
			"from": [6.51965, 10.366, 7.9],
			"to": [7.11965, 10.966, 8.1],
			"rotation": {"angle": 22.5, "axis": "z", "origin": [6.81965, 10.666, 8]},
			"faces": {
				"north": {"uv": [7, 4, 7.3125, 4.3125], "texture": "#1"},
				"east": {"uv": [2.5, 8, 2.625, 8.3125], "texture": "#1"},
				"south": {"uv": [5, 7, 5.3125, 7.3125], "texture": "#1"},
				"west": {"uv": [8, 2.5, 8.125, 2.8125], "texture": "#1"},
				"up": {"uv": [8.3125, 3.125, 8, 3], "texture": "#1"},
				"down": {"uv": [8.3125, 3.5, 8, 3.625], "texture": "#1"}
			}
		},
		{
			"from": [6.61162, 9.10364, 7.9],
			"to": [7.21162, 10.50364, 8.1],
			"rotation": {"angle": 0, "axis": "y", "origin": [8, 12.45, 8]},
			"faces": {
				"north": {"uv": [6, 4, 6.3125, 4.6875], "texture": "#1"},
				"east": {"uv": [7, 7, 7.125, 7.6875], "texture": "#1"},
				"south": {"uv": [5, 6, 5.3125, 6.6875], "texture": "#1"},
				"west": {"uv": [0, 7.5, 0.125, 8.1875], "texture": "#1"},
				"up": {"uv": [8.3125, 4.125, 8, 4], "texture": "#1"},
				"down": {"uv": [8.3125, 4.5, 8, 4.625], "texture": "#1"}
			}
		}
	],
	"display": {
		"thirdperson_righthand": {
			"rotation": [0, 90, 0],
			"translation": [0, 2.25, 0.75],
			"scale": [1.2, 1.2, 1.2]
		},
		"thirdperson_lefthand": {
			"rotation": [0, 90, 0],
			"translation": [0, 2.25, 0.75],
			"scale": [1.2, 1.2, 1.2]
		},
		"firstperson_righthand": {
			"rotation": [0, 90, -12],
			"translation": [0, 1.25, 0.75],
			"scale": [1.2, 1.2, 1.2]
		},
		"firstperson_lefthand": {
			"rotation": [0, 90, -12],
			"translation": [0, 1.25, 0.75],
			"scale": [1.2, 1.2, 1.2]
		},
		"ground": {
			"rotation": [0, 0, 180],
			"translation": [0, 11.75, 0]
		},
		"gui": {
			"rotation": [0, -37, -33],
			"translation": [-1, -2.75, 0],
			"scale": [0.78, 0.78, 0.78]
		},
		"fixed": {
			"rotation": [0, 0, 44],
			"translation": [4.25, -4.75, 0],
			"scale": [1.3, 1.3, 1.3]
		}
	},
	"groups": [
		{
			"name": "group",
			"origin": [8, 8, 8],
			"color": 0,
			"children": [0, 1, 2, 3, 4, 5, 6, 7, 8, 9, 10, 11, 12, 13, 14, 15, 16, 17, 18, 19, 20]
		},
		{
			"name": "group",
			"origin": [8, 8, 8],
			"color": 0,
			"children": [21, 22, 23, 24, 25, 26, 27, 28, 29, 30, 31, 32, 33, 34]
		}
	]
}