{
	"credit": "Made with Blockbench",
	"texture_size": [32, 32],
	"textures": {
		"1": "simplyswords:item/biggoron_sword_blade",
		"2": "simplyswords:item/biggoron_sword_hilt",
		"particle": "simplyswords:item/biggoron_sword_hilt"
	},
	"elements": [
		{
			"from": [7.75, 21.81066, 7.9],
			"to": [8.25, 22.31066, 8],
			"rotation": {"angle": -45, "axis": "z", "origin": [8, 22.06066, 8]},
			"faces": {
				"north": {"uv": [7, 5.5, 7.25, 5.75], "texture": "#1"},
				"east": {"uv": [7.5, 3, 7.5625, 3.25], "texture": "#1"},
				"south": {"uv": [6, 7, 6.25, 7.25], "texture": "#1"},
				"west": {"uv": [3.5, 7.5, 3.5625, 7.75], "texture": "#1"},
				"up": {"uv": [4.25, 7.5625, 4, 7.5], "texture": "#1"},
				"down": {"uv": [7.75, 4, 7.5, 4.0625], "texture": "#1"}
			}
		},
		{
			"from": [7.05, 6.71066, 7.8],
			"to": [8.95, 20.11066, 8.1],
			"rotation": {"angle": 0, "axis": "y", "origin": [8, 22.06066, 7.95]},
			"faces": {
				"north": {"uv": [0, 0, 0.9375, 6.6875], "texture": "#1"},
				"east": {"uv": [4, 0, 4.15625, 6.6875], "texture": "#1"},
				"south": {"uv": [1, 0, 1.9375, 6.6875], "texture": "#1"},
				"west": {"uv": [4.5, 0, 4.65625, 6.6875], "texture": "#1"},
				"up": {"uv": [7.9375, 2.15625, 7, 2], "texture": "#1"},
				"down": {"uv": [3.4375, 7, 2.5, 7.15625], "texture": "#1"}
			}
		},
		{
			"from": [7.25, 20.11066, 7.8],
			"to": [8.75, 20.81066, 8.1],
			"rotation": {"angle": 0, "axis": "y", "origin": [8, 22.06066, 7.95]},
			"faces": {
				"north": {"uv": [1.5, 7, 2.25, 7.34375], "texture": "#1"},
				"east": {"uv": [7, 6, 7.15625, 6.34375], "texture": "#1"},
				"south": {"uv": [7, 1.5, 7.75, 1.84375], "texture": "#1"},
				"west": {"uv": [6.5, 7, 6.65625, 7.34375], "texture": "#1"},
				"up": {"uv": [4.25, 7.15625, 3.5, 7], "texture": "#1"},
				"down": {"uv": [7.75, 3.5, 7, 3.65625], "texture": "#1"}
			}
		},
		{
			"from": [7.65, 20.81066, 7.8],
			"to": [8.35, 21.51066, 8.1],
			"rotation": {"angle": 0, "axis": "y", "origin": [8, 22.06066, 7.95]},
			"faces": {
				"north": {"uv": [7, 2.5, 7.34375, 2.84375], "texture": "#1"},
				"east": {"uv": [7, 6.5, 7.15625, 6.84375], "texture": "#1"},
				"south": {"uv": [7, 3, 7.34375, 3.34375], "texture": "#1"},
				"west": {"uv": [7, 7, 7.15625, 7.34375], "texture": "#1"},
				"up": {"uv": [7.84375, 0.15625, 7.5, 0], "texture": "#1"},
				"down": {"uv": [7.84375, 0.5, 7.5, 0.65625], "texture": "#1"}
			}
		},
		{
			"from": [7.85, 21.51066, 7.8],
			"to": [8.15, 22.11066, 8.1],
			"rotation": {"angle": 0, "axis": "y", "origin": [8, 22.06066, 7.95]},
			"faces": {
				"north": {"uv": [7.5, 1, 7.65625, 1.3125], "texture": "#1"},
				"east": {"uv": [1.5, 7.5, 1.65625, 7.8125], "texture": "#1"},
				"south": {"uv": [2, 7.5, 2.15625, 7.8125], "texture": "#1"},
				"west": {"uv": [2.5, 7.5, 2.65625, 7.8125], "texture": "#1"},
				"up": {"uv": [7.65625, 2.65625, 7.5, 2.5], "texture": "#1"},
				"down": {"uv": [3.15625, 7.5, 3, 7.65625], "texture": "#1"}
			}
		},
		{
			"from": [7.96825, 19.78402, 7.9],
			"to": [8.46825, 21.98402, 8],
			"rotation": {"angle": 22.5, "axis": "z", "origin": [8.21825, 21.73402, 8]},
			"faces": {
				"north": {"uv": [0, 7, 0.25, 8.09375], "texture": "#1"},
				"east": {"uv": [7, 4, 7.0625, 5.09375], "texture": "#1"},
				"south": {"uv": [7, 0, 7.25, 1.09375], "texture": "#1"},
				"west": {"uv": [4.5, 7, 4.5625, 8.09375], "texture": "#1"},
				"up": {"uv": [7.75, 4.5625, 7.5, 4.5], "texture": "#1"},
				"down": {"uv": [7.75, 5, 7.5, 5.0625], "texture": "#1"}
			}
		},
		{
			"from": [8.69546, 6.62813, 7.9],
			"to": [9.19546, 20.02813, 8],
			"rotation": {"angle": 0, "axis": "y", "origin": [8.94546, 21.67813, 8]},
			"faces": {
				"north": {"uv": [2, 0, 2.25, 6.6875], "texture": "#1"},
				"east": {"uv": [5, 0, 5.0625, 6.6875], "texture": "#1"},
				"south": {"uv": [2.5, 0, 2.75, 6.6875], "texture": "#1"},
				"west": {"uv": [5.5, 0, 5.5625, 6.6875], "texture": "#1"},
				"up": {"uv": [7.75, 5.5625, 7.5, 5.5], "texture": "#1"},
				"down": {"uv": [6.25, 7.5, 6, 7.5625], "texture": "#1"}
			}
		},
		{
			"from": [7.53175, 19.78402, 7.9],
			"to": [8.03175, 21.98402, 8],
			"rotation": {"angle": -22.5, "axis": "z", "origin": [7.78175, 21.73402, 8]},
			"faces": {
				"north": {"uv": [0.25, 7, 0, 8.09375], "texture": "#1"},
				"east": {"uv": [4.5625, 7, 4.5, 8.09375], "texture": "#1"},
				"south": {"uv": [7.25, 0, 7, 1.09375], "texture": "#1"},
				"west": {"uv": [7.0625, 4, 7, 5.09375], "texture": "#1"},
				"up": {"uv": [7.5, 4.5625, 7.75, 4.5], "texture": "#1"},
				"down": {"uv": [7.5, 5, 7.75, 5.0625], "texture": "#1"}
			}
		},
		{
			"from": [6.80454, 6.62813, 7.9],
			"to": [7.30454, 20.02813, 8],
			"rotation": {"angle": 0, "axis": "y", "origin": [7.05454, 21.67813, 8]},
			"faces": {
				"north": {"uv": [2.25, 0, 2, 6.6875], "texture": "#1"},
				"east": {"uv": [5.5625, 0, 5.5, 6.6875], "texture": "#1"},
				"south": {"uv": [2.75, 0, 2.5, 6.6875], "texture": "#1"},
				"west": {"uv": [5.0625, 0, 5, 6.6875], "texture": "#1"},
				"up": {"uv": [7.5, 5.5625, 7.75, 5.5], "texture": "#1"},
				"down": {"uv": [6, 7.5, 6.25, 7.5625], "texture": "#1"}
			}
		},
		{
			"from": [6.65, 5.61066, 7.6],
			"to": [9.35, 6.71066, 8.3],
			"rotation": {"angle": 0, "axis": "y", "origin": [8, 22.06066, 8]},
			"faces": {
				"north": {"uv": [0, 0, 2.6875, 1.125], "texture": "#2"},
				"east": {"uv": [3, 7, 3.6875, 8.125], "texture": "#2"},
				"south": {"uv": [0, 2, 2.6875, 3.125], "texture": "#2"},
				"west": {"uv": [4, 7, 4.6875, 8.125], "texture": "#2"},
				"up": {"uv": [4.6875, 4.6875, 2, 4], "texture": "#2"},
				"down": {"uv": [7.6875, 0, 5, 0.6875], "texture": "#2"}
			}
		},
		{
			"from": [7.75, 1.61066, 7.7],
			"to": [8.25, 5.61066, 8.2],
			"rotation": {"angle": 0, "axis": "y", "origin": [8, 22.06066, 8]},
			"faces": {
				"north": {"uv": [3, 0, 3.5, 4], "texture": "#2"},
				"east": {"uv": [0, 4, 0.5, 8], "texture": "#2"},
				"south": {"uv": [4, 0, 4.5, 4], "texture": "#2"},
				"west": {"uv": [1, 4, 1.5, 8], "texture": "#2"},
				"up": {"uv": [1.5, 10.5, 1, 10], "texture": "#2"},
				"down": {"uv": [10.5, 1, 10, 1.5], "texture": "#2"}
			}
		},
		{
			"from": [7.65, 1.41066, 7.6],
			"to": [8.35, 1.61066, 8.3],
			"rotation": {"angle": 0, "axis": "y", "origin": [8, 22.06066, 8]},
			"faces": {
				"north": {"uv": [11, 0, 11.6875, 0.1875], "texture": "#2"},
				"east": {"uv": [1, 11, 1.6875, 11.1875], "texture": "#2"},
				"south": {"uv": [11, 1, 11.6875, 1.1875], "texture": "#2"},
				"west": {"uv": [2, 11, 2.6875, 11.1875], "texture": "#2"},
				"up": {"uv": [7.6875, 7.6875, 7, 7], "texture": "#2"},
				"down": {"uv": [0.6875, 8, 0, 8.6875], "texture": "#2"}
			}
		},
		{
			"from": [7.55, 1.21066, 7.5],
			"to": [8.45, 1.41066, 8.4],
			"rotation": {"angle": 0, "axis": "y", "origin": [8, 22.06066, 8]},
			"faces": {
				"north": {"uv": [7, 10, 7.875, 10.1875], "texture": "#2"},
				"east": {"uv": [10, 7, 10.875, 7.1875], "texture": "#2"},
				"south": {"uv": [8, 10, 8.875, 10.1875], "texture": "#2"},
				"west": {"uv": [10, 8, 10.875, 8.1875], "texture": "#2"},
				"up": {"uv": [5.875, 7.875, 5, 7], "texture": "#2"},
				"down": {"uv": [7.875, 5, 7, 5.875], "texture": "#2"}
			}
		},
		{
			"from": [7.65, 0.91066, 7.6],
			"to": [8.35, 1.21066, 8.3],
			"rotation": {"angle": 0, "axis": "y", "origin": [8, 22.06066, 8]},
			"faces": {
				"north": {"uv": [3, 10, 3.6875, 10.3125], "texture": "#2"},
				"east": {"uv": [10, 3, 10.6875, 3.3125], "texture": "#2"},
				"south": {"uv": [4, 10, 4.6875, 10.3125], "texture": "#2"},
				"west": {"uv": [10, 4, 10.6875, 4.3125], "texture": "#2"},
				"up": {"uv": [8.6875, 0.6875, 8, 0], "texture": "#2"},
				"down": {"uv": [1.6875, 8, 1, 8.6875], "texture": "#2"}
			}
		},
		{
			"from": [7.75, 0.61066, 7.7],
			"to": [8.25, 0.91066, 8.2],
			"rotation": {"angle": 0, "axis": "y", "origin": [8, 22.06066, 8]},
			"faces": {
				"north": {"uv": [9, 10, 9.5, 10.3125], "texture": "#2"},
				"east": {"uv": [10, 9, 10.5, 9.3125], "texture": "#2"},
				"south": {"uv": [10, 10, 10.5, 10.3125], "texture": "#2"},
				"west": {"uv": [0, 11, 0.5, 11.3125], "texture": "#2"},
				"up": {"uv": [2.5, 10.5, 2, 10], "texture": "#2"},
				"down": {"uv": [10.5, 2, 10, 2.5], "texture": "#2"}
			}
		},
		{
			"from": [7.85, 0.31066, 7.8],
			"to": [8.15, 0.61066, 8.1],
			"rotation": {"angle": 0, "axis": "y", "origin": [8, 22.06066, 8]},
			"faces": {
				"north": {"uv": [11, 2, 11.3125, 2.3125], "texture": "#2"},
				"east": {"uv": [3, 11, 3.3125, 11.3125], "texture": "#2"},
				"south": {"uv": [11, 3, 11.3125, 3.3125], "texture": "#2"},
				"west": {"uv": [4, 11, 4.3125, 11.3125], "texture": "#2"},
				"up": {"uv": [11.3125, 4.3125, 11, 4], "texture": "#2"},
				"down": {"uv": [5.3125, 11, 5, 11.3125], "texture": "#2"}
			}
		},
		{
			"from": [7.15, 5.81066, 7.5],
			"to": [8.45, 7.11066, 8.4],
			"rotation": {"angle": -45, "axis": "z", "origin": [8, 6.26066, 8]},
			"faces": {
				"north": {"uv": [5, 1, 6.3125, 2.3125], "texture": "#2"},
				"east": {"uv": [5, 3, 5.875, 4.3125], "texture": "#2"},
				"south": {"uv": [2, 5, 3.3125, 6.3125], "texture": "#2"},
				"west": {"uv": [4, 5, 4.875, 6.3125], "texture": "#2"},
				"up": {"uv": [6.3125, 5.875, 5, 5], "texture": "#2"},
				"down": {"uv": [7.3125, 3, 6, 3.875], "texture": "#2"}
			}
		},
		{
			"from": [7.35, 6.01066, 7.4],
			"to": [8.25, 6.91066, 8.5],
			"rotation": {"angle": -45, "axis": "z", "origin": [8, 6.26066, 8]},
			"faces": {
				"north": {"uv": [6, 7, 6.875, 7.875], "texture": "#2"},
				"east": {"uv": [6, 4, 7.125, 4.875], "texture": "#2"},
				"south": {"uv": [7, 6, 7.875, 6.875], "texture": "#2"},
				"west": {"uv": [5, 6, 6.125, 6.875], "texture": "#2"},
				"up": {"uv": [7.875, 2.125, 7, 1], "texture": "#2"},
				"down": {"uv": [2.875, 7, 2, 8.125], "texture": "#2"}
			}
		},
		{
			"from": [9.35, 6.01066, 7.6],
			"to": [9.95, 6.71066, 8.3],
			"rotation": {"angle": 0, "axis": "y", "origin": [10.7, 23.56066, 8]},
			"faces": {
				"north": {"uv": [7, 8, 7.625, 8.6875], "texture": "#2"},
				"east": {"uv": [8, 1, 8.6875, 1.6875], "texture": "#2"},
				"south": {"uv": [8, 7, 8.625, 7.6875], "texture": "#2"},
				"west": {"uv": [8, 2, 8.6875, 2.6875], "texture": "#2"},
				"up": {"uv": [8.625, 8.6875, 8, 8], "texture": "#2"},
				"down": {"uv": [0.625, 9, 0, 9.6875], "texture": "#2"}
			}
		},
		{
			"from": [9.95, 5.91066, 7.6],
			"to": [10.55, 6.61066, 8.3],
			"rotation": {"angle": 0, "axis": "y", "origin": [10.7, 23.56066, 8]},
			"faces": {
				"north": {"uv": [9, 0, 9.625, 0.6875], "texture": "#2"},
				"east": {"uv": [8, 3, 8.6875, 3.6875], "texture": "#2"},
				"south": {"uv": [1, 9, 1.625, 9.6875], "texture": "#2"},
				"west": {"uv": [8, 4, 8.6875, 4.6875], "texture": "#2"},
				"up": {"uv": [9.625, 1.6875, 9, 1], "texture": "#2"},
				"down": {"uv": [2.625, 9, 2, 9.6875], "texture": "#2"}
			}
		},
		{
			"from": [10.55, 5.71066, 7.6],
			"to": [11.05, 6.11066, 8.3],
			"rotation": {"angle": 0, "axis": "y", "origin": [10.7, 23.56066, 8]},
			"faces": {
				"north": {"uv": [5, 10, 5.5, 10.375], "texture": "#2"},
				"east": {"uv": [9, 8, 9.6875, 8.375], "texture": "#2"},
				"south": {"uv": [10, 5, 10.5, 5.375], "texture": "#2"},
				"west": {"uv": [9, 9, 9.6875, 9.375], "texture": "#2"},
				"up": {"uv": [9.5, 6.6875, 9, 6], "texture": "#2"},
				"down": {"uv": [7.5, 9, 7, 9.6875], "texture": "#2"}
			}
		},
		{
			"from": [4.95, 5.71066, 7.6],
			"to": [5.45, 6.11066, 8.3],
			"rotation": {"angle": 0, "axis": "y", "origin": [5.3, 23.56066, 8]},
			"faces": {
				"north": {"uv": [5.5, 10, 5, 10.375], "texture": "#2"},
				"east": {"uv": [9.6875, 9, 9, 9.375], "texture": "#2"},
				"south": {"uv": [10.5, 5, 10, 5.375], "texture": "#2"},
				"west": {"uv": [9.6875, 8, 9, 8.375], "texture": "#2"},
				"up": {"uv": [9, 6.6875, 9.5, 6], "texture": "#2"},
				"down": {"uv": [7, 9, 7.5, 9.6875], "texture": "#2"}
			}
		},
		{
			"from": [5.45, 5.91066, 7.6],
			"to": [6.05, 6.61066, 8.3],
			"rotation": {"angle": 0, "axis": "y", "origin": [5.3, 23.56066, 8]},
			"faces": {
				"north": {"uv": [9.625, 0, 9, 0.6875], "texture": "#2"},
				"east": {"uv": [8.6875, 4, 8, 4.6875], "texture": "#2"},
				"south": {"uv": [1.625, 9, 1, 9.6875], "texture": "#2"},
				"west": {"uv": [8.6875, 3, 8, 3.6875], "texture": "#2"},
				"up": {"uv": [9, 1.6875, 9.625, 1], "texture": "#2"},
				"down": {"uv": [2, 9, 2.625, 9.6875], "texture": "#2"}
			}
		},
		{
			"from": [6.05, 6.01066, 7.6],
			"to": [6.65, 6.71066, 8.3],
			"rotation": {"angle": 0, "axis": "y", "origin": [5.3, 23.56066, 8]},
			"faces": {
				"north": {"uv": [7.625, 8, 7, 8.6875], "texture": "#2"},
				"east": {"uv": [8.6875, 2, 8, 2.6875], "texture": "#2"},
				"south": {"uv": [8.625, 7, 8, 7.6875], "texture": "#2"},
				"west": {"uv": [8.6875, 1, 8, 1.6875], "texture": "#2"},
				"up": {"uv": [8, 8.6875, 8.625, 8], "texture": "#2"},
				"down": {"uv": [0, 9, 0.625, 9.6875], "texture": "#2"}
			}
		}
	],
	"display": {
		"thirdperson_righthand": {
			"rotation": [0, 90, 0],
			"translation": [0, 5, 1.5],
			"scale": [1.96, 1.86, 1.96]
		},
		"thirdperson_lefthand": {
			"rotation": [0, 90, 0],
			"translation": [0, 5, 1.5],
			"scale": [1.96, 1.96, 1.96]
		},
		"firstperson_righthand": {
			"rotation": [0, 90, -27],
			"translation": [0, 5.5, 0],
			"scale": [1.96, 1.96, 1.96]
		},
		"firstperson_lefthand": {
			"rotation": [0, 90, -27],
			"translation": [0, 5.5, 0],
			"scale": [1.96, 1.96, 1.96]
		},
		"ground": {
			"rotation": [0, 0, 180],
			"translation": [0, 12, 0]
		},
		"gui": {
			"rotation": [0, -40, -46],
			"translation": [-1.25, -2.25, 0]
		},
		"fixed": {
			"rotation": [0, 0, 46],
			"translation": [4.75, -4.75, 0],
			"scale": [1.81, 1.81, 1.81]
		}
	},
	"groups": [
		{
			"name": "group",
			"origin": [8, 8, 8],
			"color": 0,
			"children": [0, 1, 2, 3, 4, 5, 6, 7, 8]
		},
		{
			"name": "group",
			"origin": [8, 8, 8],
			"color": 0,
			"children": [9, 10, 11, 12, 13, 14, 15, 16, 17, 18, 19, 20, 21, 22, 23]
		}
	]
}