{
	"credit": "Made with Blockbench",
	"texture_size": [64, 64],
	"textures": {
		"0": "simplyswords:item/amethyst_hammer_shaft",
		"1": "simplyswords:item/amethyst_hammer_head",
		"particle": "simplyswords:item/amethyst_hammer_shaft"
	},
	"elements": [
		{
			"from": [5.8, 20, 9.7],
			"to": [10.2, 24.4, 11.9],
			"faces": {
				"north": {"uv": [4.25, 6, 5.375, 7.125], "texture": "#1"},
				"east": {"uv": [7.25, 4.25, 7.8125, 5.375], "texture": "#1"},
				"south": {"uv": [5.5, 6, 6.625, 7.125], "texture": "#1"},
				"west": {"uv": [5.25, 7.25, 5.8125, 8.375], "texture": "#1"},
				"up": {"uv": [1.125, 8.0625, 0, 7.5], "texture": "#1"},
				"down": {"uv": [8.625, 1.75, 7.5, 2.3125], "texture": "#1"}
			}
		},
		{
			"from": [6.1, 20.77764, 9.86109],
			"to": [9.9, 23.87764, 13.16109],
			"rotation": {"angle": 45, "axis": "x", "origin": [8, 21.67764, 11.51109]},
			"faces": {
				"north": {"uv": [7.25, 1, 8.1875, 1.75], "texture": "#1"},
				"east": {"uv": [7.5, 2.5, 8.3125, 3.25], "texture": "#1"},
				"south": {"uv": [2, 7.25, 2.9375, 8], "texture": "#1"},
				"west": {"uv": [3, 7.5, 3.8125, 8.25], "texture": "#1"},
				"up": {"uv": [7.1875, 5.5625, 6.25, 4.75], "texture": "#1"},
				"down": {"uv": [7.6875, 5.75, 6.75, 6.5625], "texture": "#1"}
			}
		},
		{
			"from": [6.3, 18.29899, 12.18287],
			"to": [9.7, 21.59899, 14.98287],
			"rotation": {"angle": -22.5, "axis": "x", "origin": [8, 19.94899, 13.43287]},
			"faces": {
				"north": {"uv": [6.75, 6.75, 7.625, 7.5625], "texture": "#1"},
				"east": {"uv": [1.25, 7.5, 1.9375, 8.3125], "texture": "#1"},
				"south": {"uv": [7, 0, 7.875, 0.8125], "texture": "#1"},
				"west": {"uv": [7.75, 6.25, 8.4375, 7.0625], "texture": "#1"},
				"up": {"uv": [8.625, 6.1875, 7.75, 5.5], "texture": "#1"},
				"down": {"uv": [6.875, 7.75, 6, 8.4375], "texture": "#1"}
			}
		},
		{
			"from": [6.4, 19.52442, 14.47308],
			"to": [9.6, 22.82442, 17.07308],
			"rotation": {"angle": 45, "axis": "x", "origin": [8, 21.17442, 15.67308]},
			"faces": {
				"north": {"uv": [7.25, 3.25, 8.0625, 4.0625], "texture": "#1"},
				"east": {"uv": [7, 7.75, 7.625, 8.5625], "texture": "#1"},
				"south": {"uv": [4.25, 7.25, 5.0625, 8.0625], "texture": "#1"},
				"west": {"uv": [7.75, 7.25, 8.375, 8.0625], "texture": "#1"},
				"up": {"uv": [8.8125, 0.625, 8, 0], "texture": "#1"},
				"down": {"uv": [2.8125, 8, 2, 8.625], "texture": "#1"}
			}
		},
		{
			"from": [5.5, 19.7, 5.8],
			"to": [10.5, 24.7, 9.7],
			"faces": {
				"north": {"uv": [4.5, 3.75, 5.75, 5], "texture": "#1"},
				"east": {"uv": [1, 6.25, 2, 7.5], "texture": "#1"},
				"south": {"uv": [0, 4.75, 1.25, 6], "texture": "#1"},
				"west": {"uv": [6.25, 1, 7.25, 2.25], "texture": "#1"},
				"up": {"uv": [3.25, 7.25, 2, 6.25], "texture": "#1"},
				"down": {"uv": [7.5, 2.25, 6.25, 3.25], "texture": "#1"}
			}
		},
		{
			"from": [7.4, 24.9, 7.2],
			"to": [8.6, 26.1, 8.3],
			"faces": {
				"north": {"uv": [5.5, 1, 5.8125, 1.3125], "texture": "#1"},
				"east": {"uv": [6, 1, 6.25, 1.3125], "texture": "#1"},
				"south": {"uv": [6.25, 3.25, 6.5625, 3.5625], "texture": "#1"},
				"west": {"uv": [6.75, 3.25, 7, 3.5625], "texture": "#1"},
				"up": {"uv": [3.3125, 1.75, 3, 1.5], "texture": "#1"},
				"down": {"uv": [3.5625, 4.75, 3.25, 5], "texture": "#1"}
			}
		},
		{
			"from": [7.6, 26.1, 7.4],
			"to": [8.4, 27.3, 8.1],
			"faces": {
				"north": {"uv": [7, 3.25, 7.1875, 3.5625], "texture": "#1"},
				"east": {"uv": [7.25, 1.75, 7.4375, 2.0625], "texture": "#1"},
				"south": {"uv": [6, 7.25, 6.1875, 7.5625], "texture": "#1"},
				"west": {"uv": [6.25, 7.25, 6.4375, 7.5625], "texture": "#1"},
				"up": {"uv": [3.9375, 4.9375, 3.75, 4.75], "texture": "#1"},
				"down": {"uv": [4.1875, 4.75, 4, 4.9375], "texture": "#1"}
			}
		},
		{
			"from": [5.1, 19.5, 7.1],
			"to": [10.9, 24.9, 8.4],
			"faces": {
				"north": {"uv": [1.5, 3.25, 2.9375, 4.625], "texture": "#1"},
				"east": {"uv": [0, 8.25, 0.3125, 9.625], "texture": "#1"},
				"south": {"uv": [3, 3.25, 4.4375, 4.625], "texture": "#1"},
				"west": {"uv": [0.5, 8.25, 0.8125, 9.625], "texture": "#1"},
				"up": {"uv": [9.4375, 4.5625, 8, 4.25], "texture": "#1"},
				"down": {"uv": [9.4375, 4.75, 8, 5.0625], "texture": "#1"}
			}
		},
		{
			"from": [5, 19.2, 1.7],
			"to": [11, 25.2, 5.8],
			"faces": {
				"north": {"uv": [3, 0, 4.5, 1.5], "texture": "#1"},
				"east": {"uv": [1.25, 4.75, 2.25, 6.25], "texture": "#1"},
				"south": {"uv": [0, 3.25, 1.5, 4.75], "texture": "#1"},
				"west": {"uv": [2.25, 4.75, 3.25, 6.25], "texture": "#1"},
				"up": {"uv": [4.75, 6, 3.25, 5], "texture": "#1"},
				"down": {"uv": [6.25, 5, 4.75, 6], "texture": "#1"}
			}
		},
		{
			"from": [5.2, 18.8, 2],
			"to": [10.8, 25.6, 5.7],
			"faces": {
				"north": {"uv": [0, 0, 1.375, 1.6875], "texture": "#1"},
				"east": {"uv": [3.5, 1.5, 4.4375, 3.1875], "texture": "#1"},
				"south": {"uv": [1.5, 0, 2.875, 1.6875], "texture": "#1"},
				"west": {"uv": [4.5, 0, 5.4375, 1.6875], "texture": "#1"},
				"up": {"uv": [6.875, 0.9375, 5.5, 0], "texture": "#1"},
				"down": {"uv": [7.125, 3.75, 5.75, 4.6875], "texture": "#1"}
			}
		},
		{
			"from": [4.6, 19.4, 2],
			"to": [11.4, 25, 5.7],
			"rotation": {"angle": 0, "axis": "y", "origin": [8, 22.2, 3.85]},
			"faces": {
				"north": {"uv": [0, 1.75, 1.6875, 3.125], "texture": "#1"},
				"east": {"uv": [0, 6, 0.9375, 7.375], "texture": "#1"},
				"south": {"uv": [1.75, 1.75, 3.4375, 3.125], "texture": "#1"},
				"west": {"uv": [3.25, 6, 4.1875, 7.375], "texture": "#1"},
				"up": {"uv": [6.1875, 2.6875, 4.5, 1.75], "texture": "#1"},
				"down": {"uv": [6.1875, 2.75, 4.5, 3.6875], "texture": "#1"}
			}
		},
		{
			"from": [7.6, 12.9, 7.4],
			"to": [8.4, 19.5, 8.1],
			"faces": {
				"north": {"uv": [4, 0, 4.75, 6.5], "texture": "#0"},
				"east": {"uv": [5, 0, 5.75, 6.5], "texture": "#0"},
				"south": {"uv": [6, 0, 6.75, 6.5], "texture": "#0"},
				"west": {"uv": [0, 7, 0.75, 13.5], "texture": "#0"},
				"up": {"uv": [8.75, 2.75, 8, 2], "texture": "#0"},
				"down": {"uv": [3.75, 8, 3, 8.75], "texture": "#0"}
			}
		},
		{
			"from": [7.6, 6, 7.4],
			"to": [8.4, 12.9, 8.1],
			"faces": {
				"north": {"uv": [0, 0, 0.75, 7], "texture": "#0"},
				"east": {"uv": [1, 0, 1.75, 7], "texture": "#0"},
				"south": {"uv": [2, 0, 2.75, 7], "texture": "#0"},
				"west": {"uv": [3, 0, 3.75, 7], "texture": "#0"},
				"up": {"uv": [8.75, 3.75, 8, 3], "texture": "#0"},
				"down": {"uv": [4.75, 8, 4, 8.75], "texture": "#0"}
			}
		},
		{
			"from": [7.4, 12.3, 7.2],
			"to": [8.6, 13.1, 8.3],
			"faces": {
				"north": {"uv": [7, 3, 8, 3.75], "texture": "#0"},
				"east": {"uv": [4, 7, 5, 7.75], "texture": "#0"},
				"south": {"uv": [7, 4, 8, 4.75], "texture": "#0"},
				"west": {"uv": [5, 7, 6, 7.75], "texture": "#0"},
				"up": {"uv": [8, 1, 7, 0], "texture": "#0"},
				"down": {"uv": [2, 7, 1, 8], "texture": "#0"}
			}
		},
		{
			"from": [7.4, 18.8, 7.2],
			"to": [8.6, 19.6, 8.3],
			"faces": {
				"north": {"uv": [7, 5, 8, 5.75], "texture": "#0"},
				"east": {"uv": [6, 7, 7, 7.75], "texture": "#0"},
				"south": {"uv": [7, 6, 8, 6.75], "texture": "#0"},
				"west": {"uv": [7, 7, 8, 7.75], "texture": "#0"},
				"up": {"uv": [8, 2, 7, 1], "texture": "#0"},
				"down": {"uv": [3, 7, 2, 8], "texture": "#0"}
			}
		},
		{
			"from": [7.4, 5.2, 7.2],
			"to": [8.6, 6, 8.3],
			"faces": {
				"north": {"uv": [8, 0, 9, 0.75], "texture": "#0"},
				"east": {"uv": [1, 8, 2, 8.75], "texture": "#0"},
				"south": {"uv": [8, 1, 9, 1.75], "texture": "#0"},
				"west": {"uv": [2, 8, 3, 8.75], "texture": "#0"},
				"up": {"uv": [8, 3, 7, 2], "texture": "#0"},
				"down": {"uv": [4, 7, 3, 8], "texture": "#0"}
			}
		}
	],
	"display": {
		"thirdperson_righthand": {
			"translation": [0, -4, 1.5],
			"scale": [1.29, 1.29, 1.29]
		},
		"thirdperson_lefthand": {
			"translation": [0, -4, 1.5],
			"scale": [1.29, 1.29, 1.29]
		},
		"firstperson_righthand": {
			"translation": [0, -3.75, 0],
			"scale": [1.29, 1.29, 1.29]
		},
		"firstperson_lefthand": {
			"translation": [0, -3.75, 0],
			"scale": [1.29, 1.29, 1.29]
		},
		"ground": {
			"rotation": [0, 0, 180],
			"translation": [0, 11.25, 0],
			"scale": [0.81, 0.81, 0.81]
		},
		"gui": {
			"rotation": [0, 54, -40],
			"translation": [-4.5, -5.5, 0],
			"scale": [0.83, 0.83, 0.83]
		},
		"fixed": {
			"rotation": [0, -90, 0],
			"translation": [0, -8, -1.75]
		}
	},
	"groups": [
		{
			"name": "group",
			"origin": [8, 8, 8],
			"color": 0,
			"children": [0, 1, 2, 3, 4, 5, 6, 7, 8, 9, 10]
		},
		{
			"name": "group",
			"origin": [8, 8, 8],
			"color": 0,
			"children": [11, 12, 13, 14, 15]
		}
	]
}