{
	"credit": "Made with Blockbench",
	"texture_size": [8, 8],
	"textures": {
		"0": "simplyswords:item/fotb_handle",
		"1": "simplyswords:item/fotb_blade",
		"2": "simplyswords:item/fotb_gem",
		"particle": "simplyswords:item/fotb_handle"
	},
	"elements": [
		{
			"from": [7.6, 17.7, 12.6],
			"to": [8.4, 25, 13.4],
			"faces": {
				"north": {"uv": [4, 0, 4.75, 7.25], "texture": "#0"},
				"east": {"uv": [5, 0, 5.75, 7.25], "texture": "#0"},
				"south": {"uv": [6, 0, 6.75, 7.25], "texture": "#0"},
				"west": {"uv": [7, 0, 7.75, 7.25], "texture": "#0"},
				"up": {"uv": [12.75, 5.75, 12, 5], "texture": "#0"},
				"down": {"uv": [13.75, 12, 13, 12.75], "texture": "#0"}
			}
		},
		{
			"from": [7.5, 24.2, 11.9],
			"to": [8.5, 26.4, 14.1],
			"rotation": {"angle": 45, "axis": "x", "origin": [8, 25.3, 13]},
			"faces": {
				"north": {"uv": [9, 10, 10, 12.25], "texture": "#0"},
				"east": {"uv": [8, 0, 10.25, 2.25], "texture": "#0"},
				"south": {"uv": [10, 10, 11, 12.25], "texture": "#0"},
				"west": {"uv": [8, 3, 10.25, 5.25], "texture": "#0"},
				"up": {"uv": [12, 2.25, 11, 0], "texture": "#0"},
				"down": {"uv": [12, 3, 11, 5.25], "texture": "#0"}
			}
		},
		{
			"from": [7.6, 25.3, 12.6],
			"to": [8.4, 28.9, 13.4],
			"rotation": {"angle": 0, "axis": "x", "origin": [8, 25.3, 13]},
			"faces": {
				"north": {"uv": [7, 8, 7.75, 11.5], "texture": "#0"},
				"east": {"uv": [9, 6, 9.75, 9.5], "texture": "#0"},
				"south": {"uv": [10, 6, 10.75, 9.5], "texture": "#0"},
				"west": {"uv": [8, 10, 8.75, 13.5], "texture": "#0"},
				"up": {"uv": [13.75, 13.75, 13, 13], "texture": "#0"},
				"down": {"uv": [14.75, 2, 14, 2.75], "texture": "#0"}
			}
		},
		{
			"from": [7.8, 28.9, 12.8],
			"to": [8.2, 30.8, 13.2],
			"rotation": {"angle": 0, "axis": "y", "origin": [8, 25.3, 13]},
			"faces": {
				"north": {"uv": [5, 12, 5.5, 14], "texture": "#0"},
				"east": {"uv": [6, 12, 6.5, 14], "texture": "#0"},
				"south": {"uv": [7, 12, 7.5, 14], "texture": "#0"},
				"west": {"uv": [12, 8, 12.5, 10], "texture": "#0"},
				"up": {"uv": [11.5, 14.5, 11, 14], "texture": "#0"},
				"down": {"uv": [14.5, 11, 14, 11.5], "texture": "#0"}
			}
		},
		{
			"from": [7.7, 23.37365, 8.69497],
			"to": [8.3, 23.97365, 10.89497],
			"rotation": {"angle": 45, "axis": "x", "origin": [8, 23.67365, 13.49497]},
			"faces": {
				"north": {"uv": [12, 14, 12.5, 14.5], "texture": "#0"},
				"east": {"uv": [11, 6, 13.25, 6.5], "texture": "#0"},
				"south": {"uv": [14, 12, 14.5, 12.5], "texture": "#0"},
				"west": {"uv": [11, 7, 13.25, 7.5], "texture": "#0"},
				"up": {"uv": [11.5, 10.25, 11, 8], "texture": "#0"},
				"down": {"uv": [11.5, 11, 11, 13.25], "texture": "#0"}
			}
		},
		{
			"from": [7.7, 26.85564, 9.88873],
			"to": [8.3, 27.95564, 10.48873],
			"rotation": {"angle": 0, "axis": "x", "origin": [8, 27.95564, 10.18873]},
			"faces": {
				"north": {"uv": [6, 14, 6.5, 15], "texture": "#0"},
				"east": {"uv": [14, 6, 14.5, 7], "texture": "#0"},
				"south": {"uv": [7, 14, 7.5, 15], "texture": "#0"},
				"west": {"uv": [14, 7, 14.5, 8], "texture": "#0"},
				"up": {"uv": [13.5, 14.5, 13, 14], "texture": "#0"},
				"down": {"uv": [14.5, 13, 14, 13.5], "texture": "#0"}
			}
		},
		{
			"from": [7.8, 27.95563, 15.61127],
			"to": [8.2, 29.95563, 16.01127],
			"rotation": {"angle": 0, "axis": "y", "origin": [8, 27.95563, 15.81127]},
			"faces": {
				"north": {"uv": [12, 10, 12.5, 12], "texture": "#0"},
				"east": {"uv": [12, 12, 12.5, 14], "texture": "#0"},
				"south": {"uv": [13, 2, 13.5, 4], "texture": "#0"},
				"west": {"uv": [13, 4, 13.5, 6], "texture": "#0"},
				"up": {"uv": [14.5, 14.5, 14, 14], "texture": "#0"},
				"down": {"uv": [0.5, 15, 0, 15.5], "texture": "#0"}
			}
		},
		{
			"from": [7.8, 27.95564, 9.98873],
			"to": [8.2, 29.95564, 10.38873],
			"rotation": {"angle": 0, "axis": "y", "origin": [8, 27.95564, 10.18873]},
			"faces": {
				"north": {"uv": [13, 8, 13.5, 10], "texture": "#0"},
				"east": {"uv": [9, 13, 9.5, 15], "texture": "#0"},
				"south": {"uv": [10, 13, 10.5, 15], "texture": "#0"},
				"west": {"uv": [13, 10, 13.5, 12], "texture": "#0"},
				"up": {"uv": [15.5, 0.5, 15, 0], "texture": "#0"},
				"down": {"uv": [1.5, 15, 1, 15.5], "texture": "#0"}
			}
		},
		{
			"from": [7.7, 26.85563, 15.51127],
			"to": [8.3, 27.95563, 16.11127],
			"rotation": {"angle": 0, "axis": "y", "origin": [8, 27.95563, 15.81127]},
			"faces": {
				"north": {"uv": [8, 14, 8.5, 15], "texture": "#0"},
				"east": {"uv": [14, 8, 14.5, 9], "texture": "#0"},
				"south": {"uv": [14, 9, 14.5, 10], "texture": "#0"},
				"west": {"uv": [14, 10, 14.5, 11], "texture": "#0"},
				"up": {"uv": [15.5, 1.5, 15, 1], "texture": "#0"},
				"down": {"uv": [2.5, 15, 2, 15.5], "texture": "#0"}
			}
		},
		{
			"from": [7.7, 25.98995, 14.02132],
			"to": [8.3, 26.58995, 16.22132],
			"rotation": {"angle": -45, "axis": "x", "origin": [8, 26.28995, 15.12132]},
			"faces": {
				"north": {"uv": [15, 2, 15.5, 2.5], "texture": "#0"},
				"east": {"uv": [12, 0, 14.25, 0.5], "texture": "#0"},
				"south": {"uv": [3, 15, 3.5, 15.5], "texture": "#0"},
				"west": {"uv": [12, 1, 14.25, 1.5], "texture": "#0"},
				"up": {"uv": [12.5, 4.25, 12, 2], "texture": "#0"},
				"down": {"uv": [4.5, 12, 4, 14.25], "texture": "#0"}
			}
		},
		{
			"from": [7.6, 14.4195, 11.29106],
			"to": [8.4, 18.1195, 12.09106],
			"rotation": {"angle": 22.5, "axis": "x", "origin": [8, 14.6195, 11.69106]},
			"faces": {
				"north": {"uv": [4, 8, 4.75, 11.75], "texture": "#0"},
				"east": {"uv": [5, 8, 5.75, 11.75], "texture": "#0"},
				"south": {"uv": [6, 8, 6.75, 11.75], "texture": "#0"},
				"west": {"uv": [8, 6, 8.75, 9.75], "texture": "#0"},
				"up": {"uv": [14.75, 3.75, 14, 3], "texture": "#0"},
				"down": {"uv": [14.75, 4, 14, 4.75], "texture": "#0"}
			}
		},
		{
			"from": [7.6, 0.08779, 11.24497],
			"to": [8.4, 14.58779, 12.04497],
			"rotation": {"angle": 0, "axis": "x", "origin": [8, 12.73779, 11.64497]},
			"faces": {
				"north": {"uv": [0, 0, 0.75, 14.5], "texture": "#0"},
				"east": {"uv": [1, 0, 1.75, 14.5], "texture": "#0"},
				"south": {"uv": [2, 0, 2.75, 14.5], "texture": "#0"},
				"west": {"uv": [3, 0, 3.75, 14.5], "texture": "#0"},
				"up": {"uv": [5.75, 14.75, 5, 14], "texture": "#0"},
				"down": {"uv": [14.75, 5, 14, 5.75], "texture": "#0"}
			}
		},
		{
			"from": [7.8, 19.6, 8.9],
			"to": [8.2, 24.3, 12.6],
			"faces": {
				"north": {"uv": [1, 5.5, 1.25, 7.875], "texture": "#1"},
				"east": {"uv": [0, 0, 1.875, 2.375], "texture": "#1"},
				"south": {"uv": [1.5, 5.5, 1.75, 7.875], "texture": "#1"},
				"west": {"uv": [2, 0, 3.875, 2.375], "texture": "#1"},
				"up": {"uv": [6.75, 3.875, 6.5, 2], "texture": "#1"},
				"down": {"uv": [5.25, 6.5, 5, 8.375], "texture": "#1"}
			}
		},
		{
			"from": [7.8, 21.1, 4.9],
			"to": [8.2, 24.3, 8.9],
			"faces": {
				"north": {"uv": [6.5, 5, 6.75, 6.625], "texture": "#1"},
				"east": {"uv": [0, 2.5, 2, 4.125], "texture": "#1"},
				"south": {"uv": [0, 7, 0.25, 8.625], "texture": "#1"},
				"west": {"uv": [2, 2.5, 4, 4.125], "texture": "#1"},
				"up": {"uv": [4.25, 7.5, 4, 5.5], "texture": "#1"},
				"down": {"uv": [4.75, 5.5, 4.5, 7.5], "texture": "#1"}
			}
		},
		{
			"from": [7.8, 21.1, 3.8],
			"to": [8.2, 24.3, 4.9],
			"faces": {
				"north": {"uv": [0.5, 7, 0.75, 8.625], "texture": "#1"},
				"east": {"uv": [2.5, 5, 3, 6.625], "texture": "#1"},
				"south": {"uv": [7, 1, 7.25, 2.625], "texture": "#1"},
				"west": {"uv": [3, 5, 3.5, 6.625], "texture": "#1"},
				"up": {"uv": [9.25, 5, 9, 4.5], "texture": "#1"},
				"down": {"uv": [6.75, 9, 6.5, 9.5], "texture": "#1"}
			}
		},
		{
			"from": [7.8, 21.1, 2.7],
			"to": [8.2, 23.9, 3.8],
			"faces": {
				"north": {"uv": [2, 7.5, 2.25, 8.875], "texture": "#1"},
				"east": {"uv": [0, 5.5, 0.5, 6.875], "texture": "#1"},
				"south": {"uv": [2.5, 7.5, 2.75, 8.875], "texture": "#1"},
				"west": {"uv": [0.5, 5.5, 1, 6.875], "texture": "#1"},
				"up": {"uv": [9.25, 7, 9, 6.5], "texture": "#1"},
				"down": {"uv": [9.25, 7, 9, 7.5], "texture": "#1"}
			}
		},
		{
			"from": [7.8, 21.1, 1.6],
			"to": [8.2, 23.4, 2.7],
			"faces": {
				"north": {"uv": [7.5, 6.5, 7.75, 7.625], "texture": "#1"},
				"east": {"uv": [2, 5.5, 2.5, 6.625], "texture": "#1"},
				"south": {"uv": [8, 0, 8.25, 1.125], "texture": "#1"},
				"west": {"uv": [3.5, 5.5, 4, 6.625], "texture": "#1"},
				"up": {"uv": [9.25, 8, 9, 7.5], "texture": "#1"},
				"down": {"uv": [9.25, 8, 9, 8.5], "texture": "#1"}
			}
		},
		{
			"from": [7.8, 21.1, 0.5],
			"to": [8.2, 23.1, 1.6],
			"faces": {
				"north": {"uv": [7, 3, 7.25, 4], "texture": "#1"},
				"east": {"uv": [5, 5.5, 5.5, 6.5], "texture": "#1"},
				"south": {"uv": [8, 7.5, 8.25, 8.5], "texture": "#1"},
				"west": {"uv": [5.5, 5, 6, 6], "texture": "#1"},
				"up": {"uv": [9.25, 9, 9, 8.5], "texture": "#1"},
				"down": {"uv": [9.25, 9, 9, 9.5], "texture": "#1"}
			}
		},
		{
			"from": [7.8, 21.1, -0.1],
			"to": [8.2, 22.7, 0.5],
			"faces": {
				"north": {"uv": [8.5, 7.5, 8.75, 8.25], "texture": "#1"},
				"east": {"uv": [8, 8.5, 8.25, 9.25], "texture": "#1"},
				"south": {"uv": [8.5, 8.5, 8.75, 9.25], "texture": "#1"},
				"west": {"uv": [0, 9, 0.25, 9.75], "texture": "#1"},
				"up": {"uv": [9.75, 3.25, 9.5, 3], "texture": "#1"},
				"down": {"uv": [9.75, 3.5, 9.5, 3.75], "texture": "#1"}
			}
		},
		{
			"from": [7.8, 20.7, -0.7],
			"to": [8.2, 22.3, -0.1],
			"faces": {
				"north": {"uv": [9, 0, 9.25, 0.75], "texture": "#1"},
				"east": {"uv": [0.5, 9, 0.75, 9.75], "texture": "#1"},
				"south": {"uv": [9, 1, 9.25, 1.75], "texture": "#1"},
				"west": {"uv": [2, 9, 2.25, 9.75], "texture": "#1"},
				"up": {"uv": [9.75, 4.25, 9.5, 4], "texture": "#1"},
				"down": {"uv": [9.75, 4.5, 9.5, 4.75], "texture": "#1"}
			}
		},
		{
			"from": [7.8, 20.3, -1.3],
			"to": [8.2, 21.9, -0.7],
			"faces": {
				"north": {"uv": [9, 2, 9.25, 2.75], "texture": "#1"},
				"east": {"uv": [2.5, 9, 2.75, 9.75], "texture": "#1"},
				"south": {"uv": [9, 3, 9.25, 3.75], "texture": "#1"},
				"west": {"uv": [4.5, 9, 4.75, 9.75], "texture": "#1"},
				"up": {"uv": [9.75, 5.25, 9.5, 5], "texture": "#1"},
				"down": {"uv": [9.75, 5.5, 9.5, 5.75], "texture": "#1"}
			}
		},
		{
			"from": [7.8, 20, -2],
			"to": [8.2, 21.2, -1.3],
			"faces": {
				"north": {"uv": [9, 5.5, 9.25, 6.125], "texture": "#1"},
				"east": {"uv": [8.5, 0, 8.875, 0.625], "texture": "#1"},
				"south": {"uv": [6, 9, 6.25, 9.625], "texture": "#1"},
				"west": {"uv": [8.5, 1, 8.875, 1.625], "texture": "#1"},
				"up": {"uv": [9.75, 2.375, 9.5, 2], "texture": "#1"},
				"down": {"uv": [9.75, 2.5, 9.5, 2.875], "texture": "#1"}
			}
		},
		{
			"from": [7.8, 20.7, 5.6],
			"to": [8.2, 21.1, 8.9],
			"faces": {
				"north": {"uv": [9.5, 6, 9.75, 6.25], "texture": "#1"},
				"east": {"uv": [6.5, 4, 8.125, 4.25], "texture": "#1"},
				"south": {"uv": [6.5, 9.5, 6.75, 9.75], "texture": "#1"},
				"west": {"uv": [2, 7, 3.625, 7.25], "texture": "#1"},
				"up": {"uv": [7.25, 6.125, 7, 4.5], "texture": "#1"},
				"down": {"uv": [6.75, 7, 6.5, 8.625], "texture": "#1"}
			}
		},
		{
			"from": [7.8, 20.3, 6.2],
			"to": [8.2, 20.7, 8.9],
			"faces": {
				"north": {"uv": [9.5, 6.5, 9.75, 6.75], "texture": "#1"},
				"east": {"uv": [3, 7.5, 4.375, 7.75], "texture": "#1"},
				"south": {"uv": [7, 9.5, 7.25, 9.75], "texture": "#1"},
				"west": {"uv": [7.5, 4.5, 8.875, 4.75], "texture": "#1"},
				"up": {"uv": [4.75, 8.875, 4.5, 7.5], "texture": "#1"},
				"down": {"uv": [7.75, 5, 7.5, 6.375], "texture": "#1"}
			}
		},
		{
			"from": [7.8, 19.9, 7.1],
			"to": [8.2, 20.3, 8.9],
			"faces": {
				"north": {"uv": [9.5, 7, 9.75, 7.25], "texture": "#1"},
				"east": {"uv": [8.5, 4, 9.375, 4.25], "texture": "#1"},
				"south": {"uv": [9.5, 7.5, 9.75, 7.75], "texture": "#1"},
				"west": {"uv": [8.5, 5, 9.375, 5.25], "texture": "#1"},
				"up": {"uv": [8.75, 6.375, 8.5, 5.5], "texture": "#1"},
				"down": {"uv": [8.75, 6.5, 8.5, 7.375], "texture": "#1"}
			}
		},
		{
			"from": [7.8, 19.5, 7.9],
			"to": [8.2, 19.9, 8.9],
			"faces": {
				"north": {"uv": [8, 9.5, 8.25, 9.75], "texture": "#1"},
				"east": {"uv": [9.5, 0, 10, 0.25], "texture": "#1"},
				"south": {"uv": [9.5, 8, 9.75, 8.25], "texture": "#1"},
				"west": {"uv": [9.5, 0.5, 10, 0.75], "texture": "#1"},
				"up": {"uv": [9.75, 1.5, 9.5, 1], "texture": "#1"},
				"down": {"uv": [9.75, 1.5, 9.5, 2], "texture": "#1"}
			}
		},
		{
			"from": [7.9, 24.3, 4.8],
			"to": [8.1, 25, 12.6],
			"faces": {
				"north": {"uv": [8.5, 9.5, 8.625, 9.875], "texture": "#1"},
				"east": {"uv": [4, 0, 7.875, 0.375], "texture": "#1"},
				"south": {"uv": [9.5, 8.5, 9.625, 8.875], "texture": "#1"},
				"west": {"uv": [4, 0.5, 7.875, 0.875], "texture": "#1"},
				"up": {"uv": [6.125, 8.875, 6, 5], "texture": "#1"},
				"down": {"uv": [5.625, 6, 5.5, 9.875], "texture": "#1"}
			}
		},
		{
			"from": [7.9, 23.02552, -0.50725],
			"to": [8.1, 23.72552, 5.19275],
			"rotation": {"angle": -22.5, "axis": "x", "origin": [8, 23.37552, 1.79275]},
			"faces": {
				"north": {"uv": [9, 9.5, 9.125, 9.875], "texture": "#1"},
				"east": {"uv": [4, 1, 6.875, 1.375], "texture": "#1"},
				"south": {"uv": [9.5, 9, 9.625, 9.375], "texture": "#1"},
				"west": {"uv": [4, 1.5, 6.875, 1.875], "texture": "#1"},
				"up": {"uv": [7.125, 9.375, 7, 6.5], "texture": "#1"},
				"down": {"uv": [7.625, 1, 7.5, 3.875], "texture": "#1"}
			}
		},
		{
			"from": [7.9, 20.20596, -3.88388],
			"to": [8.1, 20.90596, 0.61612],
			"rotation": {"angle": -45, "axis": "x", "origin": [8, 20.55596, -2.23388]},
			"faces": {
				"north": {"uv": [9.5, 9.5, 9.625, 9.875], "texture": "#1"},
				"east": {"uv": [4, 2, 6.25, 2.375], "texture": "#1"},
				"south": {"uv": [0, 10, 0.125, 10.375], "texture": "#1"},
				"west": {"uv": [4, 2.5, 6.25, 2.875], "texture": "#1"},
				"up": {"uv": [1.125, 10.25, 1, 8], "texture": "#1"},
				"down": {"uv": [1.625, 8, 1.5, 10.25], "texture": "#1"}
			}
		},
		{
			"from": [7.9, 19.8244, -3.68543],
			"to": [8.1, 20.5244, 0.81457],
			"rotation": {"angle": -22.5, "axis": "x", "origin": [8, 20.1744, -1.43543]},
			"faces": {
				"north": {"uv": [10, 0, 10.125, 0.375], "texture": "#1"},
				"east": {"uv": [4, 3, 6.25, 3.375], "texture": "#1"},
				"south": {"uv": [0.5, 10, 0.625, 10.375], "texture": "#1"},
				"west": {"uv": [4, 3.5, 6.25, 3.875], "texture": "#1"},
				"up": {"uv": [8.125, 3.75, 8, 1.5], "texture": "#1"},
				"down": {"uv": [3.125, 8, 3, 10.25], "texture": "#1"}
			}
		},
		{
			"from": [7.9, 20.6588, 0.50936],
			"to": [8.1, 21.3588, 5.00936],
			"rotation": {"angle": 0, "axis": "x", "origin": [8, 21.0088, 2.75936]},
			"faces": {
				"north": {"uv": [10, 0.5, 10.125, 0.875], "texture": "#1"},
				"east": {"uv": [4, 4, 6.25, 4.375], "texture": "#1"},
				"south": {"uv": [10, 1, 10.125, 1.375], "texture": "#1"},
				"west": {"uv": [0, 4.5, 2.25, 4.875], "texture": "#1"},
				"up": {"uv": [3.625, 10.25, 3.5, 8], "texture": "#1"},
				"down": {"uv": [4.125, 8, 4, 10.25], "texture": "#1"}
			}
		},
		{
			"from": [7.9, 19.8244, 4.70415],
			"to": [8.1, 20.5244, 9.20415],
			"rotation": {"angle": 22.5, "axis": "x", "origin": [8, 20.1744, 6.95415]},
			"faces": {
				"north": {"uv": [10, 1.5, 10.125, 1.875], "texture": "#1"},
				"east": {"uv": [2.5, 4.5, 4.75, 4.875], "texture": "#1"},
				"south": {"uv": [2, 10, 2.125, 10.375], "texture": "#1"},
				"west": {"uv": [0, 5, 2.25, 5.375], "texture": "#1"},
				"up": {"uv": [8.125, 7.25, 8, 5], "texture": "#1"},
				"down": {"uv": [7.625, 8, 7.5, 10.25], "texture": "#1"}
			}
		},
		{
			"from": [7.9, 18.99001, 8.89894],
			"to": [8.1, 19.69001, 12.59894],
			"rotation": {"angle": 0, "axis": "x", "origin": [8, 19.34001, 11.14894]},
			"faces": {
				"north": {"uv": [10, 2, 10.125, 2.375], "texture": "#1"},
				"east": {"uv": [3.5, 5, 5.375, 5.375], "texture": "#1"},
				"south": {"uv": [2.5, 10, 2.625, 10.375], "texture": "#1"},
				"west": {"uv": [5, 4.5, 6.875, 4.875], "texture": "#1"},
				"up": {"uv": [8.625, 3.875, 8.5, 2], "texture": "#1"},
				"down": {"uv": [5.125, 8.5, 5, 10.375], "texture": "#1"}
			}
		},
		{
			"from": [7.4, 24.7, 12.4],
			"to": [8.6, 25.9, 13.6],
			"rotation": {"angle": 45, "axis": "x", "origin": [8, 25.3, 13]},
			"faces": {
				"north": {"uv": [0, 0, 2.5, 2.5], "texture": "#2"},
				"east": {"uv": [0, 4, 2.5, 6.5], "texture": "#2"},
				"south": {"uv": [4, 0, 6.5, 2.5], "texture": "#2"},
				"west": {"uv": [4, 4, 6.5, 6.5], "texture": "#2"},
				"up": {"uv": [2.5, 10.5, 0, 8], "texture": "#2"},
				"down": {"uv": [10.5, 0, 8, 2.5], "texture": "#2"}
			}
		}
	],
	"display": {
		"thirdperson_righthand": {
			"translation": [-1, -0.75, -3.75],
			"scale": [1.4, 1.4, 1.4]
		},
		"thirdperson_lefthand": {
			"translation": [-1, -0.75, -3.75],
			"scale": [1.4, 1.4, 1.4]
		},
		"firstperson_righthand": {
			"translation": [0, -1, -1.75]
		},
		"firstperson_lefthand": {
			"translation": [0, -1, -1.75]
		},
		"ground": {
			"rotation": [0, 0, 90],
			"translation": [0, 6, 0]
		},
		"gui": {
			"rotation": [0, -125, 30],
			"translation": [-1, -4.5, 0],
			"scale": [0.63, 0.63, 0.63]
		},
		"fixed": {
			"rotation": [0, -90, 0],
			"translation": [0, -4.75, -1.25]
		}
	},
	"groups": [
		{
			"name": "group",
			"origin": [8, 8, 8],
			"color": 0,
			"children": [0, 1, 2, 3, 4, 5, 6, 7, 8, 9, 10, 11]
		},
		{
			"name": "group",
			"origin": [8, 8, 8],
			"color": 0,
			"children": [12, 13, 14, 15, 16, 17, 18, 19, 20, 21, 22, 23, 24, 25, 26, 27, 28, 29, 30, 31, 32]
		},
		{
			"name": "group",
			"origin": [8, 8, 8],
			"color": 0,
			"children": [33]
		}
	]
}