{
	"credit": "Made with Blockbench",
	"texture_size": [32, 32],
	"textures": {
		"0": "simplyswords:item/st_blade",
		"1": "simplyswords:item/st_handle",
		"particle": "simplyswords:item/st_handle"
	},
	"elements": [
		{
			"from": [7.8, 22.8, 5.1],
			"to": [8.2, 27.4, 10.9],
			"rotation": {"angle": 0, "axis": "y", "origin": [0, 3.9, 0]},
			"faces": {
				"north": {"uv": [6, 5, 6.25, 7.25], "texture": "#0"},
				"east": {"uv": [4, 0, 6.875, 2.25], "texture": "#0"},
				"south": {"uv": [0, 6.5, 0.25, 8.75], "texture": "#0"},
				"west": {"uv": [4, 2.5, 6.875, 4.75], "texture": "#0"},
				"up": {"uv": [5.25, 7.875, 5, 5], "texture": "#0"},
				"down": {"uv": [5.75, 5, 5.5, 7.875], "texture": "#0"}
			}
		},
		{
			"from": [7.8, 14.6, 6],
			"to": [8.2, 22.8, 10],
			"rotation": {"angle": 0, "axis": "y", "origin": [0, 3.9, 0]},
			"faces": {
				"north": {"uv": [4, 5, 4.25, 9.125], "texture": "#0"},
				"east": {"uv": [0, 0, 2, 4.125], "texture": "#0"},
				"south": {"uv": [4.5, 5, 4.75, 9.125], "texture": "#0"},
				"west": {"uv": [2, 0, 4, 4.125], "texture": "#0"},
				"up": {"uv": [3.75, 8.5, 3.5, 6.5], "texture": "#0"},
				"down": {"uv": [6.75, 5, 6.5, 7], "texture": "#0"}
			}
		},
		{
			"from": [7.8, 27.4, 6.9],
			"to": [8.2, 28.4, 9.1],
			"rotation": {"angle": 0, "axis": "y", "origin": [0, 3.9, 0]},
			"faces": {
				"north": {"uv": [7.5, 5, 7.75, 5.5], "texture": "#0"},
				"east": {"uv": [0.5, 6.5, 1.625, 7], "texture": "#0"},
				"south": {"uv": [7.5, 5.5, 7.75, 6], "texture": "#0"},
				"west": {"uv": [2, 6.5, 3.125, 7], "texture": "#0"},
				"up": {"uv": [2.25, 8.125, 2, 7], "texture": "#0"},
				"down": {"uv": [7.25, 2, 7, 3.125], "texture": "#0"}
			}
		},
		{
			"from": [7.8, 27.4, 5.1],
			"to": [8.2, 30.7, 6.9],
			"rotation": {"angle": 0, "axis": "y", "origin": [0, 3.9, 0]},
			"faces": {
				"north": {"uv": [7, 0, 7.25, 1.625], "texture": "#0"},
				"east": {"uv": [0, 4.5, 0.875, 6.125], "texture": "#0"},
				"south": {"uv": [0.5, 7, 0.75, 8.625], "texture": "#0"},
				"west": {"uv": [1, 4.5, 1.875, 6.125], "texture": "#0"},
				"up": {"uv": [7.25, 6.375, 7, 5.5], "texture": "#0"},
				"down": {"uv": [6.75, 7, 6.5, 7.875], "texture": "#0"}
			}
		},
		{
			"from": [7.8, 30.7, 5.1],
			"to": [8.2, 32, 5.9],
			"rotation": {"angle": 0, "axis": "y", "origin": [0, 3.9, 0]},
			"faces": {
				"north": {"uv": [7.5, 1, 7.75, 1.625], "texture": "#0"},
				"east": {"uv": [2.5, 7, 2.875, 7.625], "texture": "#0"},
				"south": {"uv": [7.5, 2, 7.75, 2.625], "texture": "#0"},
				"west": {"uv": [3, 7, 3.375, 7.625], "texture": "#0"},
				"up": {"uv": [6.25, 7.875, 6, 7.5], "texture": "#0"},
				"down": {"uv": [7.75, 6, 7.5, 6.375], "texture": "#0"}
			}
		},
		{
			"from": [7.8, 30.7, 10.1],
			"to": [8.2, 32, 10.9],
			"rotation": {"angle": 0, "axis": "y", "origin": [0, 3.9, 0]},
			"faces": {
				"north": {"uv": [7.5, 3, 7.75, 3.625], "texture": "#0"},
				"east": {"uv": [7, 3.5, 7.375, 4.125], "texture": "#0"},
				"south": {"uv": [7.5, 4, 7.75, 4.625], "texture": "#0"},
				"west": {"uv": [7, 4.5, 7.375, 5.125], "texture": "#0"},
				"up": {"uv": [7.75, 6.875, 7.5, 6.5], "texture": "#0"},
				"down": {"uv": [7.25, 7.5, 7, 7.875], "texture": "#0"}
			}
		},
		{
			"from": [7.8, 27.4, 9.1],
			"to": [8.2, 30.7, 10.9],
			"rotation": {"angle": 0, "axis": "y", "origin": [0, 3.9, 0]},
			"faces": {
				"north": {"uv": [1, 7, 1.25, 8.625], "texture": "#0"},
				"east": {"uv": [2, 4.5, 2.875, 6.125], "texture": "#0"},
				"south": {"uv": [1.5, 7, 1.75, 8.625], "texture": "#0"},
				"west": {"uv": [3, 4.5, 3.875, 6.125], "texture": "#0"},
				"up": {"uv": [7.25, 7.375, 7, 6.5], "texture": "#0"},
				"down": {"uv": [7.75, 0, 7.5, 0.875], "texture": "#0"}
			}
		},
		{
			"from": [7.2, 10.9, 5],
			"to": [8.8, 18.1, 12.2],
			"rotation": {"angle": -45, "axis": "x", "origin": [8, 13.9, 8]},
			"faces": {
				"north": {"uv": [4, 5, 4.75, 8.625], "texture": "#1"},
				"east": {"uv": [0, 0, 3.625, 3.625], "texture": "#1"},
				"south": {"uv": [5, 5, 5.75, 8.625], "texture": "#1"},
				"west": {"uv": [0, 4, 3.625, 7.625], "texture": "#1"},
				"up": {"uv": [6.75, 8.625, 6, 5], "texture": "#1"},
				"down": {"uv": [7.25, 0, 6.5, 3.625], "texture": "#1"}
			}
		},
		{
			"from": [7.3, 13.8, 7.9],
			"to": [8.7, 18.8, 12.9],
			"rotation": {"angle": -45, "axis": "x", "origin": [8, 13.9, 8]},
			"faces": {
				"north": {"uv": [1, 8, 1.75, 10.5], "texture": "#1"},
				"east": {"uv": [4, 0, 6.5, 2.5], "texture": "#1"},
				"south": {"uv": [2, 8, 2.75, 10.5], "texture": "#1"},
				"west": {"uv": [4, 2.5, 6.5, 5], "texture": "#1"},
				"up": {"uv": [3.75, 10.5, 3, 8], "texture": "#1"},
				"down": {"uv": [8.75, 3.5, 8, 6], "texture": "#1"}
			}
		},
		{
			"from": [7.3, 8.94853, 7.3],
			"to": [8.7, 10.64853, 8.7],
			"rotation": {"angle": 0, "axis": "x", "origin": [8, 14.74853, 8]},
			"faces": {
				"north": {"uv": [8, 6, 8.75, 6.875], "texture": "#1"},
				"east": {"uv": [8, 7, 8.75, 7.875], "texture": "#1"},
				"south": {"uv": [8, 8, 8.75, 8.875], "texture": "#1"},
				"west": {"uv": [8.5, 0, 9.25, 0.875], "texture": "#1"},
				"up": {"uv": [9.25, 1.75, 8.5, 1], "texture": "#1"},
				"down": {"uv": [9.25, 2, 8.5, 2.75], "texture": "#1"}
			}
		},
		{
			"from": [7.4, 1.94853, 7.4],
			"to": [8.6, 8.94853, 8.6],
			"rotation": {"angle": 0, "axis": "y", "origin": [8, 14.74853, 8]},
			"faces": {
				"north": {"uv": [7, 4, 7.625, 7.5], "texture": "#1"},
				"east": {"uv": [7.5, 0, 8.125, 3.5], "texture": "#1"},
				"south": {"uv": [7, 7.5, 7.625, 11], "texture": "#1"},
				"west": {"uv": [0, 8, 0.625, 11.5], "texture": "#1"},
				"up": {"uv": [9.625, 3.625, 9, 3], "texture": "#1"},
				"down": {"uv": [4.625, 9, 4, 9.625], "texture": "#1"}
			}
		}
	],
	"display": {
		"thirdperson_righthand": {
			"translation": [0, -0.5, 1],
			"scale": [0.54, 0.54, 0.54]
		},
		"thirdperson_lefthand": {
			"translation": [0, -0.5, 1],
			"scale": [0.54, 0.54, 0.54]
		},
		"firstperson_righthand": {
			"translation": [1, -0.75, 0],
			"scale": [0.54, 0.54, 0.54]
		},
		"firstperson_lefthand": {
			"translation": [1, -0.75, 0],
			"scale": [0.54, 0.54, 0.54]
		},
		"ground": {
			"rotation": [0, 0, 180],
			"translation": [0, 12.5, 0],
			"scale": [0.54, 0.54, 0.54]
		},
		"gui": {
			"rotation": [0, 70, 171],
			"translation": [0, 5.25, 0],
			"scale": [0.54, 0.54, 0.54]
		},
		"fixed": {
			"rotation": [0, -90, 0],
			"translation": [0, -4.75, -0.25],
			"scale": [0.54, 0.54, 0.54]
		}
	},
	"groups": [
		{
			"name": "group",
			"origin": [8, 8, 8],
			"color": 0,
			"children": [0, 1, 2, 3, 4, 5, 6]
		},
		{
			"name": "group",
			"origin": [8, 8, 8],
			"color": 0,
			"children": [7, 8, 9, 10]
		}
	]
}