{
	"credit": "Made with Blockbench",
	"texture_size": [32, 32],
	"textures": {
		"0": "simplyswords:item/gk_axe_shaft",
		"1": "simplyswords:item/gk_axe_head",
		"particle": "simplyswords:item/gk_axe_shaft"
	},
	"elements": [
		{
			"from": [7.4, 25.4, 7.4],
			"to": [8.6, 27.4, 8.6],
			"faces": {
				"north": {"uv": [3.5, 5.5, 4.125, 6.5], "texture": "#0"},
				"east": {"uv": [5.5, 3.5, 6.125, 4.5], "texture": "#0"},
				"south": {"uv": [4.5, 5.5, 5.125, 6.5], "texture": "#0"},
				"west": {"uv": [5.5, 4.5, 6.125, 5.5], "texture": "#0"},
				"up": {"uv": [6.125, 6.125, 5.5, 5.5], "texture": "#0"},
				"down": {"uv": [6.625, 0, 6, 0.625], "texture": "#0"}
			}
		},
		{
			"from": [7.5, 3, 7.5],
			"to": [8.5, 17.7, 8.5],
			"faces": {
				"north": {"uv": [1.5, 4, 2, 11.375], "texture": "#0"},
				"east": {"uv": [2, 4, 2.5, 11.375], "texture": "#0"},
				"south": {"uv": [2.5, 4, 3, 11.375], "texture": "#0"},
				"west": {"uv": [3, 4, 3.5, 11.375], "texture": "#0"},
				"up": {"uv": [5, 4, 4.5, 3.5], "texture": "#0"},
				"down": {"uv": [6.5, 1, 6, 1.5], "texture": "#0"}
			}
		},
		{
			"from": [7.5, 0.16261, 8.32298],
			"to": [8.5, 3.36261, 9.32298],
			"rotation": {"angle": -22.5, "axis": "x", "origin": [8, 1.11261, 8.82298]},
			"faces": {
				"north": {"uv": [4.5, 1.5, 5, 3.125], "texture": "#0"},
				"east": {"uv": [5, 1.5, 5.5, 3.125], "texture": "#0"},
				"south": {"uv": [5, 3.5, 5.5, 5.125], "texture": "#0"},
				"west": {"uv": [5.5, 1.5, 6, 3.125], "texture": "#0"},
				"up": {"uv": [6.5, 2, 6, 1.5], "texture": "#0"},
				"down": {"uv": [6.5, 2, 6, 2.5], "texture": "#0"}
			}
		},
		{
			"from": [6.9, 17.7, 6.9],
			"to": [9.1, 25.4, 9.1],
			"faces": {
				"north": {"uv": [0, 0, 1.125, 3.875], "texture": "#0"},
				"east": {"uv": [1.5, 0, 2.625, 3.875], "texture": "#0"},
				"south": {"uv": [3, 0, 4.125, 3.875], "texture": "#0"},
				"west": {"uv": [0, 4, 1.125, 7.875], "texture": "#0"},
				"up": {"uv": [4.625, 5.125, 3.5, 4], "texture": "#0"},
				"down": {"uv": [5.625, 0, 4.5, 1.125], "texture": "#0"}
			}
		},
		{
			"from": [7.5, 18.1, 4.7],
			"to": [8.5, 25, 6.9],
			"faces": {
				"north": {"uv": [1.5, 8.5, 2, 12], "texture": "#1"},
				"east": {"uv": [8, 0, 9.125, 3.5], "texture": "#1"},
				"south": {"uv": [2, 8.5, 2.5, 12], "texture": "#1"},
				"west": {"uv": [8, 3.5, 9.125, 7], "texture": "#1"},
				"up": {"uv": [3, 11.125, 2.5, 10], "texture": "#1"},
				"down": {"uv": [3.5, 10, 3, 11.125], "texture": "#1"}
			}
		},
		{
			"from": [7.5, 16.6, 2.5],
			"to": [8.5, 26.5, 4.7],
			"faces": {
				"north": {"uv": [0.5, 8.5, 1, 13.5], "texture": "#1"},
				"east": {"uv": [4, 6.5, 5.125, 11.5], "texture": "#1"},
				"south": {"uv": [1, 8.5, 1.5, 13.5], "texture": "#1"},
				"west": {"uv": [5.5, 6.5, 6.625, 11.5], "texture": "#1"},
				"up": {"uv": [10.5, 4.125, 10, 3], "texture": "#1"},
				"down": {"uv": [4, 10, 3.5, 11.125], "texture": "#1"}
			}
		},
		{
			"from": [7.5, 15.2, 0.3],
			"to": [8.5, 27.9, 2.5],
			"faces": {
				"north": {"uv": [8, 7, 8.5, 13.375], "texture": "#1"},
				"east": {"uv": [4, 0, 5.125, 6.375], "texture": "#1"},
				"south": {"uv": [0, 8.5, 0.5, 14.875], "texture": "#1"},
				"west": {"uv": [5.5, 0, 6.625, 6.375], "texture": "#1"},
				"up": {"uv": [10.5, 5.625, 10, 4.5], "texture": "#1"},
				"down": {"uv": [10.5, 6, 10, 7.125], "texture": "#1"}
			}
		},
		{
			"from": [7.5, 13.3, -2.9],
			"to": [8.5, 29.8, 0.3],
			"faces": {
				"north": {"uv": [7, 0, 7.5, 8.25], "texture": "#1"},
				"east": {"uv": [0, 0, 1.625, 8.25], "texture": "#1"},
				"south": {"uv": [7.5, 0, 8, 8.25], "texture": "#1"},
				"west": {"uv": [2, 0, 3.625, 8.25], "texture": "#1"},
				"up": {"uv": [7.5, 10.125, 7, 8.5], "texture": "#1"},
				"down": {"uv": [8, 8.5, 7.5, 10.125], "texture": "#1"}
			}
		},
		{
			"from": [7.5, 28.8, 0.14625],
			"to": [8.5, 31.5, 2.34625],
			"rotation": {"angle": 22.5, "axis": "x", "origin": [8, 34.52128, 1.24625]},
			"faces": {
				"north": {"uv": [9.5, 1.5, 10, 2.875], "texture": "#1"},
				"east": {"uv": [2.5, 8.5, 3.625, 9.875], "texture": "#1"},
				"south": {"uv": [9.5, 3, 10, 4.375], "texture": "#1"},
				"west": {"uv": [8.5, 7, 9.625, 8.375], "texture": "#1"},
				"up": {"uv": [10.5, 8.625, 10, 7.5], "texture": "#1"},
				"down": {"uv": [9, 10, 8.5, 11.125], "texture": "#1"}
			}
		},
		{
			"from": [7.5, 11.12371, -1.46711],
			"to": [8.5, 13.82371, 0.73289],
			"rotation": {"angle": -22.5, "axis": "x", "origin": [8, 12.47371, -0.36711]},
			"faces": {
				"north": {"uv": [9.5, 4.5, 10, 5.875], "texture": "#1"},
				"east": {"uv": [8.5, 8.5, 9.625, 9.875], "texture": "#1"},
				"south": {"uv": [10, 1.5, 10.5, 2.875], "texture": "#1"},
				"west": {"uv": [9.5, 0, 10.625, 1.375], "texture": "#1"},
				"up": {"uv": [9.5, 11.125, 9, 10], "texture": "#1"},
				"down": {"uv": [10.5, 9, 10, 10.125], "texture": "#1"}
			}
		}
	],
	"display": {
		"thirdperson_righthand": {
			"translation": [0, 1, 1],
			"scale": [1.06, 1.06, 1.06]
		},
		"thirdperson_lefthand": {
			"translation": [0, 1, 1],
			"scale": [1.06, 1.06, 1.06]
		},
		"firstperson_righthand": {
			"translation": [0, 3.75, 0],
			"scale": [1.06, 1.06, 1.06]
		},
		"firstperson_lefthand": {
			"translation": [0, 3.75, 0],
			"scale": [1.06, 1.06, 1.06]
		},
		"ground": {
			"rotation": [0, 0, 90],
			"translation": [3.5, -0.5, 0]
		},
		"gui": {
			"rotation": [41, -124, 45],
			"translation": [-4.25, -3.75, 0],
			"scale": [0.66, 0.66, 0.66]
		},
		"fixed": {
			"rotation": [0, 90, 0],
			"translation": [0, -6, -0.5]
		}
	},
	"groups": [
		{
			"name": "group",
			"origin": [8, 8, 8],
			"color": 0,
			"children": [0, 1, 2, 3]
		},
		{
			"name": "group",
			"origin": [8, 8, 8],
			"color": 0,
			"children": [4, 5, 6, 7, 8, 9]
		}
	]
}