{
	"credit": "Made with Blockbench",
	"texture_size": [64, 64],
	"textures": {
		"0": "simplyswords:item/hhsc_handle",
		"1": "simplyswords:item/hhsc_head",
		"particle": "simplyswords:item/hhsc_handle"
	},
	"elements": [
		{
			"from": [7.5, 5, 7.5],
			"to": [8.5, 19.6, 8.5],
			"rotation": {"angle": 0, "axis": "y", "origin": [0, -4.6, 0]},
			"faces": {
				"north": {"uv": [0, 0, 1, 14.5], "texture": "#0"},
				"east": {"uv": [1, 0, 2, 14.5], "texture": "#0"},
				"south": {"uv": [2, 0, 3, 14.5], "texture": "#0"},
				"west": {"uv": [3, 0, 4, 14.5], "texture": "#0"},
				"up": {"uv": [7, 1, 6, 0], "texture": "#0"},
				"down": {"uv": [7, 1, 6, 2], "texture": "#0"}
			}
		},
		{
			"from": [7.5, 1.07194, 9.37536],
			"to": [8.5, 5.57194, 10.37536],
			"rotation": {"angle": -22.5, "axis": "x", "origin": [8, 0.57194, 9.87536]},
			"faces": {
				"north": {"uv": [4, 0, 5, 4.5], "texture": "#0"},
				"east": {"uv": [5, 0, 6, 4.5], "texture": "#0"},
				"south": {"uv": [4, 5, 5, 9.5], "texture": "#0"},
				"west": {"uv": [5, 5, 6, 9.5], "texture": "#0"},
				"up": {"uv": [7, 3, 6, 2], "texture": "#0"},
				"down": {"uv": [7, 3, 6, 4], "texture": "#0"}
			}
		},
		{
			"from": [7.4, 19.6, 7.4],
			"to": [8.6, 27.3, 8.6],
			"rotation": {"angle": 0, "axis": "y", "origin": [0, -4.6, 0]},
			"faces": {
				"north": {"uv": [3.5, 2.75, 3.8125, 4.6875], "texture": "#1"},
				"east": {"uv": [3.75, 0, 4.0625, 1.9375], "texture": "#1"},
				"south": {"uv": [4, 2, 4.3125, 3.9375], "texture": "#1"},
				"west": {"uv": [4, 4, 4.3125, 5.9375], "texture": "#1"},
				"up": {"uv": [6.8125, 2.5625, 6.5, 2.25], "texture": "#1"},
				"down": {"uv": [5.3125, 6.5, 5, 6.8125], "texture": "#1"}
			}
		},
		{
			"from": [7.1, 22.5, 8.6],
			"to": [8.9, 24.4, 9.5],
			"rotation": {"angle": 0, "axis": "y", "origin": [0, -4.6, 0]},
			"faces": {
				"north": {"uv": [5, 2.75, 5.4375, 3.21875], "texture": "#1"},
				"east": {"uv": [2.25, 5, 2.46875, 5.46875], "texture": "#1"},
				"south": {"uv": [5.75, 3.25, 6.1875, 3.71875], "texture": "#1"},
				"west": {"uv": [5.5, 2.75, 5.71875, 3.21875], "texture": "#1"},
				"up": {"uv": [6.9375, 2.96875, 6.5, 2.75], "texture": "#1"},
				"down": {"uv": [6.9375, 5, 6.5, 5.21875], "texture": "#1"}
			}
		},
		{
			"from": [6.8, 20.5, 9.5],
			"to": [9.2, 26.4, 11.3],
			"rotation": {"angle": 0, "axis": "y", "origin": [0, -4.6, 0]},
			"faces": {
				"north": {"uv": [2.5, 0, 3.09375, 1.46875], "texture": "#1"},
				"east": {"uv": [1.5, 3.5, 1.9375, 4.96875], "texture": "#1"},
				"south": {"uv": [2.5, 1.5, 3.09375, 2.96875], "texture": "#1"},
				"west": {"uv": [2, 3.5, 2.4375, 4.96875], "texture": "#1"},
				"up": {"uv": [2.09375, 5.4375, 1.5, 5], "texture": "#1"},
				"down": {"uv": [5.59375, 2.25, 5, 2.6875], "texture": "#1"}
			}
		},
		{
			"from": [5.8, 19.8, 11.3],
			"to": [10.2, 27.1, 13.1],
			"rotation": {"angle": 0, "axis": "y", "origin": [0, -4.6, 0]},
			"faces": {
				"north": {"uv": [0, 0, 1.09375, 1.8125], "texture": "#1"},
				"east": {"uv": [0.5, 3.5, 0.9375, 5.3125], "texture": "#1"},
				"south": {"uv": [1.25, 0, 2.34375, 1.8125], "texture": "#1"},
				"west": {"uv": [1, 3.5, 1.4375, 5.3125], "texture": "#1"},
				"up": {"uv": [5.59375, 3.9375, 4.5, 3.5], "texture": "#1"},
				"down": {"uv": [5.59375, 4, 4.5, 4.4375], "texture": "#1"}
			}
		},
		{
			"from": [7.8, 20.2, 6.2],
			"to": [8.2, 26.7, 7.4],
			"rotation": {"angle": 0, "axis": "y", "origin": [0, -4.6, 0]},
			"faces": {
				"north": {"uv": [6.25, 5, 6.34375, 6.625], "texture": "#1"},
				"east": {"uv": [4.25, 0, 4.5625, 1.625], "texture": "#1"},
				"south": {"uv": [6, 6.25, 6.09375, 7.875], "texture": "#1"},
				"west": {"uv": [4.5, 1.75, 4.8125, 3.375], "texture": "#1"},
				"up": {"uv": [7.34375, 3.3125, 7.25, 3], "texture": "#1"},
				"down": {"uv": [3.34375, 7.25, 3.25, 7.5625], "texture": "#1"}
			}
		},
		{
			"from": [7.8, 18.00027, 0.62171],
			"to": [8.2, 28.90027, 1.82171],
			"rotation": {"angle": 0, "axis": "y", "origin": [0, -2.39973, -5.57829]},
			"faces": {
				"north": {"uv": [3.5, 4.75, 3.59375, 7.46875], "texture": "#1"},
				"east": {"uv": [2.5, 3, 2.8125, 5.71875], "texture": "#1"},
				"south": {"uv": [3.75, 4.75, 3.84375, 7.46875], "texture": "#1"},
				"west": {"uv": [3, 3, 3.3125, 5.71875], "texture": "#1"},
				"up": {"uv": [7.34375, 3.8125, 7.25, 3.5], "texture": "#1"},
				"down": {"uv": [7.34375, 4, 7.25, 4.3125], "texture": "#1"}
			}
		},
		{
			"from": [7.7, 20.60027, 1.82171],
			"to": [8.3, 26.30027, 6.42171],
			"rotation": {"angle": 0, "axis": "y", "origin": [0, -2.39973, -5.57829]},
			"faces": {
				"north": {"uv": [3, 5.75, 3.15625, 7.1875], "texture": "#1"},
				"east": {"uv": [0, 2, 1.15625, 3.4375], "texture": "#1"},
				"south": {"uv": [3.25, 5.75, 3.40625, 7.1875], "texture": "#1"},
				"west": {"uv": [1.25, 2, 2.40625, 3.4375], "texture": "#1"},
				"up": {"uv": [4.65625, 6.90625, 4.5, 5.75], "texture": "#1"},
				"down": {"uv": [4.90625, 5.75, 4.75, 6.90625], "texture": "#1"}
			}
		},
		{
			"from": [7.7, 26.30027, 1.82171],
			"to": [8.3, 27.00027, 6.12171],
			"rotation": {"angle": 0, "axis": "y", "origin": [0, -2.39973, -5.57829]},
			"faces": {
				"north": {"uv": [3.25, 2.75, 3.40625, 2.9375], "texture": "#1"},
				"east": {"uv": [5.25, 1, 6.3125, 1.1875], "texture": "#1"},
				"south": {"uv": [4.25, 1.75, 4.40625, 1.9375], "texture": "#1"},
				"west": {"uv": [5.75, 3.75, 6.8125, 3.9375], "texture": "#1"},
				"up": {"uv": [6.15625, 6.0625, 6, 5], "texture": "#1"},
				"down": {"uv": [0.15625, 6.25, 0, 7.3125], "texture": "#1"}
			}
		},
		{
			"from": [7.7, 19.90027, 1.82171],
			"to": [8.3, 20.60027, 6.12171],
			"rotation": {"angle": 0, "axis": "y", "origin": [0, -2.39973, -5.57829]},
			"faces": {
				"north": {"uv": [7.25, 4.5, 7.40625, 4.6875], "texture": "#1"},
				"east": {"uv": [5.75, 4, 6.8125, 4.1875], "texture": "#1"},
				"south": {"uv": [7.25, 4.75, 7.40625, 4.9375], "texture": "#1"},
				"west": {"uv": [5.75, 4.25, 6.8125, 4.4375], "texture": "#1"},
				"up": {"uv": [0.40625, 7.3125, 0.25, 6.25], "texture": "#1"},
				"down": {"uv": [6.40625, 1.75, 6.25, 2.8125], "texture": "#1"}
			}
		},
		{
			"from": [7.7, 27.00027, 1.82171],
			"to": [8.3, 27.70027, 5.42171],
			"rotation": {"angle": 0, "axis": "y", "origin": [0, -2.39973, -5.57829]},
			"faces": {
				"north": {"uv": [7.25, 5, 7.40625, 5.1875], "texture": "#1"},
				"east": {"uv": [6, 1.25, 6.90625, 1.4375], "texture": "#1"},
				"south": {"uv": [7.25, 5.25, 7.40625, 5.4375], "texture": "#1"},
				"west": {"uv": [6, 1.5, 6.90625, 1.6875], "texture": "#1"},
				"up": {"uv": [6.40625, 0.90625, 6.25, 0], "texture": "#1"},
				"down": {"uv": [6.65625, 0, 6.5, 0.90625], "texture": "#1"}
			}
		},
		{
			"from": [7.7, 19.20027, 1.82171],
			"to": [8.3, 19.90027, 5.42171],
			"rotation": {"angle": 0, "axis": "y", "origin": [0, -2.39973, -5.57829]},
			"faces": {
				"north": {"uv": [5.5, 7.25, 5.65625, 7.4375], "texture": "#1"},
				"east": {"uv": [6, 4.5, 6.90625, 4.6875], "texture": "#1"},
				"south": {"uv": [7.25, 5.5, 7.40625, 5.6875], "texture": "#1"},
				"west": {"uv": [6, 4.75, 6.90625, 4.9375], "texture": "#1"},
				"up": {"uv": [0.65625, 7.40625, 0.5, 6.5], "texture": "#1"},
				"down": {"uv": [0.90625, 6.5, 0.75, 7.40625], "texture": "#1"}
			}
		},
		{
			"from": [7.7, 27.70027, 1.82171],
			"to": [8.3, 28.40027, 4.72171],
			"rotation": {"angle": 0, "axis": "y", "origin": [0, -2.39973, -5.57829]},
			"faces": {
				"north": {"uv": [5.75, 7.25, 5.90625, 7.4375], "texture": "#1"},
				"east": {"uv": [5, 3.25, 5.71875, 3.4375], "texture": "#1"},
				"south": {"uv": [7.25, 5.75, 7.40625, 5.9375], "texture": "#1"},
				"west": {"uv": [6.25, 3, 6.96875, 3.1875], "texture": "#1"},
				"up": {"uv": [3.90625, 2.71875, 3.75, 2], "texture": "#1"},
				"down": {"uv": [1.15625, 6.5, 1, 7.21875], "texture": "#1"}
			}
		},
		{
			"from": [7.7, 18.50027, 1.82171],
			"to": [8.3, 19.20027, 4.72171],
			"rotation": {"angle": 0, "axis": "y", "origin": [0, -2.39973, -5.57829]},
			"faces": {
				"north": {"uv": [7.25, 6, 7.40625, 6.1875], "texture": "#1"},
				"east": {"uv": [6.25, 3.25, 6.96875, 3.4375], "texture": "#1"},
				"south": {"uv": [7.25, 6.25, 7.40625, 6.4375], "texture": "#1"},
				"west": {"uv": [6.25, 3.5, 6.96875, 3.6875], "texture": "#1"},
				"up": {"uv": [1.40625, 7.21875, 1.25, 6.5], "texture": "#1"},
				"down": {"uv": [1.65625, 6.5, 1.5, 7.21875], "texture": "#1"}
			}
		},
		{
			"from": [7.7, 28.40027, 1.82171],
			"to": [8.3, 29.10027, 4.12171],
			"rotation": {"angle": 0, "axis": "y", "origin": [0, -2.39973, -5.57829]},
			"faces": {
				"north": {"uv": [7.25, 6.5, 7.40625, 6.6875], "texture": "#1"},
				"east": {"uv": [6.5, 1, 7.0625, 1.1875], "texture": "#1"},
				"south": {"uv": [6.75, 7.25, 6.90625, 7.4375], "texture": "#1"},
				"west": {"uv": [1.75, 6.5, 2.3125, 6.6875], "texture": "#1"},
				"up": {"uv": [6.65625, 5.8125, 6.5, 5.25], "texture": "#1"},
				"down": {"uv": [5.65625, 6.5, 5.5, 7.0625], "texture": "#1"}
			}
		},
		{
			"from": [7.7, 17.80027, 1.82171],
			"to": [8.3, 18.50027, 4.12171],
			"rotation": {"angle": 0, "axis": "y", "origin": [0, -2.39973, -5.57829]},
			"faces": {
				"north": {"uv": [7.25, 6.75, 7.40625, 6.9375], "texture": "#1"},
				"east": {"uv": [6.5, 1.75, 7.0625, 1.9375], "texture": "#1"},
				"south": {"uv": [7.25, 7, 7.40625, 7.1875], "texture": "#1"},
				"west": {"uv": [6.5, 2, 7.0625, 2.1875], "texture": "#1"},
				"up": {"uv": [5.90625, 7.0625, 5.75, 6.5], "texture": "#1"},
				"down": {"uv": [6.65625, 6, 6.5, 6.5625], "texture": "#1"}
			}
		},
		{
			"from": [7.7, 29.10027, 2.32171],
			"to": [8.3, 29.80027, 4.12171],
			"rotation": {"angle": 0, "axis": "y", "origin": [0, -2.39973, -5.57829]},
			"faces": {
				"north": {"uv": [7.25, 7.25, 7.40625, 7.4375], "texture": "#1"},
				"east": {"uv": [6.75, 0, 7.1875, 0.1875], "texture": "#1"},
				"south": {"uv": [0, 7.5, 0.15625, 7.6875], "texture": "#1"},
				"west": {"uv": [6.75, 0.25, 7.1875, 0.4375], "texture": "#1"},
				"up": {"uv": [7.15625, 1.6875, 7, 1.25], "texture": "#1"},
				"down": {"uv": [4.65625, 7, 4.5, 7.4375], "texture": "#1"}
			}
		},
		{
			"from": [7.7, 17.10027, 2.32171],
			"to": [8.3, 17.80027, 4.12171],
			"rotation": {"angle": 0, "axis": "y", "origin": [0, -2.39973, -5.57829]},
			"faces": {
				"north": {"uv": [7.5, 0, 7.65625, 0.1875], "texture": "#1"},
				"east": {"uv": [6.75, 0.5, 7.1875, 0.6875], "texture": "#1"},
				"south": {"uv": [0.25, 7.5, 0.40625, 7.6875], "texture": "#1"},
				"west": {"uv": [6.75, 0.75, 7.1875, 0.9375], "texture": "#1"},
				"up": {"uv": [4.90625, 7.4375, 4.75, 7], "texture": "#1"},
				"down": {"uv": [5.15625, 7, 5, 7.4375], "texture": "#1"}
			}
		},
		{
			"from": [7.7, 29.80027, 3.02171],
			"to": [8.3, 30.50027, 4.12171],
			"rotation": {"angle": 0, "axis": "y", "origin": [0, -2.39973, -5.57829]},
			"faces": {
				"north": {"uv": [7.5, 0.25, 7.65625, 0.4375], "texture": "#1"},
				"east": {"uv": [1, 7.25, 1.28125, 7.4375], "texture": "#1"},
				"south": {"uv": [0.5, 7.5, 0.65625, 7.6875], "texture": "#1"},
				"west": {"uv": [7.25, 1.25, 7.53125, 1.4375], "texture": "#1"},
				"up": {"uv": [1.65625, 7.53125, 1.5, 7.25], "texture": "#1"},
				"down": {"uv": [7.40625, 2, 7.25, 2.28125], "texture": "#1"}
			}
		},
		{
			"from": [7.7, 16.40027, 3.02171],
			"to": [8.3, 17.10027, 4.12171],
			"rotation": {"angle": 0, "axis": "y", "origin": [0, -2.39973, -5.57829]},
			"faces": {
				"north": {"uv": [7.5, 0.5, 7.65625, 0.6875], "texture": "#1"},
				"east": {"uv": [7.25, 1.5, 7.53125, 1.6875], "texture": "#1"},
				"south": {"uv": [0.75, 7.5, 0.90625, 7.6875], "texture": "#1"},
				"west": {"uv": [7.25, 1.75, 7.53125, 1.9375], "texture": "#1"},
				"up": {"uv": [7.40625, 2.78125, 7.25, 2.5], "texture": "#1"},
				"down": {"uv": [3.15625, 7.25, 3, 7.53125], "texture": "#1"}
			}
		},
		{
			"from": [7.9, 18.00027, -0.07829],
			"to": [8.1, 28.90027, 1.12171],
			"rotation": {"angle": 0, "axis": "y", "origin": [0, -2.39973, -5.17829]},
			"faces": {
				"north": {"uv": [4, 6, 4.0625, 8.71875], "texture": "#1"},
				"east": {"uv": [3.25, 0, 3.5625, 2.71875], "texture": "#1"},
				"south": {"uv": [4.25, 6, 4.3125, 8.71875], "texture": "#1"},
				"west": {"uv": [0, 3.5, 0.3125, 6.21875], "texture": "#1"},
				"up": {"uv": [4.8125, 7.8125, 4.75, 7.5], "texture": "#1"},
				"down": {"uv": [5.0625, 7.5, 5, 7.8125], "texture": "#1"}
			}
		},
		{
			"from": [7.8, 26.26109, 6.34038],
			"to": [8.2, 29.56109, 7.54038],
			"rotation": {"angle": -45, "axis": "x", "origin": [8, 26.31109, 6.94038]},
			"faces": {
				"north": {"uv": [1.75, 6.75, 1.84375, 7.5625], "texture": "#1"},
				"east": {"uv": [5, 4.5, 5.3125, 5.3125], "texture": "#1"},
				"south": {"uv": [2, 6.75, 2.09375, 7.5625], "texture": "#1"},
				"west": {"uv": [5.25, 0, 5.5625, 0.8125], "texture": "#1"},
				"up": {"uv": [7.59375, 1.0625, 7.5, 0.75], "texture": "#1"},
				"down": {"uv": [1.09375, 7.5, 1, 7.8125], "texture": "#1"}
			}
		},
		{
			"from": [7.8, 17.80754, 5.20901],
			"to": [8.2, 21.10754, 6.40901],
			"rotation": {"angle": 45, "axis": "x", "origin": [8, 19.45754, 5.80901]},
			"faces": {
				"north": {"uv": [2.25, 6.75, 2.34375, 7.5625], "texture": "#1"},
				"east": {"uv": [0.5, 5.5, 0.8125, 6.3125], "texture": "#1"},
				"south": {"uv": [2.5, 6.75, 2.59375, 7.5625], "texture": "#1"},
				"west": {"uv": [1, 5.5, 1.3125, 6.3125], "texture": "#1"},
				"up": {"uv": [1.34375, 7.8125, 1.25, 7.5], "texture": "#1"},
				"down": {"uv": [7.59375, 2, 7.5, 2.3125], "texture": "#1"}
			}
		},
		{
			"from": [7.8, 28.28893, 3.54092],
			"to": [8.2, 31.58893, 4.74092],
			"rotation": {"angle": -22.5, "axis": "x", "origin": [8, 29.93893, 4.14092]},
			"faces": {
				"north": {"uv": [2.75, 6.75, 2.84375, 7.5625], "texture": "#1"},
				"east": {"uv": [1.5, 5.5, 1.8125, 6.3125], "texture": "#1"},
				"south": {"uv": [6.75, 5.25, 6.84375, 6.0625], "texture": "#1"},
				"west": {"uv": [2, 5.5, 2.3125, 6.3125], "texture": "#1"},
				"up": {"uv": [7.59375, 2.8125, 7.5, 2.5], "texture": "#1"},
				"down": {"uv": [7.59375, 3, 7.5, 3.3125], "texture": "#1"}
			}
		},
		{
			"from": [7.8, 15.31106, 3.54092],
			"to": [8.2, 18.61106, 4.74092],
			"rotation": {"angle": 22.5, "axis": "x", "origin": [8, 16.96106, 4.14092]},
			"faces": {
				"north": {"uv": [6.25, 6.75, 6.34375, 7.5625], "texture": "#1"},
				"east": {"uv": [5.5, 4.5, 5.8125, 5.3125], "texture": "#1"},
				"south": {"uv": [6.75, 6.25, 6.84375, 7.0625], "texture": "#1"},
				"west": {"uv": [5, 5.5, 5.3125, 6.3125], "texture": "#1"},
				"up": {"uv": [3.59375, 7.8125, 3.5, 7.5], "texture": "#1"},
				"down": {"uv": [7.59375, 3.5, 7.5, 3.8125], "texture": "#1"}
			}
		},
		{
			"from": [7.8, 27.80688, 2.06139],
			"to": [8.2, 31.10688, 3.26139],
			"rotation": {"angle": 45, "axis": "x", "origin": [8, 30.09142, 2.66139]},
			"faces": {
				"north": {"uv": [6.5, 6.75, 6.59375, 7.5625], "texture": "#1"},
				"east": {"uv": [5.5, 5.5, 5.8125, 6.3125], "texture": "#1"},
				"south": {"uv": [7, 2.25, 7.09375, 3.0625], "texture": "#1"},
				"west": {"uv": [5.75, 0, 6.0625, 0.8125], "texture": "#1"},
				"up": {"uv": [3.84375, 7.8125, 3.75, 7.5], "texture": "#1"},
				"down": {"uv": [7.59375, 4, 7.5, 4.3125], "texture": "#1"}
			}
		},
		{
			"from": [7.9, 26.18054, 0.68773],
			"to": [8.1, 30.38054, 1.88773],
			"rotation": {"angle": 45, "axis": "x", "origin": [8, 28.46507, 3.58773]},
			"faces": {
				"north": {"uv": [5.25, 7, 5.3125, 8.0625], "texture": "#1"},
				"east": {"uv": [4.5, 4.5, 4.8125, 5.5625], "texture": "#1"},
				"south": {"uv": [7, 5.25, 7.0625, 6.3125], "texture": "#1"},
				"west": {"uv": [4.75, 0, 5.0625, 1.0625], "texture": "#1"},
				"up": {"uv": [7.5625, 5.3125, 7.5, 5], "texture": "#1"},
				"down": {"uv": [5.5625, 7.5, 5.5, 7.8125], "texture": "#1"}
			}
		},
		{
			"from": [7.9, 16.65781, -0.1373],
			"to": [8.1, 17.85781, 4.0627],
			"rotation": {"angle": 45, "axis": "x", "origin": [8, 17.25781, 1.5127]},
			"faces": {
				"north": {"uv": [7.5, 5.5, 7.5625, 5.8125], "texture": "#1"},
				"east": {"uv": [4.75, 1.25, 5.8125, 1.5625], "texture": "#1"},
				"south": {"uv": [5.75, 7.5, 5.8125, 7.8125], "texture": "#1"},
				"west": {"uv": [5, 1.75, 6.0625, 2.0625], "texture": "#1"},
				"up": {"uv": [7.0625, 7.5625, 7, 6.5], "texture": "#1"},
				"down": {"uv": [7.3125, 0, 7.25, 1.0625], "texture": "#1"}
			}
		},
		{
			"from": [7.8, 15.60726, 1.6127],
			"to": [8.2, 18.90726, 2.8127],
			"rotation": {"angle": -45, "axis": "x", "origin": [8, 17.25726, 2.2127]},
			"faces": {
				"north": {"uv": [7, 3.25, 7.09375, 4.0625], "texture": "#1"},
				"east": {"uv": [5.75, 2.25, 6.0625, 3.0625], "texture": "#1"},
				"south": {"uv": [7, 4.25, 7.09375, 5.0625], "texture": "#1"},
				"west": {"uv": [2.5, 5.75, 2.8125, 6.5625], "texture": "#1"},
				"up": {"uv": [4.59375, 7.8125, 4.5, 7.5], "texture": "#1"},
				"down": {"uv": [7.59375, 4.5, 7.5, 4.8125], "texture": "#1"}
			}
		}
	],
	"display": {
		"thirdperson_righthand": {
			"translation": [0, -3.25, 1.75],
			"scale": [1.3, 1.3, 1.3]
		},
		"thirdperson_lefthand": {
			"translation": [0, -3.25, 1.75],
			"scale": [1.3, 1.3, 1.3]
		},
		"ground": {
			"translation": [0, 6.25, 0],
			"scale": [0.78, 0.78, 0.78]
		},
		"gui": {
			"rotation": [41, -105, 40],
			"translation": [-2.25, -4.5, 0],
			"scale": [0.6, 0.6, 0.6]
		},
		"fixed": {
			"rotation": [0, 90, 0],
			"translation": [0, -6.75, -0.5]
		}
	},
	"groups": [
		{
			"name": "group",
			"origin": [8, 8, 8],
			"color": 0,
			"children": [0, 1]
		},
		{
			"name": "group",
			"origin": [8, 8, 8],
			"color": 0,
			"children": [2, 3, 4, 5, 6, 7, 8, 9, 10, 11, 12, 13, 14, 15, 16, 17, 18, 19, 20, 21, 22, 23, 24, 25, 26, 27, 28, 29]
		}
	]
}