{
	"credit": "Made with Blockbench",
	"texture_size": [32, 32],
	"textures": {
		"0": "simplyswords:item/master_sword_hilt",
		"1": "simplyswords:item/master_sword_blade",
		"particle": "simplyswords:item/master_sword_hilt"
	},
	"elements": [
		{
			"from": [7.6, 23, 7.9],
			"to": [8.4, 23.8, 8.1],
			"rotation": {"angle": -45, "axis": "z", "origin": [8, 23.4, 8]},
			"faces": {
				"north": {"uv": [7, 3, 7.375, 3.375], "texture": "#1"},
				"east": {"uv": [2, 8, 2.125, 8.375], "texture": "#1"},
				"south": {"uv": [7, 3.5, 7.375, 3.875], "texture": "#1"},
				"west": {"uv": [8, 2, 8.125, 2.375], "texture": "#1"},
				"up": {"uv": [8.375, 2.625, 8, 2.5], "texture": "#1"},
				"down": {"uv": [8.375, 3, 8, 3.125], "texture": "#1"}
			}
		},
		{
			"from": [7.1, 21.8, 7.8],
			"to": [8.9, 22.4, 8.2],
			"rotation": {"angle": 0, "axis": "y", "origin": [8, 23.4, 8]},
			"faces": {
				"north": {"uv": [6, 4.5, 6.875, 4.8125], "texture": "#1"},
				"east": {"uv": [7, 7.5, 7.1875, 7.8125], "texture": "#1"},
				"south": {"uv": [6, 5, 6.875, 5.3125], "texture": "#1"},
				"west": {"uv": [7.5, 7.5, 7.6875, 7.8125], "texture": "#1"},
				"up": {"uv": [7.375, 4.1875, 6.5, 4], "texture": "#1"},
				"down": {"uv": [2.375, 7, 1.5, 7.1875], "texture": "#1"}
			}
		},
		{
			"from": [7.5, 22.4, 7.8],
			"to": [8.5, 23, 8.2],
			"rotation": {"angle": 0, "axis": "y", "origin": [8, 23.4, 8]},
			"faces": {
				"north": {"uv": [7, 2, 7.5, 2.3125], "texture": "#1"},
				"east": {"uv": [0, 8, 0.1875, 8.3125], "texture": "#1"},
				"south": {"uv": [7, 2.5, 7.5, 2.8125], "texture": "#1"},
				"west": {"uv": [8, 0, 8.1875, 0.3125], "texture": "#1"},
				"up": {"uv": [7.5, 4.6875, 7, 4.5], "texture": "#1"},
				"down": {"uv": [7.5, 5, 7, 5.1875], "texture": "#1"}
			}
		},
		{
			"from": [7.8, 23, 7.8],
			"to": [8.2, 23.6, 8.2],
			"rotation": {"angle": 0, "axis": "y", "origin": [8, 23.4, 8]},
			"faces": {
				"north": {"uv": [0.5, 8, 0.6875, 8.3125], "texture": "#1"},
				"east": {"uv": [8, 0.5, 8.1875, 0.8125], "texture": "#1"},
				"south": {"uv": [1.5, 8, 1.6875, 8.3125], "texture": "#1"},
				"west": {"uv": [8, 1.5, 8.1875, 1.8125], "texture": "#1"},
				"up": {"uv": [2.1875, 8.6875, 2, 8.5], "texture": "#1"},
				"down": {"uv": [8.6875, 2, 8.5, 2.1875], "texture": "#1"}
			}
		},
		{
			"from": [8.09246, 22.25754, 7.9],
			"to": [9.39246, 23.05754, 8.1],
			"rotation": {"angle": -45, "axis": "z", "origin": [8.74246, 22.65754, 8]},
			"faces": {
				"north": {"uv": [0, 6.5, 0.625, 6.875], "texture": "#1"},
				"east": {"uv": [8, 3.5, 8.125, 3.875], "texture": "#1"},
				"south": {"uv": [6.5, 0, 7.125, 0.375], "texture": "#1"},
				"west": {"uv": [8, 4, 8.125, 4.375], "texture": "#1"},
				"up": {"uv": [7.625, 6.625, 7, 6.5], "texture": "#1"},
				"down": {"uv": [7.625, 7, 7, 7.125], "texture": "#1"}
			}
		},
		{
			"from": [8.96412, 21.07717, 7.9],
			"to": [9.76412, 22.37717, 8.1],
			"rotation": {"angle": 22.5, "axis": "z", "origin": [9.36412, 21.72717, 8]},
			"faces": {
				"north": {"uv": [6.5, 0.5, 6.875, 1.125], "texture": "#1"},
				"east": {"uv": [7.5, 0, 7.625, 0.625], "texture": "#1"},
				"south": {"uv": [1, 6.5, 1.375, 7.125], "texture": "#1"},
				"west": {"uv": [1, 7.5, 1.125, 8.125], "texture": "#1"},
				"up": {"uv": [8.375, 4.625, 8, 4.5], "texture": "#1"},
				"down": {"uv": [8.375, 5, 8, 5.125], "texture": "#1"}
			}
		},
		{
			"from": [8.96412, 11.88227, 7.9],
			"to": [9.76412, 12.98227, 8.1],
			"rotation": {"angle": -22.5, "axis": "z", "origin": [9.36412, 12.33227, 8]},
			"faces": {
				"north": {"uv": [6.5, 3, 6.875, 3.5625], "texture": "#1"},
				"east": {"uv": [7.5, 2.5, 7.625, 3.0625], "texture": "#1"},
				"south": {"uv": [0, 7, 0.375, 7.5625], "texture": "#1"},
				"west": {"uv": [7.5, 3.5, 7.625, 4.0625], "texture": "#1"},
				"up": {"uv": [8.375, 5.625, 8, 5.5], "texture": "#1"},
				"down": {"uv": [8.375, 6, 8, 6.125], "texture": "#1"}
			}
		},
		{
			"from": [8.82236, 8.4696, 7.9],
			"to": [9.62236, 12.0696, 8.1],
			"rotation": {"angle": 0, "axis": "y", "origin": [9.22236, 11.4196, 8]},
			"faces": {
				"north": {"uv": [4, 4.5, 4.375, 6.3125], "texture": "#1"},
				"east": {"uv": [4, 6.5, 4.125, 8.3125], "texture": "#1"},
				"south": {"uv": [4.5, 4.5, 4.875, 6.3125], "texture": "#1"},
				"west": {"uv": [4.5, 6.5, 4.625, 8.3125], "texture": "#1"},
				"up": {"uv": [8.375, 6.625, 8, 6.5], "texture": "#1"},
				"down": {"uv": [7.375, 8, 7, 8.125], "texture": "#1"}
			}
		},
		{
			"from": [9.18241, 12.77972, 7.9],
			"to": [9.98241, 21.27972, 8.1],
			"rotation": {"angle": 0, "axis": "y", "origin": [9.58241, 20.62972, 8]},
			"faces": {
				"north": {"uv": [3, 0, 3.375, 4.25], "texture": "#1"},
				"east": {"uv": [5, 4, 5.125, 8.25], "texture": "#1"},
				"south": {"uv": [3.5, 0, 3.875, 4.25], "texture": "#1"},
				"west": {"uv": [5.5, 0, 5.625, 4.25], "texture": "#1"},
				"up": {"uv": [8.375, 7.125, 8, 7], "texture": "#1"},
				"down": {"uv": [7.875, 8, 7.5, 8.125], "texture": "#1"}
			}
		},
		{
			"from": [6.60754, 22.25754, 7.9],
			"to": [7.90754, 23.05754, 8.1],
			"rotation": {"angle": 45, "axis": "z", "origin": [7.25754, 22.65754, 8]},
			"faces": {
				"north": {"uv": [1.5, 6.5, 2.125, 6.875], "texture": "#1"},
				"east": {"uv": [8, 7.5, 8.125, 7.875], "texture": "#1"},
				"south": {"uv": [6.5, 1.5, 7.125, 1.875], "texture": "#1"},
				"west": {"uv": [8, 8, 8.125, 8.375], "texture": "#1"},
				"up": {"uv": [8.125, 1.125, 7.5, 1], "texture": "#1"},
				"down": {"uv": [2.125, 7.5, 1.5, 7.625], "texture": "#1"}
			}
		},
		{
			"from": [6.23588, 21.07717, 7.9],
			"to": [7.03588, 22.37717, 8.1],
			"rotation": {"angle": -22.5, "axis": "z", "origin": [6.63588, 21.72717, 8]},
			"faces": {
				"north": {"uv": [6.5, 2, 6.875, 2.625], "texture": "#1"},
				"east": {"uv": [7.5, 1.5, 7.625, 2.125], "texture": "#1"},
				"south": {"uv": [2.5, 6.5, 2.875, 7.125], "texture": "#1"},
				"west": {"uv": [2.5, 7.5, 2.625, 8.125], "texture": "#1"},
				"up": {"uv": [0.375, 8.625, 0, 8.5], "texture": "#1"},
				"down": {"uv": [8.875, 0, 8.5, 0.125], "texture": "#1"}
			}
		},
		{
			"from": [6.7, 9.1, 7.8],
			"to": [9.3, 21.8, 8.2],
			"rotation": {"angle": 0, "axis": "y", "origin": [8, 23.4, 8]},
			"faces": {
				"north": {"uv": [0, 0, 1.3125, 6.375], "texture": "#1"},
				"east": {"uv": [3, 4.5, 3.1875, 10.875], "texture": "#1"},
				"south": {"uv": [1.5, 0, 2.8125, 6.375], "texture": "#1"},
				"west": {"uv": [3.5, 4.5, 3.6875, 10.875], "texture": "#1"},
				"up": {"uv": [7.3125, 5.6875, 6, 5.5], "texture": "#1"},
				"down": {"uv": [7.3125, 6, 6, 6.1875], "texture": "#1"}
			}
		},
		{
			"from": [6.01759, 12.77972, 7.9],
			"to": [6.81759, 21.27972, 8.1],
			"rotation": {"angle": 0, "axis": "y", "origin": [6.41759, 20.62972, 8]},
			"faces": {
				"north": {"uv": [4, 0, 4.375, 4.25], "texture": "#1"},
				"east": {"uv": [5.5, 4.5, 5.625, 8.75], "texture": "#1"},
				"south": {"uv": [4.5, 0, 4.875, 4.25], "texture": "#1"},
				"west": {"uv": [6, 0, 6.125, 4.25], "texture": "#1"},
				"up": {"uv": [0.875, 8.625, 0.5, 8.5], "texture": "#1"},
				"down": {"uv": [8.875, 0.5, 8.5, 0.625], "texture": "#1"}
			}
		},
		{
			"from": [6.23588, 11.88227, 7.9],
			"to": [7.03588, 12.98227, 8.1],
			"rotation": {"angle": 22.5, "axis": "z", "origin": [6.63588, 12.33227, 8]},
			"faces": {
				"north": {"uv": [0.5, 7, 0.875, 7.5625], "texture": "#1"},
				"east": {"uv": [7.5, 4.5, 7.625, 5.0625], "texture": "#1"},
				"south": {"uv": [7, 0.5, 7.375, 1.0625], "texture": "#1"},
				"west": {"uv": [7.5, 5.5, 7.625, 6.0625], "texture": "#1"},
				"up": {"uv": [1.375, 8.625, 1, 8.5], "texture": "#1"},
				"down": {"uv": [8.875, 1, 8.5, 1.125], "texture": "#1"}
			}
		},
		{
			"from": [6.37764, 8.4696, 7.9],
			"to": [7.17764, 12.0696, 8.1],
			"rotation": {"angle": 0, "axis": "y", "origin": [6.77764, 11.4196, 8]},
			"faces": {
				"north": {"uv": [5, 0, 5.375, 1.8125], "texture": "#1"},
				"east": {"uv": [6, 6.5, 6.125, 8.3125], "texture": "#1"},
				"south": {"uv": [5, 2, 5.375, 3.8125], "texture": "#1"},
				"west": {"uv": [6.5, 6.5, 6.625, 8.3125], "texture": "#1"},
				"up": {"uv": [1.875, 8.625, 1.5, 8.5], "texture": "#1"},
				"down": {"uv": [8.875, 1.5, 8.5, 1.625], "texture": "#1"}
			}
		},
		{
			"from": [6.2, 7.9, 7.5],
			"to": [9.8, 9.1, 8.5],
			"rotation": {"angle": 0, "axis": "y", "origin": [8, 23.4, 8]},
			"faces": {
				"north": {"uv": [0, 0, 1.8125, 0.625], "texture": "#0"},
				"east": {"uv": [6, 1.5, 6.5, 2.125], "texture": "#0"},
				"south": {"uv": [0, 1, 1.8125, 1.625], "texture": "#0"},
				"west": {"uv": [2, 6, 2.5, 6.625], "texture": "#0"},
				"up": {"uv": [1.8125, 2.5, 0, 2], "texture": "#0"},
				"down": {"uv": [3.8125, 0, 2, 0.5], "texture": "#0"}
			}
		},
		{
			"from": [7.8, 8.5, 7.4],
			"to": [9.2, 9.9, 8.6],
			"rotation": {"angle": -45, "axis": "z", "origin": [8, 9.7, 8]},
			"faces": {
				"north": {"uv": [3.5, 1.5, 4.1875, 2.1875], "texture": "#0"},
				"east": {"uv": [0, 4.5, 0.625, 5.1875], "texture": "#0"},
				"south": {"uv": [3.5, 3.5, 4.1875, 4.1875], "texture": "#0"},
				"west": {"uv": [4.5, 1.5, 5.125, 2.1875], "texture": "#0"},
				"up": {"uv": [5.1875, 3.125, 4.5, 2.5], "texture": "#0"},
				"down": {"uv": [4.1875, 4.5, 3.5, 5.125], "texture": "#0"}
			}
		},
		{
			"from": [8.1, 8.8, 7.3],
			"to": [8.9, 9.6, 8.7],
			"rotation": {"angle": -45, "axis": "z", "origin": [8, 9.7, 8]},
			"faces": {
				"north": {"uv": [5, 1, 5.5, 1.5], "texture": "#0"},
				"east": {"uv": [5.5, 4, 6.1875, 4.5], "texture": "#0"},
				"south": {"uv": [6.5, 0.5, 7, 1], "texture": "#0"},
				"west": {"uv": [4.5, 5.5, 5.1875, 6], "texture": "#0"},
				"up": {"uv": [6, 5.1875, 5.5, 4.5], "texture": "#0"},
				"down": {"uv": [6, 5.5, 5.5, 6.1875], "texture": "#0"}
			}
		},
		{
			"from": [8.84853, 6.90294, 7.7],
			"to": [11.14853, 8.00294, 8.3],
			"rotation": {"angle": -45, "axis": "z", "origin": [10.64853, 7.40294, 8]},
			"faces": {
				"north": {"uv": [0, 2.5, 1.125, 3.0625], "texture": "#0"},
				"east": {"uv": [7, 2.5, 7.3125, 3.0625], "texture": "#0"},
				"south": {"uv": [1.5, 2.5, 2.625, 3.0625], "texture": "#0"},
				"west": {"uv": [3, 7, 3.3125, 7.5625], "texture": "#0"},
				"up": {"uv": [5.125, 0.3125, 4, 0], "texture": "#0"},
				"down": {"uv": [6.125, 0.5, 5, 0.8125], "texture": "#0"}
			}
		},
		{
			"from": [10.47175, 8.11759, 7.7],
			"to": [11.07175, 10.41759, 8.3],
			"rotation": {"angle": -45, "axis": "z", "origin": [10.47175, 7.36759, 8]},
			"faces": {
				"north": {"uv": [1, 4.5, 1.3125, 5.625], "texture": "#0"},
				"east": {"uv": [0, 5.5, 0.3125, 6.625], "texture": "#0"},
				"south": {"uv": [0.5, 5.5, 0.8125, 6.625], "texture": "#0"},
				"west": {"uv": [5.5, 1, 5.8125, 2.125], "texture": "#0"},
				"up": {"uv": [2.3125, 7.8125, 2, 7.5], "texture": "#0"},
				"down": {"uv": [2.8125, 7.5, 2.5, 7.8125], "texture": "#0"}
			}
		},
		{
			"from": [9.87175, 8.11759, 7.7],
			"to": [10.47175, 9.81759, 8.3],
			"rotation": {"angle": -45, "axis": "z", "origin": [10.47175, 7.36759, 8]},
			"faces": {
				"north": {"uv": [5, 6, 5.3125, 6.875], "texture": "#0"},
				"east": {"uv": [6, 6, 6.3125, 6.875], "texture": "#0"},
				"south": {"uv": [1, 6.5, 1.3125, 7.375], "texture": "#0"},
				"west": {"uv": [1.5, 6.5, 1.8125, 7.375], "texture": "#0"},
				"up": {"uv": [7.8125, 2.8125, 7.5, 2.5], "texture": "#0"},
				"down": {"uv": [7.8125, 3, 7.5, 3.3125], "texture": "#0"}
			}
		},
		{
			"from": [9.27175, 8.11759, 7.7],
			"to": [9.87175, 9.21759, 8.3],
			"rotation": {"angle": -45, "axis": "z", "origin": [10.47175, 7.36759, 8]},
			"faces": {
				"north": {"uv": [3.5, 7, 3.8125, 7.5625], "texture": "#0"},
				"east": {"uv": [7, 3.5, 7.3125, 4.0625], "texture": "#0"},
				"south": {"uv": [4, 7, 4.3125, 7.5625], "texture": "#0"},
				"west": {"uv": [4.5, 7, 4.8125, 7.5625], "texture": "#0"},
				"up": {"uv": [7.8125, 3.8125, 7.5, 3.5], "texture": "#0"},
				"down": {"uv": [7.8125, 4, 7.5, 4.3125], "texture": "#0"}
			}
		},
		{
			"from": [4.85147, 6.90294, 7.7],
			"to": [7.15147, 8.00294, 8.3],
			"rotation": {"angle": 45, "axis": "z", "origin": [5.35147, 7.40294, 8]},
			"faces": {
				"north": {"uv": [3, 2.5, 4.125, 3.0625], "texture": "#0"},
				"east": {"uv": [5, 7, 5.3125, 7.5625], "texture": "#0"},
				"south": {"uv": [0, 3.5, 1.125, 4.0625], "texture": "#0"},
				"west": {"uv": [6, 7, 6.3125, 7.5625], "texture": "#0"},
				"up": {"uv": [6.625, 0.3125, 5.5, 0], "texture": "#0"},
				"down": {"uv": [2.625, 5.5, 1.5, 5.8125], "texture": "#0"}
			}
		},
		{
			"from": [6.12825, 8.11759, 7.7],
			"to": [6.72825, 9.21759, 8.3],
			"rotation": {"angle": 45, "axis": "z", "origin": [5.52825, 7.36759, 8]},
			"faces": {
				"north": {"uv": [6.5, 7, 6.8125, 7.5625], "texture": "#0"},
				"east": {"uv": [7, 7, 7.3125, 7.5625], "texture": "#0"},
				"south": {"uv": [0, 7.5, 0.3125, 8.0625], "texture": "#0"},
				"west": {"uv": [0.5, 7.5, 0.8125, 8.0625], "texture": "#0"},
				"up": {"uv": [7.8125, 4.8125, 7.5, 4.5], "texture": "#0"},
				"down": {"uv": [7.8125, 5, 7.5, 5.3125], "texture": "#0"}
			}
		},
		{
			"from": [5.52825, 8.11759, 7.7],
			"to": [6.12825, 9.81759, 8.3],
			"rotation": {"angle": 45, "axis": "z", "origin": [5.52825, 7.36759, 8]},
			"faces": {
				"north": {"uv": [6.5, 1.5, 6.8125, 2.375], "texture": "#0"},
				"east": {"uv": [6.5, 2.5, 6.8125, 3.375], "texture": "#0"},
				"south": {"uv": [6.5, 4, 6.8125, 4.875], "texture": "#0"},
				"west": {"uv": [5.5, 6.5, 5.8125, 7.375], "texture": "#0"},
				"up": {"uv": [5.8125, 7.8125, 5.5, 7.5], "texture": "#0"},
				"down": {"uv": [7.8125, 5.5, 7.5, 5.8125], "texture": "#0"}
			}
		},
		{
			"from": [4.92825, 8.11759, 7.7],
			"to": [5.52825, 10.41759, 8.3],
			"rotation": {"angle": 45, "axis": "z", "origin": [5.52825, 7.36759, 8]},
			"faces": {
				"north": {"uv": [5.5, 2.5, 5.8125, 3.625], "texture": "#0"},
				"east": {"uv": [3, 5.5, 3.3125, 6.625], "texture": "#0"},
				"south": {"uv": [3.5, 5.5, 3.8125, 6.625], "texture": "#0"},
				"west": {"uv": [4, 5.5, 4.3125, 6.625], "texture": "#0"},
				"up": {"uv": [7.8125, 6.3125, 7.5, 6], "texture": "#0"},
				"down": {"uv": [7.8125, 6.5, 7.5, 6.8125], "texture": "#0"}
			}
		},
		{
			"from": [6.8, 6.7, 7.5],
			"to": [9.2, 7.9, 8.5],
			"rotation": {"angle": 0, "axis": "y", "origin": [8, 23.4, 8]},
			"faces": {
				"north": {"uv": [2, 0.5, 3.1875, 1.125], "texture": "#0"},
				"east": {"uv": [2.5, 6, 3, 6.625], "texture": "#0"},
				"south": {"uv": [2, 1.5, 3.1875, 2.125], "texture": "#0"},
				"west": {"uv": [6, 2.5, 6.5, 3.125], "texture": "#0"},
				"up": {"uv": [4.6875, 1, 3.5, 0.5], "texture": "#0"},
				"down": {"uv": [4.6875, 1, 3.5, 1.5], "texture": "#0"}
			}
		},
		{
			"from": [7.1, 6.2, 7.6],
			"to": [8.9, 6.7, 8.4],
			"rotation": {"angle": 0, "axis": "y", "origin": [8, 23.4, 8]},
			"faces": {
				"north": {"uv": [2, 7, 2.875, 7.25], "texture": "#0"},
				"east": {"uv": [8, 0, 8.375, 0.25], "texture": "#0"},
				"south": {"uv": [7, 2, 7.875, 2.25], "texture": "#0"},
				"west": {"uv": [8, 0.5, 8.375, 0.75], "texture": "#0"},
				"up": {"uv": [1.875, 6.375, 1, 6], "texture": "#0"},
				"down": {"uv": [6.875, 1, 6, 1.375], "texture": "#0"}
			}
		},
		{
			"from": [7.7, 1.9, 7.7],
			"to": [8.3, 6.2, 8.3],
			"rotation": {"angle": 0, "axis": "y", "origin": [8, 23.4, 8]},
			"faces": {
				"north": {"uv": [1.5, 3.5, 1.8125, 5.3125], "texture": "#0"},
				"east": {"uv": [2, 3.5, 2.3125, 5.3125], "texture": "#0"},
				"south": {"uv": [2.5, 3.5, 2.8125, 5.3125], "texture": "#0"},
				"west": {"uv": [3, 3.5, 3.3125, 5.3125], "texture": "#0"},
				"up": {"uv": [7.8125, 7.3125, 7.5, 7], "texture": "#0"},
				"down": {"uv": [7.8125, 7.5, 7.5, 7.8125], "texture": "#0"}
			}
		},
		{
			"from": [7.4, 0.7, 7.5],
			"to": [8.6, 1.9, 8.5],
			"rotation": {"angle": 0, "axis": "y", "origin": [8, 22.7, 8]},
			"faces": {
				"north": {"uv": [4.5, 3.5, 5.125, 4.125], "texture": "#0"},
				"east": {"uv": [4.5, 6, 5, 6.625], "texture": "#0"},
				"south": {"uv": [4.5, 4.5, 5.125, 5.125], "texture": "#0"},
				"west": {"uv": [6, 4.5, 6.5, 5.125], "texture": "#0"},
				"up": {"uv": [6.625, 4, 6, 3.5], "texture": "#0"},
				"down": {"uv": [6.625, 5.5, 6, 6], "texture": "#0"}
			}
		},
		{
			"from": [8, 0.85147, 7.6],
			"to": [9.3, 1.55147, 8.4],
			"rotation": {"angle": -45, "axis": "z", "origin": [8.6, 1.05147, 8]},
			"faces": {
				"north": {"uv": [6.5, 5, 7.125, 5.375], "texture": "#0"},
				"east": {"uv": [7, 4.5, 7.375, 4.875], "texture": "#0"},
				"south": {"uv": [6.5, 6, 7.125, 6.375], "texture": "#0"},
				"west": {"uv": [7, 5.5, 7.375, 5.875], "texture": "#0"},
				"up": {"uv": [7.125, 6.875, 6.5, 6.5], "texture": "#0"},
				"down": {"uv": [0.625, 7, 0, 7.375], "texture": "#0"}
			}
		},
		{
			"from": [6.7, 0.85147, 7.6],
			"to": [8, 1.55147, 8.4],
			"rotation": {"angle": 45, "axis": "z", "origin": [7.4, 1.05147, 8]},
			"faces": {
				"north": {"uv": [7, 0, 7.625, 0.375], "texture": "#0"},
				"east": {"uv": [1, 7.5, 1.375, 7.875], "texture": "#0"},
				"south": {"uv": [7, 0.5, 7.625, 0.875], "texture": "#0"},
				"west": {"uv": [1.5, 7.5, 1.875, 7.875], "texture": "#0"},
				"up": {"uv": [7.625, 1.375, 7, 1], "texture": "#0"},
				"down": {"uv": [7.625, 1.5, 7, 1.875], "texture": "#0"}
			}
		}
	],
	"display": {
		"thirdperson_righthand": {
			"rotation": [0, 90, 0],
			"translation": [0, 2.25, 1.25],
			"scale": [1.15, 1.15, 1.15]
		},
		"thirdperson_lefthand": {
			"rotation": [0, 90, 0],
			"translation": [0, 2.25, 1.25],
			"scale": [1.15, 1.15, 1.15]
		},
		"firstperson_righthand": {
			"rotation": [0, 90, -15],
			"translation": [0, 1.75, 0.5],
			"scale": [1.15, 1.15, 1.15]
		},
		"firstperson_lefthand": {
			"rotation": [0, 90, -15],
			"translation": [0, 1.75, 0.5],
			"scale": [1.15, 1.15, 1.15]
		},
		"ground": {
			"rotation": [0, 0, 180],
			"translation": [0, 13.25, 0]
		},
		"gui": {
			"rotation": [-15, 12, 146],
			"translation": [1.5, 2.25, 0],
			"scale": [0.72, 0.72, 0.72]
		},
		"fixed": {
			"rotation": [0, 0, 47],
			"translation": [5, -5, -0.5],
			"scale": [1.4, 1.4, 1.4]
		}
	},
	"groups": [
		{
			"name": "group",
			"origin": [8, 8, 8],
			"color": 0,
			"children": [0, 1, 2, 3, 4, 5, 6, 7, 8, 9, 10, 11, 12, 13, 14]
		},
		{
			"name": "group",
			"origin": [8, 8, 8],
			"color": 0,
			"children": [15, 16, 17, 18, 19, 20, 21, 22, 23, 24, 25, 26, 27, 28, 29, 30, 31]
		}
	]
}