{
	"credit": "Made with Blockbench",
	"texture_size": [32, 32],
	"textures": {
		"0": "simplyswords:item/viridian_nail",
		"particle": "simplyswords:item/viridian_nail"
	},
	"elements": [
		{
			"from": [7.55, 23.82782, 7.9],
			"to": [8.45, 24.72782, 8.1],
			"rotation": {"angle": 45, "axis": "z", "origin": [8, 24.27782, 8]},
			"faces": {
				"north": {"uv": [9, 2, 9.4375, 2.4375], "texture": "#0"},
				"east": {"uv": [9.5, 7.5, 9.625, 7.9375], "texture": "#0"},
				"south": {"uv": [9, 2.5, 9.4375, 2.9375], "texture": "#0"},
				"west": {"uv": [9.5, 8, 9.625, 8.4375], "texture": "#0"},
				"up": {"uv": [9.9375, 8.625, 9.5, 8.5], "texture": "#0"},
				"down": {"uv": [9.9375, 9, 9.5, 9.125], "texture": "#0"}
			}
		},
		{
			"from": [4.75, 6.62782, 7.5],
			"to": [11.25, 7.52782, 8.5],
			"rotation": {"angle": 0, "axis": "y", "origin": [8, 24.27782, 8]},
			"faces": {
				"north": {"uv": [5, 2, 8.25, 2.4375], "texture": "#0"},
				"east": {"uv": [8.5, 8, 9.125, 8.4375], "texture": "#0"},
				"south": {"uv": [2.5, 5, 5.75, 5.4375], "texture": "#0"},
				"west": {"uv": [8.5, 8.5, 9.125, 8.9375], "texture": "#0"},
				"up": {"uv": [8.25, 0.625, 5, 0], "texture": "#0"},
				"down": {"uv": [8.25, 1, 5, 1.625], "texture": "#0"}
			}
		},
		{
			"from": [5.55, 7.52782, 7.7],
			"to": [10.45, 13.22782, 8.3],
			"rotation": {"angle": 0, "axis": "y", "origin": [8, 24.27782, 8]},
			"faces": {
				"north": {"uv": [0, 0, 2.4375, 2.875], "texture": "#0"},
				"east": {"uv": [1.5, 5, 2, 7.875], "texture": "#0"},
				"south": {"uv": [2.5, 0, 4.9375, 2.875], "texture": "#0"},
				"west": {"uv": [2, 5, 2.5, 7.875], "texture": "#0"},
				"up": {"uv": [7.4375, 3, 5, 2.5], "texture": "#0"},
				"down": {"uv": [7.9375, 3, 5.5, 3.5], "texture": "#0"}
			}
		},
		{
			"from": [6.15, 13.22782, 7.7],
			"to": [9.85, 17.22782, 8.3],
			"rotation": {"angle": 0, "axis": "y", "origin": [8, 24.27782, 8]},
			"faces": {
				"north": {"uv": [0, 3, 1.875, 5], "texture": "#0"},
				"east": {"uv": [4.5, 5.5, 5, 7.5], "texture": "#0"},
				"south": {"uv": [2, 3, 3.875, 5], "texture": "#0"},
				"west": {"uv": [5, 5.5, 5.5, 7.5], "texture": "#0"},
				"up": {"uv": [7.875, 6, 6, 5.5], "texture": "#0"},
				"down": {"uv": [7.875, 6, 6, 6.5], "texture": "#0"}
			}
		},
		{
			"from": [6.65, 17.22782, 7.7],
			"to": [9.35, 21.22782, 8.3],
			"rotation": {"angle": 0, "axis": "y", "origin": [8, 24.27782, 8]},
			"faces": {
				"north": {"uv": [4, 3, 5.375, 5], "texture": "#0"},
				"east": {"uv": [5.5, 5.5, 6, 7.5], "texture": "#0"},
				"south": {"uv": [0, 5, 1.375, 7], "texture": "#0"},
				"west": {"uv": [6, 3.5, 6.5, 5.5], "texture": "#0"},
				"up": {"uv": [9.375, 5, 8, 4.5], "texture": "#0"},
				"down": {"uv": [9.375, 5, 8, 5.5], "texture": "#0"}
			}
		},
		{
			"from": [6.95, 21.22782, 7.7],
			"to": [9.05, 22.22782, 8.3],
			"rotation": {"angle": 0, "axis": "y", "origin": [8, 24.27782, 8]},
			"faces": {
				"north": {"uv": [8, 5.5, 9.0625, 6], "texture": "#0"},
				"east": {"uv": [7.5, 2.5, 8, 3], "texture": "#0"},
				"south": {"uv": [8, 6, 9.0625, 6.5], "texture": "#0"},
				"west": {"uv": [0, 9, 0.5, 9.5], "texture": "#0"},
				"up": {"uv": [9.0625, 7, 8, 6.5], "texture": "#0"},
				"down": {"uv": [9.0625, 7, 8, 7.5], "texture": "#0"}
			}
		},
		{
			"from": [7.45, 22.22782, 7.7],
			"to": [8.55, 24.12782, 8.3],
			"rotation": {"angle": 0, "axis": "y", "origin": [8, 24.27782, 8]},
			"faces": {
				"north": {"uv": [8.5, 3, 9.0625, 3.6875], "texture": "#0"},
				"east": {"uv": [7, 8.5, 7.5, 9.1875], "texture": "#0"},
				"south": {"uv": [6, 8.5, 6.5625, 9.1875], "texture": "#0"},
				"west": {"uv": [7.5, 8.5, 8, 9.1875], "texture": "#0"},
				"up": {"uv": [9.0625, 4.5, 8.5, 4], "texture": "#0"},
				"down": {"uv": [9.0625, 7.5, 8.5, 8], "texture": "#0"}
			}
		},
		{
			"from": [7.65, 0.52782, 7.6],
			"to": [8.35, 6.62782, 8.3],
			"rotation": {"angle": 0, "axis": "y", "origin": [8, 24.27782, 8]},
			"faces": {
				"north": {"uv": [2.5, 5.5, 2.9375, 8.5625], "texture": "#0"},
				"east": {"uv": [3, 5.5, 3.4375, 8.5625], "texture": "#0"},
				"south": {"uv": [3.5, 5.5, 3.9375, 8.5625], "texture": "#0"},
				"west": {"uv": [4, 5.5, 4.4375, 8.5625], "texture": "#0"},
				"up": {"uv": [5.9375, 9.9375, 5.5, 9.5], "texture": "#0"},
				"down": {"uv": [6.4375, 9.5, 6, 9.9375], "texture": "#0"}
			}
		},
		{
			"from": [8.38294, 21.0274, 7.9],
			"to": [9.28294, 24.2274, 8.1],
			"rotation": {"angle": 22.5, "axis": "z", "origin": [8.83294, 22.6274, 8]},
			"faces": {
				"north": {"uv": [7.5, 6.5, 7.9375, 8.125], "texture": "#0"},
				"east": {"uv": [9.5, 2, 9.625, 3.625], "texture": "#0"},
				"south": {"uv": [1.5, 8, 1.9375, 9.625], "texture": "#0"},
				"west": {"uv": [9.5, 4, 9.625, 5.625], "texture": "#0"},
				"up": {"uv": [9.9375, 9.625, 9.5, 9.5], "texture": "#0"},
				"down": {"uv": [10.4375, 0, 10, 0.125], "texture": "#0"}
			}
		},
		{
			"from": [8.96098, 17.5214, 7.9],
			"to": [9.86098, 21.3214, 8.1],
			"rotation": {"angle": 0, "axis": "y", "origin": [9.41098, 19.7214, 8]},
			"faces": {
				"north": {"uv": [6.5, 3.5, 6.9375, 5.375], "texture": "#0"},
				"east": {"uv": [9, 0, 9.125, 1.875], "texture": "#0"},
				"south": {"uv": [6, 6.5, 6.4375, 8.375], "texture": "#0"},
				"west": {"uv": [0.5, 9, 0.625, 10.875], "texture": "#0"},
				"up": {"uv": [10.4375, 0.625, 10, 0.5], "texture": "#0"},
				"down": {"uv": [10.4375, 1, 10, 1.125], "texture": "#0"}
			}
		},
		{
			"from": [9.36098, 13.7214, 7.9],
			"to": [10.26098, 17.5214, 8.1],
			"rotation": {"angle": 0, "axis": "y", "origin": [9.41098, 19.7214, 8]},
			"faces": {
				"north": {"uv": [6.5, 6.5, 6.9375, 8.375], "texture": "#0"},
				"east": {"uv": [1, 9, 1.125, 10.875], "texture": "#0"},
				"south": {"uv": [0, 7, 0.4375, 8.875], "texture": "#0"},
				"west": {"uv": [2.5, 9, 2.625, 10.875], "texture": "#0"},
				"up": {"uv": [1.9375, 10.125, 1.5, 10], "texture": "#0"},
				"down": {"uv": [10.4375, 1.5, 10, 1.625], "texture": "#0"}
			}
		},
		{
			"from": [9.76098, 9.9214, 7.9],
			"to": [10.66098, 13.7214, 8.1],
			"rotation": {"angle": 0, "axis": "y", "origin": [9.41098, 19.7214, 8]},
			"faces": {
				"north": {"uv": [0.5, 7, 0.9375, 8.875], "texture": "#0"},
				"east": {"uv": [3, 9, 3.125, 10.875], "texture": "#0"},
				"south": {"uv": [1, 7, 1.4375, 8.875], "texture": "#0"},
				"west": {"uv": [3.5, 9, 3.625, 10.875], "texture": "#0"},
				"up": {"uv": [2.4375, 10.125, 2, 10], "texture": "#0"},
				"down": {"uv": [10.4375, 2, 10, 2.125], "texture": "#0"}
			}
		},
		{
			"from": [10.26098, 7.5214, 7.9],
			"to": [11.16098, 9.9214, 8.1],
			"rotation": {"angle": 0, "axis": "y", "origin": [9.41098, 19.7214, 8]},
			"faces": {
				"north": {"uv": [5.5, 3.5, 5.9375, 4.6875], "texture": "#0"},
				"east": {"uv": [9.5, 6, 9.625, 7.1875], "texture": "#0"},
				"south": {"uv": [8, 7.5, 8.4375, 8.6875], "texture": "#0"},
				"west": {"uv": [6.5, 9.5, 6.625, 10.6875], "texture": "#0"},
				"up": {"uv": [10.4375, 2.625, 10, 2.5], "texture": "#0"},
				"down": {"uv": [10.4375, 3, 10, 3.125], "texture": "#0"}
			}
		},
		{
			"from": [6.71706, 21.0274, 7.9],
			"to": [7.61706, 24.2274, 8.1],
			"rotation": {"angle": -22.5, "axis": "z", "origin": [7.16706, 22.6274, 8]},
			"faces": {
				"north": {"uv": [2, 8, 2.4375, 9.625], "texture": "#0"},
				"east": {"uv": [4.5, 9.5, 4.625, 11.125], "texture": "#0"},
				"south": {"uv": [8, 2.5, 8.4375, 4.125], "texture": "#0"},
				"west": {"uv": [5, 9.5, 5.125, 11.125], "texture": "#0"},
				"up": {"uv": [10.4375, 3.625, 10, 3.5], "texture": "#0"},
				"down": {"uv": [10.4375, 4, 10, 4.125], "texture": "#0"}
			}
		},
		{
			"from": [6.13902, 17.5214, 7.9],
			"to": [7.03902, 21.3214, 8.1],
			"rotation": {"angle": 0, "axis": "y", "origin": [6.58902, 19.7214, 8]},
			"faces": {
				"north": {"uv": [7, 3.5, 7.4375, 5.375], "texture": "#0"},
				"east": {"uv": [4, 9, 4.125, 10.875], "texture": "#0"},
				"south": {"uv": [7, 6.5, 7.4375, 8.375], "texture": "#0"},
				"west": {"uv": [8, 9, 8.125, 10.875], "texture": "#0"},
				"up": {"uv": [10.4375, 4.625, 10, 4.5], "texture": "#0"},
				"down": {"uv": [10.4375, 5, 10, 5.125], "texture": "#0"}
			}
		},
		{
			"from": [5.73902, 13.7214, 7.9],
			"to": [6.63902, 17.5214, 8.1],
			"rotation": {"angle": 0, "axis": "y", "origin": [6.58902, 19.7214, 8]},
			"faces": {
				"north": {"uv": [7.5, 3.5, 7.9375, 5.375], "texture": "#0"},
				"east": {"uv": [8.5, 9, 8.625, 10.875], "texture": "#0"},
				"south": {"uv": [4.5, 7.5, 4.9375, 9.375], "texture": "#0"},
				"west": {"uv": [9, 9, 9.125, 10.875], "texture": "#0"},
				"up": {"uv": [5.9375, 10.125, 5.5, 10], "texture": "#0"},
				"down": {"uv": [10.4375, 5.5, 10, 5.625], "texture": "#0"}
			}
		},
		{
			"from": [5.33902, 9.9214, 7.9],
			"to": [6.23902, 13.7214, 8.1],
			"rotation": {"angle": 0, "axis": "y", "origin": [6.58902, 19.7214, 8]},
			"faces": {
				"north": {"uv": [5, 7.5, 5.4375, 9.375], "texture": "#0"},
				"east": {"uv": [0, 9.5, 0.125, 11.375], "texture": "#0"},
				"south": {"uv": [5.5, 7.5, 5.9375, 9.375], "texture": "#0"},
				"west": {"uv": [9.5, 0, 9.625, 1.875], "texture": "#0"},
				"up": {"uv": [6.4375, 10.125, 6, 10], "texture": "#0"},
				"down": {"uv": [10.4375, 6, 10, 6.125], "texture": "#0"}
			}
		},
		{
			"from": [4.83902, 7.5214, 7.9],
			"to": [5.73902, 9.9214, 8.1],
			"rotation": {"angle": 0, "axis": "y", "origin": [6.58902, 19.7214, 8]},
			"faces": {
				"north": {"uv": [8.5, 0, 8.9375, 1.1875], "texture": "#0"},
				"east": {"uv": [7, 9.5, 7.125, 10.6875], "texture": "#0"},
				"south": {"uv": [8.5, 1.5, 8.9375, 2.6875], "texture": "#0"},
				"west": {"uv": [7.5, 9.5, 7.625, 10.6875], "texture": "#0"},
				"up": {"uv": [10.4375, 6.625, 10, 6.5], "texture": "#0"},
				"down": {"uv": [10.4375, 7, 10, 7.125], "texture": "#0"}
			}
		}
	],
	"display": {
		"thirdperson_righthand": {
			"rotation": [0, 90, 0],
			"translation": [0, 1.5, 1.5]
		},
		"thirdperson_lefthand": {
			"rotation": [0, 90, 0],
			"translation": [0, 1.5, 1.5]
		},
		"firstperson_righthand": {
			"rotation": [0, 90, -20],
			"translation": [0, 2, 1.25]
		},
		"firstperson_lefthand": {
			"rotation": [0, -90, 20],
			"translation": [0, 2, 1.25]
		},
		"ground": {
			"rotation": [0, 0, 180],
			"translation": [0, 8, 0],
			"scale": [0.71, 0.71, 0.71]
		},
		"gui": {
			"rotation": [0, -36, -52],
			"translation": [-2.25, -1.5, 0],
			"scale": [0.78, 0.78, 0.78]
		},
		"fixed": {
			"rotation": [0, 0, 47],
			"translation": [4.25, -3.5, 0]
		}
	},
	"groups": [
		{
			"name": "group",
			"origin": [8, 8, 8],
			"color": 0,
			"children": [0, 1, 2, 3, 4, 5, 6, 7, 8, 9, 10, 11, 12, 13, 14, 15, 16, 17]
		}
	]
}