{
	"credit": "Made with Blockbench",
	"texture_size": [4, 4],
	"textures": {
		"0": "simplyswords:item/bop_blades",
		"1": "simplyswords:item/bop_handle",
		"2": "simplyswords:item/bop_eye",
		"particle": "simplyswords:item/bop_handle"
	},
	"elements": [
		{
			"from": [4.8, 19.3, 7.5],
			"to": [11.2, 20.3, 8.5],
			"faces": {
				"north": {"uv": [2, 0, 5.1875, 0.5], "texture": "#1"},
				"east": {"uv": [6, 7.5, 6.5, 8], "texture": "#1"},
				"south": {"uv": [2, 0.5, 5.1875, 1], "texture": "#1"},
				"west": {"uv": [6.5, 7.5, 7, 8], "texture": "#1"},
				"up": {"uv": [5.1875, 1.5, 2, 1], "texture": "#1"},
				"down": {"uv": [5.1875, 1.5, 2, 2], "texture": "#1"}
			}
		},
		{
			"from": [10.58284, 18.81005, 7.6],
			"to": [12.38284, 19.81005, 8.4],
			"rotation": {"angle": -45, "axis": "z", "origin": [11.48284, 19.31005, 8]},
			"faces": {
				"north": {"uv": [2, 6, 2.875, 6.5], "texture": "#1"},
				"east": {"uv": [8, 2, 8.375, 2.5], "texture": "#1"},
				"south": {"uv": [6, 2, 6.875, 2.5], "texture": "#1"},
				"west": {"uv": [8, 2.5, 8.375, 3], "texture": "#1"},
				"up": {"uv": [6.875, 7.375, 6, 7], "texture": "#1"},
				"down": {"uv": [7.875, 6, 7, 6.375], "texture": "#1"}
			}
		},
		{
			"from": [3.61716, 18.81005, 7.6],
			"to": [5.41716, 19.81005, 8.4],
			"rotation": {"angle": 45, "axis": "z", "origin": [4.51716, 19.31005, 8]},
			"faces": {
				"north": {"uv": [6, 2.5, 6.875, 3], "texture": "#1"},
				"east": {"uv": [8, 3, 8.375, 3.5], "texture": "#1"},
				"south": {"uv": [3, 6, 3.875, 6.5], "texture": "#1"},
				"west": {"uv": [8, 3.5, 8.375, 4], "texture": "#1"},
				"up": {"uv": [7.875, 6.875, 7, 6.5], "texture": "#1"},
				"down": {"uv": [7.875, 7, 7, 7.375], "texture": "#1"}
			}
		},
		{
			"from": [5.3, 20.3, 7.5],
			"to": [10.7, 20.7, 8.5],
			"faces": {
				"north": {"uv": [4, 5, 6.6875, 5.1875], "texture": "#1"},
				"east": {"uv": [5, 8, 5.5, 8.1875], "texture": "#1"},
				"south": {"uv": [5.5, 0, 8.1875, 0.1875], "texture": "#1"},
				"west": {"uv": [8, 5, 8.5, 5.1875], "texture": "#1"},
				"up": {"uv": [4.6875, 2.5, 2, 2], "texture": "#1"},
				"down": {"uv": [4.6875, 2.5, 2, 3], "texture": "#1"}
			}
		},
		{
			"from": [5.3, 20.7, 7.7],
			"to": [10.7, 21.1, 8.3],
			"faces": {
				"north": {"uv": [5.5, 0.5, 8.1875, 0.6875], "texture": "#1"},
				"east": {"uv": [6, 8, 6.3125, 8.1875], "texture": "#1"},
				"south": {"uv": [5.5, 1, 8.1875, 1.1875], "texture": "#1"},
				"west": {"uv": [8, 6, 8.3125, 6.1875], "texture": "#1"},
				"up": {"uv": [6.6875, 4.3125, 4, 4], "texture": "#1"},
				"down": {"uv": [6.6875, 4.5, 4, 4.8125], "texture": "#1"}
			}
		},
		{
			"from": [5.3, 18.9, 7.5],
			"to": [10.7, 19.3, 8.5],
			"faces": {
				"north": {"uv": [5.5, 1.5, 8.1875, 1.6875], "texture": "#1"},
				"east": {"uv": [5.5, 8, 6, 8.1875], "texture": "#1"},
				"south": {"uv": [4, 5.5, 6.6875, 5.6875], "texture": "#1"},
				"west": {"uv": [8, 5.5, 8.5, 5.6875], "texture": "#1"},
				"up": {"uv": [4.6875, 3.5, 2, 3], "texture": "#1"},
				"down": {"uv": [4.6875, 3.5, 2, 4], "texture": "#1"}
			}
		},
		{
			"from": [3.18162, 19.67868, 7.4],
			"to": [4.38162, 20.87868, 8.6],
			"rotation": {"angle": -45, "axis": "z", "origin": [4.18162, 17.67868, 8]},
			"faces": {
				"north": {"uv": [6, 3, 6.625, 3.625], "texture": "#1"},
				"east": {"uv": [4, 6, 4.625, 6.625], "texture": "#1"},
				"south": {"uv": [5, 6, 5.625, 6.625], "texture": "#1"},
				"west": {"uv": [6, 6, 6.625, 6.625], "texture": "#1"},
				"up": {"uv": [2.625, 7.125, 2, 6.5], "texture": "#1"},
				"down": {"uv": [3.625, 6.5, 3, 7.125], "texture": "#1"}
			}
		},
		{
			"from": [7.70711, 19.67868, 7.4],
			"to": [8.90711, 20.87868, 8.6],
			"rotation": {"angle": -45, "axis": "z", "origin": [8.70711, 17.67868, 8]},
			"faces": {
				"north": {"uv": [7, 2, 7.625, 2.625], "texture": "#1"},
				"east": {"uv": [7, 3, 7.625, 3.625], "texture": "#1"},
				"south": {"uv": [4, 7, 4.625, 7.625], "texture": "#1"},
				"west": {"uv": [7, 4, 7.625, 4.625], "texture": "#1"},
				"up": {"uv": [5.625, 7.625, 5, 7], "texture": "#1"},
				"down": {"uv": [7.625, 5, 7, 5.625], "texture": "#1"}
			}
		},
		{
			"from": [7, 18.8, 7.4],
			"to": [9, 20.8, 8.6],
			"rotation": {"angle": -45, "axis": "z", "origin": [8, 19.8, 8]},
			"faces": {
				"north": {"uv": [2, 4, 3, 5], "texture": "#1"},
				"east": {"uv": [2, 5, 2.625, 6], "texture": "#1"},
				"south": {"uv": [3, 4, 4, 5], "texture": "#1"},
				"west": {"uv": [5, 2, 5.625, 3], "texture": "#1"},
				"up": {"uv": [4, 5.625, 3, 5], "texture": "#1"},
				"down": {"uv": [6, 3, 5, 3.625], "texture": "#1"}
			}
		},
		{
			"from": [7.5, 18.3, 7.5],
			"to": [8.5, 19.3, 8.5],
			"faces": {
				"north": {"uv": [7, 7.5, 7.5, 8], "texture": "#1"},
				"east": {"uv": [7.5, 7.5, 8, 8], "texture": "#1"},
				"south": {"uv": [0, 8, 0.5, 8.5], "texture": "#1"},
				"west": {"uv": [0.5, 8, 1, 8.5], "texture": "#1"},
				"up": {"uv": [1.5, 8.5, 1, 8], "texture": "#1"},
				"down": {"uv": [2, 8, 1.5, 8.5], "texture": "#1"}
			}
		},
		{
			"from": [7.7, 2.6, 7.7],
			"to": [8.3, 18.3, 8.3],
			"faces": {
				"north": {"uv": [0, 0, 0.3125, 7.875], "texture": "#1"},
				"east": {"uv": [0.5, 0, 0.8125, 7.875], "texture": "#1"},
				"south": {"uv": [1, 0, 1.3125, 7.875], "texture": "#1"},
				"west": {"uv": [1.5, 0, 1.8125, 7.875], "texture": "#1"},
				"up": {"uv": [4.8125, 8.3125, 4.5, 8], "texture": "#1"},
				"down": {"uv": [8.3125, 4.5, 8, 4.8125], "texture": "#1"}
			}
		},
		{
			"from": [7.6, 0.9, 7.6],
			"to": [8.4, 2.6, 8.4],
			"faces": {
				"north": {"uv": [2, 7.5, 2.375, 8.375], "texture": "#1"},
				"east": {"uv": [2.5, 7.5, 2.875, 8.375], "texture": "#1"},
				"south": {"uv": [3, 7.5, 3.375, 8.375], "texture": "#1"},
				"west": {"uv": [3.5, 7.5, 3.875, 8.375], "texture": "#1"},
				"up": {"uv": [4.375, 8.375, 4, 8], "texture": "#1"},
				"down": {"uv": [8.375, 4, 8, 4.375], "texture": "#1"}
			}
		},
		{
			"from": [8.50797, 25.18493, 7.9],
			"to": [9.00797, 30.68493, 8.1],
			"rotation": {"angle": 0, "axis": "y", "origin": [-1.69203, 0.28493, 0]},
			"faces": {
				"north": {"uv": [4, 0, 4.25, 2.75], "texture": "#0"},
				"east": {"uv": [5.5, 4, 5.625, 6.75], "texture": "#0"},
				"south": {"uv": [4, 3, 4.25, 5.75], "texture": "#0"},
				"west": {"uv": [6, 0, 6.125, 2.75], "texture": "#0"},
				"up": {"uv": [9.75, 4.625, 9.5, 4.5], "texture": "#0"},
				"down": {"uv": [5.25, 9.5, 5, 9.625], "texture": "#0"}
			}
		},
		{
			"from": [6.99203, 25.18493, 7.9],
			"to": [7.49203, 30.68493, 8.1],
			"rotation": {"angle": 0, "axis": "y", "origin": [-3.20797, 0.28493, 0]},
			"faces": {
				"north": {"uv": [4.5, 0, 4.75, 2.75], "texture": "#0"},
				"east": {"uv": [6, 3, 6.125, 5.75], "texture": "#0"},
				"south": {"uv": [3, 4.5, 3.25, 7.25], "texture": "#0"},
				"west": {"uv": [4, 6, 4.125, 8.75], "texture": "#0"},
				"up": {"uv": [9.75, 5.125, 9.5, 5], "texture": "#0"},
				"down": {"uv": [5.75, 9.5, 5.5, 9.625], "texture": "#0"}
			}
		},
		{
			"from": [8.75294, 24.5935, 7.9],
			"to": [9.25294, 25.4935, 8.1],
			"rotation": {"angle": 45, "axis": "z", "origin": [9.00294, 25.0435, 8]},
			"faces": {
				"north": {"uv": [0.5, 7.5, 0.75, 7.9375], "texture": "#0"},
				"east": {"uv": [9, 6.5, 9.125, 6.9375], "texture": "#0"},
				"south": {"uv": [3, 7.5, 3.25, 7.9375], "texture": "#0"},
				"west": {"uv": [7, 9, 7.125, 9.4375], "texture": "#0"},
				"up": {"uv": [9.75, 5.625, 9.5, 5.5], "texture": "#0"},
				"down": {"uv": [6.25, 9.5, 6, 9.625], "texture": "#0"}
			}
		},
		{
			"from": [6.74706, 23.41066, 7.9],
			"to": [7.24706, 24.31066, 8.1],
			"rotation": {"angle": 45, "axis": "z", "origin": [6.99706, 23.86066, 8]},
			"faces": {
				"north": {"uv": [4.5, 7.5, 4.75, 7.9375], "texture": "#0"},
				"east": {"uv": [9, 7, 9.125, 7.4375], "texture": "#0"},
				"south": {"uv": [6, 7.5, 6.25, 7.9375], "texture": "#0"},
				"west": {"uv": [7.5, 9, 7.625, 9.4375], "texture": "#0"},
				"up": {"uv": [9.75, 6.125, 9.5, 6], "texture": "#0"},
				"down": {"uv": [6.75, 9.5, 6.5, 9.625], "texture": "#0"}
			}
		},
		{
			"from": [6.74706, 24.5935, 7.9],
			"to": [7.24706, 25.4935, 8.1],
			"rotation": {"angle": -45, "axis": "z", "origin": [6.99706, 25.0435, 8]},
			"faces": {
				"north": {"uv": [4.5, 8, 4.75, 8.4375], "texture": "#0"},
				"east": {"uv": [9, 7.5, 9.125, 7.9375], "texture": "#0"},
				"south": {"uv": [6, 8, 6.25, 8.4375], "texture": "#0"},
				"west": {"uv": [8, 9, 8.125, 9.4375], "texture": "#0"},
				"up": {"uv": [9.75, 6.625, 9.5, 6.5], "texture": "#0"},
				"down": {"uv": [7.25, 9.5, 7, 9.625], "texture": "#0"}
			}
		},
		{
			"from": [8.55294, 23.61066, 7.9],
			"to": [9.45294, 24.11066, 8.1],
			"rotation": {"angle": 45, "axis": "z", "origin": [9.00294, 23.86066, 8]},
			"faces": {
				"north": {"uv": [0.5, 8.5, 0.9375, 8.75], "texture": "#0"},
				"east": {"uv": [9.5, 7, 9.625, 7.25], "texture": "#0"},
				"south": {"uv": [1, 8.5, 1.4375, 8.75], "texture": "#0"},
				"west": {"uv": [7.5, 9.5, 7.625, 9.75], "texture": "#0"},
				"up": {"uv": [9.4375, 8.125, 9, 8], "texture": "#0"},
				"down": {"uv": [8.9375, 9, 8.5, 9.125], "texture": "#0"}
			}
		},
		{
			"from": [8.99792, 24.00208, 7.9],
			"to": [9.49792, 24.90208, 8.1],
			"rotation": {"angle": 0, "axis": "z", "origin": [9.24792, 24.45208, 8]},
			"faces": {
				"north": {"uv": [1.5, 8.5, 1.75, 8.9375], "texture": "#0"},
				"east": {"uv": [9, 8.5, 9.125, 8.9375], "texture": "#0"},
				"south": {"uv": [2, 8.5, 2.25, 8.9375], "texture": "#0"},
				"west": {"uv": [9, 9, 9.125, 9.4375], "texture": "#0"},
				"up": {"uv": [9.75, 7.625, 9.5, 7.5], "texture": "#0"},
				"down": {"uv": [8.25, 9.5, 8, 9.625], "texture": "#0"}
			}
		},
		{
			"from": [6.50208, 24.00208, 7.9],
			"to": [7.00208, 24.90208, 8.1],
			"rotation": {"angle": 0, "axis": "y", "origin": [6.75208, 24.45208, 8]},
			"faces": {
				"north": {"uv": [2.5, 8.5, 2.75, 8.9375], "texture": "#0"},
				"east": {"uv": [0, 9.5, 0.125, 9.9375], "texture": "#0"},
				"south": {"uv": [8.5, 2.5, 8.75, 2.9375], "texture": "#0"},
				"west": {"uv": [9.5, 0, 9.625, 0.4375], "texture": "#0"},
				"up": {"uv": [9.75, 8.125, 9.5, 8], "texture": "#0"},
				"down": {"uv": [8.75, 9.5, 8.5, 9.625], "texture": "#0"}
			}
		},
		{
			"from": [8.50797, 21.01924, 7.9],
			"to": [9.00797, 23.71924, 8.1],
			"rotation": {"angle": 0, "axis": "y", "origin": [8.75797, 23.26924, 8]},
			"faces": {
				"north": {"uv": [6, 6, 6.25, 7.375], "texture": "#0"},
				"east": {"uv": [7, 4.5, 7.125, 5.875], "texture": "#0"},
				"south": {"uv": [6.5, 0, 6.75, 1.375], "texture": "#0"},
				"west": {"uv": [5.5, 7, 5.625, 8.375], "texture": "#0"},
				"up": {"uv": [9.75, 8.625, 9.5, 8.5], "texture": "#0"},
				"down": {"uv": [9.25, 9.5, 9, 9.625], "texture": "#0"}
			}
		},
		{
			"from": [5.70797, 21.01924, 7.8],
			"to": [7.00797, 23.71924, 8.2],
			"rotation": {"angle": 0, "axis": "y", "origin": [8.75797, 23.26924, 8]},
			"faces": {
				"north": {"uv": [3, 0, 3.625, 1.375], "texture": "#0"},
				"east": {"uv": [2.5, 6.5, 2.6875, 7.875], "texture": "#0"},
				"south": {"uv": [3, 1.5, 3.625, 2.875], "texture": "#0"},
				"west": {"uv": [6.5, 4, 6.6875, 5.375], "texture": "#0"},
				"up": {"uv": [8.125, 2.6875, 7.5, 2.5], "texture": "#0"},
				"down": {"uv": [8.125, 4, 7.5, 4.1875], "texture": "#0"}
			}
		},
		{
			"from": [9.00797, 21.01924, 7.8],
			"to": [10.30797, 23.71924, 8.2],
			"rotation": {"angle": 0, "axis": "y", "origin": [8.75797, 23.26924, 8]},
			"faces": {
				"north": {"uv": [3, 3, 3.625, 4.375], "texture": "#0"},
				"east": {"uv": [6.5, 5.5, 6.6875, 6.875], "texture": "#0"},
				"south": {"uv": [0, 4, 0.625, 5.375], "texture": "#0"},
				"west": {"uv": [7, 0, 7.1875, 1.375], "texture": "#0"},
				"up": {"uv": [8.125, 4.6875, 7.5, 4.5], "texture": "#0"},
				"down": {"uv": [8.125, 5, 7.5, 5.1875], "texture": "#0"}
			}
		},
		{
			"from": [9.20797, 23.71924, 7.8],
			"to": [10.30797, 24.01924, 8.2],
			"rotation": {"angle": 0, "axis": "y", "origin": [8.75797, 23.26924, 8]},
			"faces": {
				"north": {"uv": [2.5, 9, 3.0625, 9.125], "texture": "#0"},
				"east": {"uv": [2, 10, 2.1875, 10.125], "texture": "#0"},
				"south": {"uv": [9, 2.5, 9.5625, 2.625], "texture": "#0"},
				"west": {"uv": [10, 2, 10.1875, 2.125], "texture": "#0"},
				"up": {"uv": [9.0625, 4.1875, 8.5, 4], "texture": "#0"},
				"down": {"uv": [9.0625, 4.5, 8.5, 4.6875], "texture": "#0"}
			}
		},
		{
			"from": [5.70797, 23.71924, 7.8],
			"to": [6.80797, 24.01924, 8.2],
			"rotation": {"angle": 0, "axis": "y", "origin": [8.75797, 23.26924, 8]},
			"faces": {
				"north": {"uv": [9, 3, 9.5625, 3.125], "texture": "#0"},
				"east": {"uv": [2.5, 10, 2.6875, 10.125], "texture": "#0"},
				"south": {"uv": [3.5, 9, 4.0625, 9.125], "texture": "#0"},
				"west": {"uv": [10, 2.5, 10.1875, 2.625], "texture": "#0"},
				"up": {"uv": [9.0625, 5.1875, 8.5, 5], "texture": "#0"},
				"down": {"uv": [6.0625, 8.5, 5.5, 8.6875], "texture": "#0"}
			}
		},
		{
			"from": [9.10797, 24.91924, 7.8],
			"to": [10.30797, 25.21924, 8.2],
			"rotation": {"angle": 0, "axis": "y", "origin": [8.75797, 23.26924, 8]},
			"faces": {
				"north": {"uv": [9, 1, 9.625, 1.125], "texture": "#0"},
				"east": {"uv": [3, 10, 3.1875, 10.125], "texture": "#0"},
				"south": {"uv": [1.5, 9, 2.125, 9.125], "texture": "#0"},
				"west": {"uv": [10, 3, 10.1875, 3.125], "texture": "#0"},
				"up": {"uv": [8.125, 5.6875, 7.5, 5.5], "texture": "#0"},
				"down": {"uv": [8.125, 6, 7.5, 6.1875], "texture": "#0"}
			}
		},
		{
			"from": [5.70797, 24.91924, 7.8],
			"to": [6.90797, 25.21924, 8.2],
			"rotation": {"angle": 0, "axis": "y", "origin": [8.75797, 23.26924, 8]},
			"faces": {
				"north": {"uv": [9, 1.5, 9.625, 1.625], "texture": "#0"},
				"east": {"uv": [3.5, 10, 3.6875, 10.125], "texture": "#0"},
				"south": {"uv": [9, 2, 9.625, 2.125], "texture": "#0"},
				"west": {"uv": [10, 3.5, 10.1875, 3.625], "texture": "#0"},
				"up": {"uv": [8.125, 6.6875, 7.5, 6.5], "texture": "#0"},
				"down": {"uv": [7.625, 7.5, 7, 7.6875], "texture": "#0"}
			}
		},
		{
			"from": [9.00797, 25.21924, 7.8],
			"to": [10.30797, 29.01924, 8.2],
			"rotation": {"angle": 0, "axis": "y", "origin": [8.75797, 23.26924, 8]},
			"faces": {
				"north": {"uv": [0, 0, 0.625, 1.875], "texture": "#0"},
				"east": {"uv": [0, 5.5, 0.1875, 7.375], "texture": "#0"},
				"south": {"uv": [1, 0, 1.625, 1.875], "texture": "#0"},
				"west": {"uv": [5.5, 0, 5.6875, 1.875], "texture": "#0"},
				"up": {"uv": [8.125, 7.1875, 7.5, 7], "texture": "#0"},
				"down": {"uv": [8.625, 0, 8, 0.1875], "texture": "#0"}
			}
		},
		{
			"from": [5.70797, 25.21924, 7.8],
			"to": [7.00797, 29.01924, 8.2],
			"rotation": {"angle": 0, "axis": "y", "origin": [8.75797, 23.26924, 8]},
			"faces": {
				"north": {"uv": [0, 2, 0.625, 3.875], "texture": "#0"},
				"east": {"uv": [0.5, 5.5, 0.6875, 7.375], "texture": "#0"},
				"south": {"uv": [2, 0, 2.625, 1.875], "texture": "#0"},
				"west": {"uv": [5.5, 2, 5.6875, 3.875], "texture": "#0"},
				"up": {"uv": [1.125, 8.1875, 0.5, 8], "texture": "#0"},
				"down": {"uv": [8.625, 0.5, 8, 0.6875], "texture": "#0"}
			}
		},
		{
			"from": [9.00797, 29.01924, 7.8],
			"to": [10.30797, 29.41924, 8.2],
			"rotation": {"angle": 0, "axis": "y", "origin": [8.75797, 23.26924, 8]},
			"faces": {
				"north": {"uv": [8, 1, 8.625, 1.1875], "texture": "#0"},
				"east": {"uv": [0.5, 9.5, 0.6875, 9.6875], "texture": "#0"},
				"south": {"uv": [1.5, 8, 2.125, 8.1875], "texture": "#0"},
				"west": {"uv": [9.5, 0.5, 9.6875, 0.6875], "texture": "#0"},
				"up": {"uv": [3.125, 8.1875, 2.5, 8], "texture": "#0"},
				"down": {"uv": [8.625, 3, 8, 3.1875], "texture": "#0"}
			}
		},
		{
			"from": [5.70797, 29.01924, 7.8],
			"to": [7.00797, 29.41924, 8.2],
			"rotation": {"angle": 0, "axis": "y", "origin": [8.75797, 23.26924, 8]},
			"faces": {
				"north": {"uv": [8, 3.5, 8.625, 3.6875], "texture": "#0"},
				"east": {"uv": [1, 9.5, 1.1875, 9.6875], "texture": "#0"},
				"south": {"uv": [7, 8, 7.625, 8.1875], "texture": "#0"},
				"west": {"uv": [1.5, 9.5, 1.6875, 9.6875], "texture": "#0"},
				"up": {"uv": [8.625, 7.6875, 8, 7.5], "texture": "#0"},
				"down": {"uv": [8.625, 8, 8, 8.1875], "texture": "#0"}
			}
		},
		{
			"from": [9.00797, 29.41924, 7.8],
			"to": [10.00797, 29.81924, 8.2],
			"rotation": {"angle": 0, "axis": "y", "origin": [8.75797, 23.26924, 8]},
			"faces": {
				"north": {"uv": [3, 8.5, 3.5, 8.6875], "texture": "#0"},
				"east": {"uv": [2, 9.5, 2.1875, 9.6875], "texture": "#0"},
				"south": {"uv": [4.5, 8.5, 5, 8.6875], "texture": "#0"},
				"west": {"uv": [2.5, 9.5, 2.6875, 9.6875], "texture": "#0"},
				"up": {"uv": [9, 5.6875, 8.5, 5.5], "texture": "#0"},
				"down": {"uv": [9, 6, 8.5, 6.1875], "texture": "#0"}
			}
		},
		{
			"from": [6.00797, 29.41924, 7.8],
			"to": [7.00797, 29.81924, 8.2],
			"rotation": {"angle": 0, "axis": "y", "origin": [8.75797, 23.26924, 8]},
			"faces": {
				"north": {"uv": [6.5, 8.5, 7, 8.6875], "texture": "#0"},
				"east": {"uv": [3, 9.5, 3.1875, 9.6875], "texture": "#0"},
				"south": {"uv": [8.5, 6.5, 9, 6.6875], "texture": "#0"},
				"west": {"uv": [3.5, 9.5, 3.6875, 9.6875], "texture": "#0"},
				"up": {"uv": [7.5, 8.6875, 7, 8.5], "texture": "#0"},
				"down": {"uv": [9, 7, 8.5, 7.1875], "texture": "#0"}
			}
		},
		{
			"from": [9.00797, 29.81924, 7.8],
			"to": [9.60797, 30.21924, 8.2],
			"rotation": {"angle": 0, "axis": "y", "origin": [8.75797, 23.26924, 8]},
			"faces": {
				"north": {"uv": [9, 3.5, 9.3125, 3.6875], "texture": "#0"},
				"east": {"uv": [9.5, 3.5, 9.6875, 3.6875], "texture": "#0"},
				"south": {"uv": [4.5, 9, 4.8125, 9.1875], "texture": "#0"},
				"west": {"uv": [4, 9.5, 4.1875, 9.6875], "texture": "#0"},
				"up": {"uv": [5.3125, 9.1875, 5, 9], "texture": "#0"},
				"down": {"uv": [5.8125, 9, 5.5, 9.1875], "texture": "#0"}
			}
		},
		{
			"from": [6.40797, 29.81924, 7.8],
			"to": [7.00797, 30.21924, 8.2],
			"rotation": {"angle": 0, "axis": "y", "origin": [8.75797, 23.26924, 8]},
			"faces": {
				"north": {"uv": [9, 5.5, 9.3125, 5.6875], "texture": "#0"},
				"east": {"uv": [9.5, 4, 9.6875, 4.1875], "texture": "#0"},
				"south": {"uv": [6, 9, 6.3125, 9.1875], "texture": "#0"},
				"west": {"uv": [4.5, 9.5, 4.6875, 9.6875], "texture": "#0"},
				"up": {"uv": [9.3125, 6.1875, 9, 6], "texture": "#0"},
				"down": {"uv": [6.8125, 9, 6.5, 9.1875], "texture": "#0"}
			}
		},
		{
			"from": [9.40797, 24.01924, 7.8],
			"to": [10.30797, 24.91924, 8.2],
			"rotation": {"angle": 0, "axis": "y", "origin": [8.75797, 23.26924, 8]},
			"faces": {
				"north": {"uv": [7, 1.5, 7.4375, 1.9375], "texture": "#0"},
				"east": {"uv": [7.5, 8.5, 7.6875, 8.9375], "texture": "#0"},
				"south": {"uv": [7, 2, 7.4375, 2.4375], "texture": "#0"},
				"west": {"uv": [8, 8.5, 8.1875, 8.9375], "texture": "#0"},
				"up": {"uv": [8.9375, 8.6875, 8.5, 8.5], "texture": "#0"},
				"down": {"uv": [0.4375, 9, 0, 9.1875], "texture": "#0"}
			}
		},
		{
			"from": [5.70797, 24.01924, 7.8],
			"to": [6.60797, 24.91924, 8.2],
			"rotation": {"angle": 0, "axis": "y", "origin": [8.75797, 23.26924, 8]},
			"faces": {
				"north": {"uv": [7, 2.5, 7.4375, 2.9375], "texture": "#0"},
				"east": {"uv": [9, 0, 9.1875, 0.4375], "texture": "#0"},
				"south": {"uv": [7, 4, 7.4375, 4.4375], "texture": "#0"},
				"west": {"uv": [0.5, 9, 0.6875, 9.4375], "texture": "#0"},
				"up": {"uv": [9.4375, 0.6875, 9, 0.5], "texture": "#0"},
				"down": {"uv": [1.4375, 9, 1, 9.1875], "texture": "#0"}
			}
		},
		{
			"from": [6.99203, 21.01924, 7.9],
			"to": [7.49203, 23.71924, 8.1],
			"rotation": {"angle": 0, "axis": "y", "origin": [7.24203, 23.26924, 8]},
			"faces": {
				"north": {"uv": [1, 6.5, 1.25, 7.875], "texture": "#0"},
				"east": {"uv": [7, 6, 7.125, 7.375], "texture": "#0"},
				"south": {"uv": [1.5, 6.5, 1.75, 7.875], "texture": "#0"},
				"west": {"uv": [6.5, 7, 6.625, 8.375], "texture": "#0"},
				"up": {"uv": [9.75, 9.125, 9.5, 9], "texture": "#0"},
				"down": {"uv": [9.75, 9.5, 9.5, 9.625], "texture": "#0"}
			}
		},
		{
			"from": [9.77825, 28.8182, 7.9],
			"to": [10.27825, 31.4182, 8.1],
			"rotation": {"angle": 45, "axis": "z", "origin": [10.02825, 29.5182, 8]},
			"faces": {
				"north": {"uv": [6.5, 1.5, 6.75, 2.8125], "texture": "#0"},
				"east": {"uv": [0, 7.5, 0.125, 8.8125], "texture": "#0"},
				"south": {"uv": [2, 6.5, 2.25, 7.8125], "texture": "#0"},
				"west": {"uv": [7.5, 0, 7.625, 1.3125], "texture": "#0"},
				"up": {"uv": [0.25, 10.125, 0, 10], "texture": "#0"},
				"down": {"uv": [10.25, 0, 10, 0.125], "texture": "#0"}
			}
		},
		{
			"from": [5.09602, 29.69246, 7.9],
			"to": [7.69602, 30.19246, 8.1],
			"rotation": {"angle": 45, "axis": "z", "origin": [6.39602, 29.94246, 8]},
			"faces": {
				"north": {"uv": [6.5, 3, 7.8125, 3.25], "texture": "#0"},
				"east": {"uv": [0.5, 10, 0.625, 10.25], "texture": "#0"},
				"south": {"uv": [6.5, 3.5, 7.8125, 3.75], "texture": "#0"},
				"west": {"uv": [10, 0.5, 10.125, 0.75], "texture": "#0"},
				"up": {"uv": [8.8125, 1.625, 7.5, 1.5], "texture": "#0"},
				"down": {"uv": [8.8125, 2, 7.5, 2.125], "texture": "#0"}
			}
		},
		{
			"from": [10.2, 21.1, 7.9],
			"to": [10.7, 29.2, 8.1],
			"faces": {
				"north": {"uv": [1, 2, 1.25, 6.0625], "texture": "#0"},
				"east": {"uv": [4.5, 3, 4.625, 7.0625], "texture": "#0"},
				"south": {"uv": [1.5, 2, 1.75, 6.0625], "texture": "#0"},
				"west": {"uv": [3.5, 4.5, 3.625, 8.5625], "texture": "#0"},
				"up": {"uv": [1.25, 10.125, 1, 10], "texture": "#0"},
				"down": {"uv": [10.25, 1, 10, 1.125], "texture": "#0"}
			}
		},
		{
			"from": [5.3, 21.1, 7.9],
			"to": [5.8, 29.2, 8.1],
			"rotation": {"angle": 0, "axis": "y", "origin": [-4.9, 0, 0]},
			"faces": {
				"north": {"uv": [2, 2, 2.25, 6.0625], "texture": "#0"},
				"east": {"uv": [5, 0, 5.125, 4.0625], "texture": "#0"},
				"south": {"uv": [2.5, 2, 2.75, 6.0625], "texture": "#0"},
				"west": {"uv": [5, 4.5, 5.125, 8.5625], "texture": "#0"},
				"up": {"uv": [1.75, 10.125, 1.5, 10], "texture": "#0"},
				"down": {"uv": [10.25, 1.5, 10, 1.625], "texture": "#0"}
			}
		},
		{
			"from": [7.4, 23.9, 7.5],
			"to": [8.6, 25.1, 8.5],
			"rotation": {"angle": 45, "axis": "z", "origin": [8, 24.5, 8]},
			"faces": {
				"north": {"uv": [0, 0, 4, 4], "texture": "#2"},
				"east": {"uv": [4, 0, 7, 4], "texture": "#2"},
				"south": {"uv": [0, 4, 4, 8], "texture": "#2"},
				"west": {"uv": [4, 4, 7, 8], "texture": "#2"},
				"up": {"uv": [4, 11, 0, 8], "texture": "#2"},
				"down": {"uv": [12, 0, 8, 3], "texture": "#2"}
			}
		}
	],
	"display": {
		"thirdperson_righthand": {
			"rotation": [0, -90, 0],
			"translation": [0, -1.25, 1.25],
			"scale": [1.38, 1.38, 1.38]
		},
		"thirdperson_lefthand": {
			"rotation": [0, -90, 0],
			"translation": [0, -1.25, 1.25],
			"scale": [1.38, 1.38, 1.38]
		},
		"firstperson_righthand": {
			"rotation": [0, -90, 0],
			"translation": [0, -8, 0],
			"scale": [1.38, 1.38, 1.38]
		},
		"firstperson_lefthand": {
			"rotation": [0, -90, 0],
			"translation": [0, -8, 0],
			"scale": [1.38, 1.38, 1.38]
		},
		"ground": {
			"rotation": [0, 0, 180],
			"translation": [0, 11.75, 0],
			"scale": [0.73, 0.73, 0.73]
		},
		"gui": {
			"rotation": [0, 0, -41],
			"translation": [-3.5, -4, 0],
			"scale": [0.64, 0.64, 0.64]
		},
		"fixed": {
			"rotation": [0, 0, 38],
			"translation": [2, -5.5, 0]
		}
	},
	"groups": [
		{
			"name": "group",
			"origin": [8, 8, 8],
			"color": 0,
			"children": [0, 1, 2, 3, 4, 5, 6, 7, 8, 9, 10, 11]
		},
		{
			"name": "group",
			"origin": [8, 8, 8],
			"color": 0,
			"children": [12, 13, 14, 15, 16, 17, 18, 19, 20, 21, 22, 23, 24, 25, 26, 27, 28, 29, 30, 31, 32, 33, 34, 35, 36, 37, 38, 39, 40, 41]
		},
		{
			"name": "group",
			"origin": [8, 8, 8],
			"color": 0,
			"children": [42]
		}
	]
}