{
	"credit": "Made with Blockbench",
	"texture_size": [32, 32],
	"textures": {
		"0": "simplyswords:item/dark_clarent_hilt",
		"1": "simplyswords:item/dark_clarent_blade",
		"particle": "simplyswords:item/dark_clarent_hilt"
	},
	"elements": [
		{
			"from": [8.2, 31.1, 7.9],
			"to": [9, 31.9, 8.1],
			"rotation": {"angle": 45, "axis": "z", "origin": [8, 30.9, 8]},
			"faces": {
				"north": {"uv": [1, 9.5, 1.375, 9.875], "texture": "#1"},
				"east": {"uv": [10, 8, 10.125, 8.375], "texture": "#1"},
				"south": {"uv": [1.5, 9.5, 1.875, 9.875], "texture": "#1"},
				"west": {"uv": [10, 8.5, 10.125, 8.875], "texture": "#1"},
				"up": {"uv": [9.375, 10.125, 9, 10], "texture": "#1"},
				"down": {"uv": [10.375, 9, 10, 9.125], "texture": "#1"}
			}
		},
		{
			"from": [6.3, 12.64853, 7.8],
			"to": [9.7, 30.04853, 8.2],
			"rotation": {"angle": 0, "axis": "z", "origin": [8, 31.74853, 8]},
			"faces": {
				"north": {"uv": [0, 0, 1.6875, 8.6875], "texture": "#1"},
				"east": {"uv": [6, 0, 6.1875, 8.6875], "texture": "#1"},
				"south": {"uv": [2, 0, 3.6875, 8.6875], "texture": "#1"},
				"west": {"uv": [6.5, 0, 6.6875, 8.6875], "texture": "#1"},
				"up": {"uv": [10.1875, 3.1875, 8.5, 3], "texture": "#1"},
				"down": {"uv": [10.1875, 6.5, 8.5, 6.6875], "texture": "#1"}
			}
		},
		{
			"from": [9.7, 13.74853, 7.8],
			"to": [10.5, 15.04853, 8.2],
			"rotation": {"angle": 0, "axis": "z", "origin": [8, 31.74853, 8]},
			"faces": {
				"north": {"uv": [8, 8.5, 8.375, 9.125], "texture": "#1"},
				"east": {"uv": [5, 9.5, 5.1875, 10.125], "texture": "#1"},
				"south": {"uv": [8.5, 8.5, 8.875, 9.125], "texture": "#1"},
				"west": {"uv": [9.5, 5, 9.6875, 5.625], "texture": "#1"},
				"up": {"uv": [0.375, 10.1875, 0, 10], "texture": "#1"},
				"down": {"uv": [0.875, 10, 0.5, 10.1875], "texture": "#1"}
			}
		},
		{
			"from": [10.5, 13.74853, 7.8],
			"to": [11.2, 14.44853, 8.2],
			"rotation": {"angle": 0, "axis": "y", "origin": [8, 31.74853, 8]},
			"faces": {
				"north": {"uv": [9.5, 2, 9.875, 2.375], "texture": "#1"},
				"east": {"uv": [10, 0.5, 10.1875, 0.875], "texture": "#1"},
				"south": {"uv": [9.5, 2.5, 9.875, 2.875], "texture": "#1"},
				"west": {"uv": [1, 10, 1.1875, 10.375], "texture": "#1"},
				"up": {"uv": [10.375, 1.1875, 10, 1], "texture": "#1"},
				"down": {"uv": [1.875, 10, 1.5, 10.1875], "texture": "#1"}
			}
		},
		{
			"from": [5.5, 13.74853, 7.8],
			"to": [6.3, 15.04853, 8.2],
			"rotation": {"angle": 0, "axis": "z", "origin": [8, 31.74853, 8]},
			"faces": {
				"north": {"uv": [0, 9, 0.375, 9.625], "texture": "#1"},
				"east": {"uv": [5.5, 9.5, 5.6875, 10.125], "texture": "#1"},
				"south": {"uv": [0.5, 9, 0.875, 9.625], "texture": "#1"},
				"west": {"uv": [6, 9.5, 6.1875, 10.125], "texture": "#1"},
				"up": {"uv": [10.375, 2.1875, 10, 2], "texture": "#1"},
				"down": {"uv": [10.375, 2.5, 10, 2.6875], "texture": "#1"}
			}
		},
		{
			"from": [4.8, 13.74853, 7.8],
			"to": [5.5, 14.44853, 8.2],
			"rotation": {"angle": 0, "axis": "y", "origin": [8, 31.74853, 8]},
			"faces": {
				"north": {"uv": [9.5, 3.5, 9.875, 3.875], "texture": "#1"},
				"east": {"uv": [10, 3.5, 10.1875, 3.875], "texture": "#1"},
				"south": {"uv": [9.5, 4, 9.875, 4.375], "texture": "#1"},
				"west": {"uv": [10, 4, 10.1875, 4.375], "texture": "#1"},
				"up": {"uv": [10.375, 5.1875, 10, 5], "texture": "#1"},
				"down": {"uv": [10.375, 5.5, 10, 5.6875], "texture": "#1"}
			}
		},
		{
			"from": [6.7, 30.04853, 7.8],
			"to": [9.3, 30.74853, 8.2],
			"rotation": {"angle": 0, "axis": "z", "origin": [8, 31.74853, 8]},
			"faces": {
				"north": {"uv": [7, 7.5, 8.3125, 7.875], "texture": "#1"},
				"east": {"uv": [7, 10, 7.1875, 10.375], "texture": "#1"},
				"south": {"uv": [8, 0, 9.3125, 0.375], "texture": "#1"},
				"west": {"uv": [10, 7, 10.1875, 7.375], "texture": "#1"},
				"up": {"uv": [9.8125, 7.1875, 8.5, 7], "texture": "#1"},
				"down": {"uv": [9.8125, 7.5, 8.5, 7.6875], "texture": "#1"}
			}
		},
		{
			"from": [7.4, 30.74853, 7.8],
			"to": [8.6, 31.44853, 8.2],
			"rotation": {"angle": 0, "axis": "z", "origin": [8, 31.74853, 8]},
			"faces": {
				"north": {"uv": [1, 9, 1.625, 9.375], "texture": "#1"},
				"east": {"uv": [7.5, 10, 7.6875, 10.375], "texture": "#1"},
				"south": {"uv": [9, 1, 9.625, 1.375], "texture": "#1"},
				"west": {"uv": [10, 7.5, 10.1875, 7.875], "texture": "#1"},
				"up": {"uv": [10.125, 6.1875, 9.5, 6], "texture": "#1"},
				"down": {"uv": [7.625, 9.5, 7, 9.6875], "texture": "#1"}
			}
		},
		{
			"from": [8.76673, 29.3318, 7.9],
			"to": [9.56673, 31.8318, 8.1],
			"rotation": {"angle": 45, "axis": "z", "origin": [9.16673, 30.5818, 8]},
			"faces": {
				"north": {"uv": [5, 7.5, 5.375, 8.75], "texture": "#1"},
				"east": {"uv": [9, 1.5, 9.125, 2.75], "texture": "#1"},
				"south": {"uv": [5.5, 7.5, 5.875, 8.75], "texture": "#1"},
				"west": {"uv": [2, 9, 2.125, 10.25], "texture": "#1"},
				"up": {"uv": [9.875, 10.125, 9.5, 10], "texture": "#1"},
				"down": {"uv": [10.375, 9.5, 10, 9.625], "texture": "#1"}
			}
		},
		{
			"from": [10.30018, 13.32972, 7.9],
			"to": [11.10018, 15.82972, 8.1],
			"rotation": {"angle": 45, "axis": "z", "origin": [10.70018, 14.57972, 8]},
			"faces": {
				"north": {"uv": [8, 0.5, 8.375, 1.75], "texture": "#1"},
				"east": {"uv": [2.5, 9, 2.625, 10.25], "texture": "#1"},
				"south": {"uv": [8, 2, 8.375, 3.25], "texture": "#1"},
				"west": {"uv": [3, 9, 3.125, 10.25], "texture": "#1"},
				"up": {"uv": [10.375, 10.125, 10, 10], "texture": "#1"},
				"down": {"uv": [0.375, 10.5, 0, 10.625], "texture": "#1"}
			}
		},
		{
			"from": [9.3669, 13.17868, 7.9],
			"to": [11.8669, 13.97868, 8.1],
			"rotation": {"angle": 0, "axis": "z", "origin": [10.6169, 13.57868, 8]},
			"faces": {
				"north": {"uv": [8, 3.5, 9.25, 3.875], "texture": "#1"},
				"east": {"uv": [0.5, 10.5, 0.625, 10.875], "texture": "#1"},
				"south": {"uv": [8, 4, 9.25, 4.375], "texture": "#1"},
				"west": {"uv": [10.5, 0.5, 10.625, 0.875], "texture": "#1"},
				"up": {"uv": [10.25, 4.625, 9, 4.5], "texture": "#1"},
				"down": {"uv": [6.25, 9, 5, 9.125], "texture": "#1"}
			}
		},
		{
			"from": [9.6426, 11.49265, 7.9],
			"to": [10.4426, 13.39265, 8.1],
			"rotation": {"angle": 22.5, "axis": "z", "origin": [10.0426, 12.59265, 8]},
			"faces": {
				"north": {"uv": [8.5, 1, 8.875, 1.9375], "texture": "#1"},
				"east": {"uv": [8, 9.5, 8.125, 10.4375], "texture": "#1"},
				"south": {"uv": [8.5, 2, 8.875, 2.9375], "texture": "#1"},
				"west": {"uv": [9.5, 8, 9.625, 8.9375], "texture": "#1"},
				"up": {"uv": [1.375, 10.625, 1, 10.5], "texture": "#1"},
				"down": {"uv": [10.875, 1, 10.5, 1.125], "texture": "#1"}
			}
		},
		{
			"from": [9.53345, 15.18076, 7.9],
			"to": [10.33345, 29.98076, 8.1],
			"rotation": {"angle": 0, "axis": "z", "origin": [9.93345, 28.73076, 8]},
			"faces": {
				"north": {"uv": [4, 0, 4.375, 7.375], "texture": "#1"},
				"east": {"uv": [7, 0, 7.125, 7.375], "texture": "#1"},
				"south": {"uv": [4.5, 0, 4.875, 7.375], "texture": "#1"},
				"west": {"uv": [7.5, 0, 7.625, 7.375], "texture": "#1"},
				"up": {"uv": [1.875, 10.625, 1.5, 10.5], "texture": "#1"},
				"down": {"uv": [2.375, 10.5, 2, 10.625], "texture": "#1"}
			}
		},
		{
			"from": [6.43327, 29.3318, 7.9],
			"to": [7.23327, 31.8318, 8.1],
			"rotation": {"angle": -45, "axis": "z", "origin": [6.83327, 30.5818, 8]},
			"faces": {
				"north": {"uv": [8, 4.5, 8.375, 5.75], "texture": "#1"},
				"east": {"uv": [3.5, 9, 3.625, 10.25], "texture": "#1"},
				"south": {"uv": [8, 6, 8.375, 7.25], "texture": "#1"},
				"west": {"uv": [9, 5, 9.125, 6.25], "texture": "#1"},
				"up": {"uv": [10.875, 2.125, 10.5, 2], "texture": "#1"},
				"down": {"uv": [2.875, 10.5, 2.5, 10.625], "texture": "#1"}
			}
		},
		{
			"from": [5.66655, 15.18076, 7.9],
			"to": [6.46655, 29.98076, 8.1],
			"rotation": {"angle": 0, "axis": "z", "origin": [6.06655, 28.73076, 8]},
			"faces": {
				"north": {"uv": [5, 0, 5.375, 7.375], "texture": "#1"},
				"east": {"uv": [4, 7.5, 4.125, 14.875], "texture": "#1"},
				"south": {"uv": [5.5, 0, 5.875, 7.375], "texture": "#1"},
				"west": {"uv": [4.5, 7.5, 4.625, 14.875], "texture": "#1"},
				"up": {"uv": [10.875, 2.625, 10.5, 2.5], "texture": "#1"},
				"down": {"uv": [3.375, 10.5, 3, 10.625], "texture": "#1"}
			}
		},
		{
			"from": [4.89982, 13.32972, 7.9],
			"to": [5.69982, 15.82972, 8.1],
			"rotation": {"angle": -45, "axis": "z", "origin": [5.29982, 14.57972, 8]},
			"faces": {
				"north": {"uv": [7, 8, 7.375, 9.25], "texture": "#1"},
				"east": {"uv": [6.5, 9, 6.625, 10.25], "texture": "#1"},
				"south": {"uv": [7.5, 8, 7.875, 9.25], "texture": "#1"},
				"west": {"uv": [9, 8.5, 9.125, 9.75], "texture": "#1"},
				"up": {"uv": [10.875, 3.125, 10.5, 3], "texture": "#1"},
				"down": {"uv": [3.875, 10.5, 3.5, 10.625], "texture": "#1"}
			}
		},
		{
			"from": [4.1331, 13.17868, 7.9],
			"to": [6.6331, 13.97868, 8.1],
			"rotation": {"angle": 0, "axis": "z", "origin": [5.3831, 13.57868, 8]},
			"faces": {
				"north": {"uv": [8, 8, 9.25, 8.375], "texture": "#1"},
				"east": {"uv": [10.5, 3.5, 10.625, 3.875], "texture": "#1"},
				"south": {"uv": [8.5, 0.5, 9.75, 0.875], "texture": "#1"},
				"west": {"uv": [10.5, 4, 10.625, 4.375], "texture": "#1"},
				"up": {"uv": [10.75, 0.125, 9.5, 0], "texture": "#1"},
				"down": {"uv": [10.75, 1.5, 9.5, 1.625], "texture": "#1"}
			}
		},
		{
			"from": [5.5574, 11.49265, 7.9],
			"to": [6.3574, 13.39265, 8.1],
			"rotation": {"angle": -22.5, "axis": "z", "origin": [5.9574, 12.59265, 8]},
			"faces": {
				"north": {"uv": [8.5, 4.5, 8.875, 5.4375], "texture": "#1"},
				"east": {"uv": [8.5, 9.5, 8.625, 10.4375], "texture": "#1"},
				"south": {"uv": [8.5, 5.5, 8.875, 6.4375], "texture": "#1"},
				"west": {"uv": [9.5, 9, 9.625, 9.9375], "texture": "#1"},
				"up": {"uv": [10.875, 4.625, 10.5, 4.5], "texture": "#1"},
				"down": {"uv": [5.375, 10.5, 5, 10.625], "texture": "#1"}
			}
		},
		{
			"from": [4.2, 11.04853, 7.5],
			"to": [11.8, 12.04853, 8.5],
			"rotation": {"angle": 0, "axis": "z", "origin": [8, 11.54853, 8]},
			"faces": {
				"north": {"uv": [1.5, 0, 5.25, 0.5], "texture": "#0"},
				"east": {"uv": [5.5, 1.5, 6, 2], "texture": "#0"},
				"south": {"uv": [1.5, 0.5, 5.25, 1], "texture": "#0"},
				"west": {"uv": [2.5, 6, 3, 6.5], "texture": "#0"},
				"up": {"uv": [5.25, 1.5, 1.5, 1], "texture": "#0"},
				"down": {"uv": [5.25, 1.5, 1.5, 2], "texture": "#0"}
			}
		},
		{
			"from": [2.72091, 12.35432, 7.5],
			"to": [3.82091, 14.55432, 8.5],
			"rotation": {"angle": 22.5, "axis": "z", "origin": [3.27091, 13.45432, 8]},
			"faces": {
				"north": {"uv": [6.5, 3, 7.0625, 4.125], "texture": "#0"},
				"east": {"uv": [1.5, 7.5, 2, 8.625], "texture": "#0"},
				"south": {"uv": [6.5, 4.5, 7.0625, 5.625], "texture": "#0"},
				"west": {"uv": [2, 7.5, 2.5, 8.625], "texture": "#0"},
				"up": {"uv": [8.5625, 2.5, 8, 2], "texture": "#0"},
				"down": {"uv": [8.5625, 2.5, 8, 3], "texture": "#0"}
			}
		},
		{
			"from": [3.1, 10.44853, 7.5],
			"to": [4.2, 12.64853, 8.5],
			"rotation": {"angle": 0, "axis": "y", "origin": [8.7, 11.54853, 8]},
			"faces": {
				"north": {"uv": [6.5, 6, 7.0625, 7.125], "texture": "#0"},
				"east": {"uv": [7.5, 3, 8, 4.125], "texture": "#0"},
				"south": {"uv": [7, 1.5, 7.5625, 2.625], "texture": "#0"},
				"west": {"uv": [4, 7.5, 4.5, 8.625], "texture": "#0"},
				"up": {"uv": [8.5625, 3.5, 8, 3], "texture": "#0"},
				"down": {"uv": [8.5625, 3.5, 8, 4], "texture": "#0"}
			}
		},
		{
			"from": [3.47909, 8.54274, 7.5],
			"to": [4.57909, 10.74274, 8.5],
			"rotation": {"angle": 22.5, "axis": "z", "origin": [4.02909, 9.64274, 8]},
			"faces": {
				"north": {"uv": [2.5, 7, 3.0625, 8.125], "texture": "#0"},
				"east": {"uv": [4.5, 7.5, 5, 8.625], "texture": "#0"},
				"south": {"uv": [5, 7, 5.5625, 8.125], "texture": "#0"},
				"west": {"uv": [7.5, 4.5, 8, 5.625], "texture": "#0"},
				"up": {"uv": [8.5625, 4.5, 8, 4], "texture": "#0"},
				"down": {"uv": [8.5625, 4.5, 8, 5], "texture": "#0"}
			}
		},
		{
			"from": [12.17909, 12.35432, 7.5],
			"to": [13.27909, 14.55432, 8.5],
			"rotation": {"angle": -22.5, "axis": "z", "origin": [12.72909, 13.45432, 8]},
			"faces": {
				"north": {"uv": [7.0625, 3, 6.5, 4.125], "texture": "#0"},
				"east": {"uv": [2.5, 7.5, 2, 8.625], "texture": "#0"},
				"south": {"uv": [7.0625, 4.5, 6.5, 5.625], "texture": "#0"},
				"west": {"uv": [2, 7.5, 1.5, 8.625], "texture": "#0"},
				"up": {"uv": [8, 2.5, 8.5625, 2], "texture": "#0"},
				"down": {"uv": [8, 2.5, 8.5625, 3], "texture": "#0"}
			}
		},
		{
			"from": [11.8, 10.44853, 7.5],
			"to": [12.9, 12.64853, 8.5],
			"rotation": {"angle": 0, "axis": "y", "origin": [7.3, 11.54853, 8]},
			"faces": {
				"north": {"uv": [7.0625, 6, 6.5, 7.125], "texture": "#0"},
				"east": {"uv": [4.5, 7.5, 4, 8.625], "texture": "#0"},
				"south": {"uv": [7.5625, 1.5, 7, 2.625], "texture": "#0"},
				"west": {"uv": [8, 3, 7.5, 4.125], "texture": "#0"},
				"up": {"uv": [8, 3.5, 8.5625, 3], "texture": "#0"},
				"down": {"uv": [8, 3.5, 8.5625, 4], "texture": "#0"}
			}
		},
		{
			"from": [11.42091, 8.54274, 7.5],
			"to": [12.52091, 10.74274, 8.5],
			"rotation": {"angle": -22.5, "axis": "z", "origin": [11.97091, 9.64274, 8]},
			"faces": {
				"north": {"uv": [3.0625, 7, 2.5, 8.125], "texture": "#0"},
				"east": {"uv": [8, 4.5, 7.5, 5.625], "texture": "#0"},
				"south": {"uv": [5.5625, 7, 5, 8.125], "texture": "#0"},
				"west": {"uv": [5, 7.5, 4.5, 8.625], "texture": "#0"},
				"up": {"uv": [8, 4.5, 8.5625, 4], "texture": "#0"},
				"down": {"uv": [8, 4.5, 8.5625, 5], "texture": "#0"}
			}
		},
		{
			"from": [5.2, 10.04853, 7.5],
			"to": [10.8, 11.04853, 8.5],
			"rotation": {"angle": 0, "axis": "y", "origin": [8, 10.14853, 8]},
			"faces": {
				"north": {"uv": [3, 2, 5.75, 2.5], "texture": "#0"},
				"east": {"uv": [6, 3, 6.5, 3.5], "texture": "#0"},
				"south": {"uv": [3, 2.5, 5.75, 3], "texture": "#0"},
				"west": {"uv": [6, 3.5, 6.5, 4], "texture": "#0"},
				"up": {"uv": [5.75, 3.5, 3, 3], "texture": "#0"},
				"down": {"uv": [5.75, 3.5, 3, 4], "texture": "#0"}
			}
		},
		{
			"from": [7.3, 8.14853, 7.4],
			"to": [8.7, 10.94853, 8.6],
			"rotation": {"angle": 0, "axis": "y", "origin": [8, 10.14853, 8]},
			"faces": {
				"north": {"uv": [0.5, 4.5, 1.125, 5.875], "texture": "#0"},
				"east": {"uv": [5.5, 0, 6.125, 1.375], "texture": "#0"},
				"south": {"uv": [3, 5.5, 3.625, 6.875], "texture": "#0"},
				"west": {"uv": [5.5, 4, 6.125, 5.375], "texture": "#0"},
				"up": {"uv": [8.125, 6.625, 7.5, 6], "texture": "#0"},
				"down": {"uv": [7.125, 7.5, 6.5, 8.125], "texture": "#0"}
			}
		},
		{
			"from": [7.5, 0.74853, 7.5],
			"to": [8.5, 8.14853, 8.5],
			"rotation": {"angle": 0, "axis": "y", "origin": [8, 10.14853, 8]},
			"faces": {
				"north": {"uv": [1.5, 2, 1.9375, 5.6875], "texture": "#0"},
				"east": {"uv": [2.5, 2, 2.875, 5.6875], "texture": "#0"},
				"south": {"uv": [2, 2, 2.4375, 5.6875], "texture": "#0"},
				"west": {"uv": [0, 3, 0.375, 6.6875], "texture": "#0"},
				"up": {"uv": [5.4375, 6.375, 5, 6], "texture": "#0"},
				"down": {"uv": [2.9375, 6.5, 2.5, 6.875], "texture": "#0"}
			}
		},
		{
			"from": [6.5, 10.84853, 7.3],
			"to": [9.5, 13.84853, 8.7],
			"rotation": {"angle": 45, "axis": "z", "origin": [8, 12.34853, 8]},
			"faces": {
				"north": {"uv": [0, 0, 1.5, 1.5], "texture": "#0"},
				"east": {"uv": [0.5, 3, 1.1875, 4.5], "texture": "#0"},
				"south": {"uv": [0, 1.5, 1.5, 3], "texture": "#0"},
				"west": {"uv": [3, 4, 3.6875, 5.5], "texture": "#0"},
				"up": {"uv": [5.5, 4.6875, 4, 4], "texture": "#0"},
				"down": {"uv": [5.5, 5, 4, 5.6875], "texture": "#0"}
			}
		}
	],
	"display": {
		"thirdperson_righthand": {
			"rotation": [0, 90, 0],
			"translation": [0, 0.75, 1.25]
		},
		"thirdperson_lefthand": {
			"rotation": [0, 90, 0],
			"translation": [0, 0.75, 1.25]
		},
		"firstperson_righthand": {
			"rotation": [0, 90, 0],
			"translation": [0, -0.5, 0]
		},
		"firstperson_lefthand": {
			"rotation": [0, 90, 0],
			"translation": [0, -0.5, 0]
		},
		"ground": {
			"rotation": [0, 0, 180],
			"translation": [0, 14, 0],
			"scale": [0.71, 0.71, 0.71]
		},
		"gui": {
			"rotation": [0, 0, -47],
			"translation": [-4, -3.75, 0],
			"scale": [0.65, 0.65, 0.65]
		},
		"fixed": {
			"rotation": [0, 0, 47],
			"translation": [5.25, -5, 0]
		}
	},
	"groups": [
		{
			"name": "group",
			"origin": [8, 8, 8],
			"color": 0,
			"children": [0, 1, 2, 3, 4, 5, 6, 7, 8, 9, 10, 11, 12, 13, 14, 15, 16, 17]
		},
		{
			"name": "group",
			"origin": [8, 8, 8],
			"color": 0,
			"children": [18, 19, 20, 21, 22, 23, 24, 25, 26, 27, 28]
		}
	]
}