{
	"credit": "Made with Blockbench",
	"texture_size": [32, 32],
	"textures": {
		"0": "simplyswords:item/dn_hilt",
		"1": "simplyswords:item/dn_blade",
		"particle": "simplyswords:item/dn_hilt"
	},
	"elements": [
		{
			"from": [7.9, 29.8, 6.6],
			"to": [8.1, 30.8, 8.5],
			"rotation": {"angle": -45, "axis": "x", "origin": [8, 29.8, 7.5]},
			"faces": {
				"north": {"uv": [6, 4, 6.125, 4.5], "texture": "#1"},
				"east": {"uv": [6, 0, 7, 0.5], "texture": "#1"},
				"south": {"uv": [6, 4.5, 6.125, 5], "texture": "#1"},
				"west": {"uv": [6, 0.5, 7, 1], "texture": "#1"},
				"up": {"uv": [6.125, 2, 6, 1], "texture": "#1"},
				"down": {"uv": [6.125, 2, 6, 3], "texture": "#1"}
			}
		},
		{
			"from": [7.8, 8.45858, 6.75147],
			"to": [8.2, 28.75858, 7.55147],
			"rotation": {"angle": 0, "axis": "x", "origin": [8, 29.65858, 6.65147]},
			"faces": {
				"north": {"uv": [3, 0, 3.25, 10.125], "texture": "#1"},
				"east": {"uv": [2, 0, 2.375, 10.125], "texture": "#1"},
				"south": {"uv": [3.5, 0, 3.75, 10.125], "texture": "#1"},
				"west": {"uv": [2.5, 0, 2.875, 10.125], "texture": "#1"},
				"up": {"uv": [6.25, 3.375, 6, 3], "texture": "#1"},
				"down": {"uv": [6.25, 3.5, 6, 3.875], "texture": "#1"}
			}
		},
		{
			"from": [7.8, 28.75858, 6.95147],
			"to": [8.2, 29.15858, 7.55147],
			"rotation": {"angle": 0, "axis": "y", "origin": [8, 29.65858, 6.65147]},
			"faces": {
				"north": {"uv": [6, 5, 6.25, 5.25], "texture": "#1"},
				"east": {"uv": [6, 5.5, 6.25, 5.75], "texture": "#1"},
				"south": {"uv": [6, 6, 6.25, 6.25], "texture": "#1"},
				"west": {"uv": [6.5, 1, 6.75, 1.25], "texture": "#1"},
				"up": {"uv": [6.75, 1.75, 6.5, 1.5], "texture": "#1"},
				"down": {"uv": [6.75, 2, 6.5, 2.25], "texture": "#1"}
			}
		},
		{
			"from": [7.8, 29.15858, 7.05147],
			"to": [8.2, 29.55858, 7.55147],
			"rotation": {"angle": 0, "axis": "y", "origin": [8, 29.65858, 6.65147]},
			"faces": {
				"north": {"uv": [6.5, 2.5, 6.75, 2.75], "texture": "#1"},
				"east": {"uv": [6.5, 3, 6.75, 3.25], "texture": "#1"},
				"south": {"uv": [6.5, 3.5, 6.75, 3.75], "texture": "#1"},
				"west": {"uv": [6.5, 4, 6.75, 4.25], "texture": "#1"},
				"up": {"uv": [6.75, 4.75, 6.5, 4.5], "texture": "#1"},
				"down": {"uv": [6.75, 5, 6.5, 5.25], "texture": "#1"}
			}
		},
		{
			"from": [7.9, 9.17071, 6.1565],
			"to": [8.1, 29.87071, 7.1565],
			"rotation": {"angle": 0, "axis": "x", "origin": [8, 28.67071, 6.6565]},
			"faces": {
				"north": {"uv": [5, 0, 5.125, 10.375], "texture": "#1"},
				"east": {"uv": [1, 0, 1.5, 10.375], "texture": "#1"},
				"south": {"uv": [5.5, 0, 5.625, 10.375], "texture": "#1"},
				"west": {"uv": [1.5, 0, 2, 10.375], "texture": "#1"},
				"up": {"uv": [6.625, 6, 6.5, 5.5], "texture": "#1"},
				"down": {"uv": [6.125, 6.5, 6, 7], "texture": "#1"}
			}
		},
		{
			"from": [7.9, 8.40711, 7.20711],
			"to": [8.1, 30.50711, 8.20711],
			"rotation": {"angle": 0, "axis": "y", "origin": [8, 29.30711, 4.90711]},
			"faces": {
				"north": {"uv": [4, 0, 4.125, 11], "texture": "#1"},
				"east": {"uv": [0, 0, 0.5, 11], "texture": "#1"},
				"south": {"uv": [4.5, 0, 4.625, 11], "texture": "#1"},
				"west": {"uv": [0.5, 0, 1, 11], "texture": "#1"},
				"up": {"uv": [6.625, 6.5, 6.5, 6], "texture": "#1"},
				"down": {"uv": [6.625, 6.5, 6.5, 7], "texture": "#1"}
			}
		},
		{
			"from": [5.9, 8.35858, 5.15147],
			"to": [10.1, 9.25858, 9.25147],
			"rotation": {"angle": 0, "axis": "y", "origin": [8, 29.65858, 7.15147]},
			"faces": {
				"north": {"uv": [8, 2, 12.25, 3], "texture": "#0"},
				"east": {"uv": [8, 3, 12.25, 4], "texture": "#0"},
				"south": {"uv": [8, 4, 12.25, 5], "texture": "#0"},
				"west": {"uv": [8, 5, 12.25, 6], "texture": "#0"},
				"up": {"uv": [4.25, 4.25, 0, 0], "texture": "#0"},
				"down": {"uv": [4.25, 5, 0, 9.25], "texture": "#0"}
			}
		},
		{
			"from": [7.7, 9.25858, 6.05147],
			"to": [8.3, 11.05858, 8.35147],
			"rotation": {"angle": 0, "axis": "y", "origin": [8, 29.65858, 7.15147]},
			"faces": {
				"north": {"uv": [11, 0, 11.5, 1.75], "texture": "#0"},
				"east": {"uv": [6, 7, 8.5, 8.75], "texture": "#0"},
				"south": {"uv": [6, 11, 6.5, 12.75], "texture": "#0"},
				"west": {"uv": [8, 0, 10.5, 1.75], "texture": "#0"},
				"up": {"uv": [4.5, 12.5, 4, 10], "texture": "#0"},
				"down": {"uv": [10.5, 10, 10, 12.5], "texture": "#0"}
			}
		},
		{
			"from": [7.6, 1.75858, 6.85147],
			"to": [8.4, 8.35858, 7.65147],
			"rotation": {"angle": 0, "axis": "y", "origin": [8, 29.65858, 7.15147]},
			"faces": {
				"north": {"uv": [5, 0, 5.75, 6.5], "texture": "#0"},
				"east": {"uv": [6, 0, 6.75, 6.5], "texture": "#0"},
				"south": {"uv": [7, 0, 7.75, 6.5], "texture": "#0"},
				"west": {"uv": [5, 7, 5.75, 13.5], "texture": "#0"},
				"up": {"uv": [8.75, 6.75, 8, 6], "texture": "#0"},
				"down": {"uv": [9.75, 8, 9, 8.75], "texture": "#0"}
			}
		},
		{
			"from": [7.3, 0.35858, 6.55147],
			"to": [8.7, 1.75858, 7.95147],
			"rotation": {"angle": 0, "axis": "y", "origin": [8, 29.65858, 7.15147]},
			"faces": {
				"north": {"uv": [6, 9, 7.5, 10.5], "texture": "#0"},
				"east": {"uv": [9, 6, 10.5, 7.5], "texture": "#0"},
				"south": {"uv": [8, 9, 9.5, 10.5], "texture": "#0"},
				"west": {"uv": [0, 10, 1.5, 11.5], "texture": "#0"},
				"up": {"uv": [3.5, 11.5, 2, 10], "texture": "#0"},
				"down": {"uv": [11.5, 8, 10, 9.5], "texture": "#0"}
			}
		}
	],
	"display": {
		"thirdperson_righthand": {
			"translation": [0, 0.25, 2],
			"scale": [1.23, 1.23, 1.23]
		},
		"thirdperson_lefthand": {
			"translation": [0, 0.25, 2],
			"scale": [1.23, 1.23, 1.23]
		},
		"firstperson_righthand": {
			"translation": [0, 1.5, 0],
			"scale": [1.23, 1.23, 1.23]
		},
		"firstperson_lefthand": {
			"translation": [0, 1.5, 0],
			"scale": [1.23, 1.23, 1.23]
		},
		"ground": {
			"rotation": [0, 0, 180],
			"translation": [0, 13.75, 0],
			"scale": [0.76, 0.76, 0.76]
		},
		"gui": {
			"rotation": [0, 61, -161],
			"translation": [0, 4.25, 0],
			"scale": [0.58, 0.58, 0.58]
		},
		"fixed": {
			"rotation": [0, -90, 0],
			"translation": [0, -6.25, -0.5],
			"scale": [0.76, 0.76, 0.76]
		}
	},
	"groups": [
		{
			"name": "group",
			"origin": [8, 8, 8],
			"color": 0,
			"children": [0, 1, 2, 3, 4, 5]
		},
		{
			"name": "group",
			"origin": [8, 8, 8],
			"color": 0,
			"children": [6, 7, 8, 9]
		}
	]
}