{
	"credit": "Made with Blockbench",
	"texture_size": [8, 8],
	"textures": {
		"0": "simplyswords:item/endbringer_blade",
		"1": "simplyswords:item/endbringer_guard",
		"2": "simplyswords:item/endbringer_eye",
		"particle": "block/endbringer_guard"
	},
	"elements": [
		{
			"from": [7.9, 26.64756, 11.1467],
			"to": [8.1, 27.44756, 11.9467],
			"rotation": {"angle": -45, "axis": "x", "origin": [8, 26.89756, 7.9967]},
			"faces": {
				"north": {"uv": [10, 9, 10.125, 9.375], "texture": "#0"},
				"east": {"uv": [9.5, 1, 9.875, 1.375], "texture": "#0"},
				"south": {"uv": [9.5, 10, 9.625, 10.375], "texture": "#0"},
				"west": {"uv": [9.5, 2.5, 9.875, 2.875], "texture": "#0"},
				"up": {"uv": [10.125, 9.875, 10, 9.5], "texture": "#0"},
				"down": {"uv": [10.125, 10, 10, 10.375], "texture": "#0"}
			}
		},
		{
			"from": [7.9, 26.64756, 3.6467],
			"to": [8.1, 27.44756, 11.1467],
			"rotation": {"angle": -45, "axis": "x", "origin": [8, 26.89756, 7.9967]},
			"faces": {
				"north": {"uv": [0, 10.5, 0.125, 10.875], "texture": "#0"},
				"east": {"uv": [5, 0, 8.75, 0.375], "texture": "#0"},
				"south": {"uv": [10.5, 0, 10.625, 0.375], "texture": "#0"},
				"west": {"uv": [5, 0.5, 8.75, 0.875], "texture": "#0"},
				"up": {"uv": [4.125, 9.75, 4, 6], "texture": "#0"},
				"down": {"uv": [6.125, 5, 6, 8.75], "texture": "#0"}
			}
		},
		{
			"from": [7.9, 26.61386, 10.16655],
			"to": [8.1, 29.51386, 10.96655],
			"rotation": {"angle": 0, "axis": "x", "origin": [8, 26.46386, 10.76655]},
			"faces": {
				"north": {"uv": [9, 5, 9.125, 6.5], "texture": "#0"},
				"east": {"uv": [2.5, 6, 2.875, 7.5], "texture": "#0"},
				"south": {"uv": [6, 9, 6.125, 10.5], "texture": "#0"},
				"west": {"uv": [3, 6, 3.375, 7.5], "texture": "#0"},
				"up": {"uv": [10.625, 0.875, 10.5, 0.5], "texture": "#0"},
				"down": {"uv": [1.125, 10.5, 1, 10.875], "texture": "#0"}
			}
		},
		{
			"from": [7.9, 11.01386, 10.16655],
			"to": [8.1, 21.91386, 10.96655],
			"rotation": {"angle": 0, "axis": "y", "origin": [8, 26.46386, 10.56655]},
			"faces": {
				"north": {"uv": [5, 1.5, 5.125, 6.875], "texture": "#0"},
				"east": {"uv": [4, 0, 4.375, 5.375], "texture": "#0"},
				"south": {"uv": [2, 5, 2.125, 10.375], "texture": "#0"},
				"west": {"uv": [0, 4.5, 0.375, 9.875], "texture": "#0"},
				"up": {"uv": [10.625, 1.375, 10.5, 1], "texture": "#0"},
				"down": {"uv": [1.625, 10.5, 1.5, 10.875], "texture": "#0"}
			}
		},
		{
			"from": [7.9, 25.81386, 8.86655],
			"to": [8.1, 26.61386, 10.96655],
			"rotation": {"angle": 0, "axis": "x", "origin": [8, 26.11386, 9.71655]},
			"faces": {
				"north": {"uv": [10.5, 1.5, 10.625, 1.875], "texture": "#0"},
				"east": {"uv": [3, 8, 4, 8.375], "texture": "#0"},
				"south": {"uv": [2, 10.5, 2.125, 10.875], "texture": "#0"},
				"west": {"uv": [8, 3.5, 9, 3.875], "texture": "#0"},
				"up": {"uv": [9.625, 6.5, 9.5, 5.5], "texture": "#0"},
				"down": {"uv": [9.625, 7, 9.5, 8], "texture": "#0"}
			}
		},
		{
			"from": [7.9, 21.91386, 8.86655],
			"to": [8.1, 22.71386, 10.96655],
			"rotation": {"angle": 0, "axis": "y", "origin": [8, 26.11386, 9.51655]},
			"faces": {
				"north": {"uv": [10.5, 2, 10.625, 2.375], "texture": "#0"},
				"east": {"uv": [8, 4, 9, 4.375], "texture": "#0"},
				"south": {"uv": [2.5, 10.5, 2.625, 10.875], "texture": "#0"},
				"west": {"uv": [8, 5, 9, 5.375], "texture": "#0"},
				"up": {"uv": [8.625, 10.5, 8.5, 9.5], "texture": "#0"},
				"down": {"uv": [9.625, 8.5, 9.5, 9.5], "texture": "#0"}
			}
		},
		{
			"from": [7.9, 22.71386, 8.86655],
			"to": [8.1, 25.81386, 9.66655],
			"rotation": {"angle": 0, "axis": "x", "origin": [8, 23.86386, 9.26655]},
			"faces": {
				"north": {"uv": [6.5, 9, 6.625, 10.5], "texture": "#0"},
				"east": {"uv": [6, 3, 6.375, 4.5], "texture": "#0"},
				"south": {"uv": [7.5, 9, 7.625, 10.5], "texture": "#0"},
				"west": {"uv": [3.5, 6, 3.875, 7.5], "texture": "#0"},
				"up": {"uv": [10.625, 2.875, 10.5, 2.5], "texture": "#0"},
				"down": {"uv": [3.125, 10.5, 3, 10.875], "texture": "#0"}
			}
		},
		{
			"from": [7.8, 11.11386, 6.46655],
			"to": [8.2, 20.31386, 10.16655],
			"rotation": {"angle": 0, "axis": "x", "origin": [8, 18.56386, 6.06655]},
			"faces": {
				"north": {"uv": [1, 4.5, 1.25, 9], "texture": "#0"},
				"east": {"uv": [0, 0, 1.875, 4.5], "texture": "#0"},
				"south": {"uv": [1.5, 4.5, 1.75, 9], "texture": "#0"},
				"west": {"uv": [2, 0, 3.875, 4.5], "texture": "#0"},
				"up": {"uv": [6.75, 6.875, 6.5, 5], "texture": "#0"},
				"down": {"uv": [5.25, 7, 5, 8.875], "texture": "#0"}
			}
		},
		{
			"from": [7.8, 20.31386, 6.46655],
			"to": [8.2, 21.11386, 10.16655],
			"rotation": {"angle": 0, "axis": "y", "origin": [8, 18.56386, 6.06655]},
			"faces": {
				"north": {"uv": [10, 0.5, 10.25, 0.875], "texture": "#0"},
				"east": {"uv": [2, 4.5, 3.875, 4.875], "texture": "#0"},
				"south": {"uv": [10, 1, 10.25, 1.375], "texture": "#0"},
				"west": {"uv": [5, 1, 6.875, 1.375], "texture": "#0"},
				"up": {"uv": [7.25, 6.875, 7, 5], "texture": "#0"},
				"down": {"uv": [6.75, 7, 6.5, 8.875], "texture": "#0"}
			}
		},
		{
			"from": [7.8, 21.11386, 7.16655],
			"to": [8.2, 21.91386, 10.16655],
			"rotation": {"angle": 0, "axis": "y", "origin": [8, 18.56386, 6.06655]},
			"faces": {
				"north": {"uv": [10, 2, 10.25, 2.375], "texture": "#0"},
				"east": {"uv": [2.5, 5, 4, 5.375], "texture": "#0"},
				"south": {"uv": [2.5, 10, 2.75, 10.375], "texture": "#0"},
				"west": {"uv": [6, 4.5, 7.5, 4.875], "texture": "#0"},
				"up": {"uv": [5.75, 9.5, 5.5, 8], "texture": "#0"},
				"down": {"uv": [8.25, 5.5, 8, 7], "texture": "#0"}
			}
		},
		{
			"from": [7.8, 21.91386, 7.06655],
			"to": [8.2, 22.71386, 8.86655],
			"rotation": {"angle": 0, "axis": "y", "origin": [8, 18.56386, 6.06655]},
			"faces": {
				"north": {"uv": [10, 2.5, 10.25, 2.875], "texture": "#0"},
				"east": {"uv": [8.5, 2.5, 9.375, 2.875], "texture": "#0"},
				"south": {"uv": [3, 10, 3.25, 10.375], "texture": "#0"},
				"west": {"uv": [3, 8.5, 3.875, 8.875], "texture": "#0"},
				"up": {"uv": [3.25, 9.875, 3, 9], "texture": "#0"},
				"down": {"uv": [3.75, 9, 3.5, 9.875], "texture": "#0"}
			}
		},
		{
			"from": [7.8, 22.71386, 6.26655],
			"to": [8.2, 23.51386, 8.86655],
			"rotation": {"angle": 0, "axis": "y", "origin": [8, 18.56386, 6.06655]},
			"faces": {
				"north": {"uv": [10, 3, 10.25, 3.375], "texture": "#0"},
				"east": {"uv": [6.5, 3, 7.75, 3.375], "texture": "#0"},
				"south": {"uv": [3.5, 10, 3.75, 10.375], "texture": "#0"},
				"west": {"uv": [6.5, 3.5, 7.75, 3.875], "texture": "#0"},
				"up": {"uv": [8.75, 6.75, 8.5, 5.5], "texture": "#0"},
				"down": {"uv": [7.25, 8.5, 7, 9.75], "texture": "#0"}
			}
		},
		{
			"from": [7.8, 23.51386, 5.66655],
			"to": [8.2, 24.31386, 8.86655],
			"rotation": {"angle": 0, "axis": "y", "origin": [8, 18.56386, 6.06655]},
			"faces": {
				"north": {"uv": [10, 3.5, 10.25, 3.875], "texture": "#0"},
				"east": {"uv": [5.5, 1.5, 7.125, 1.875], "texture": "#0"},
				"south": {"uv": [4, 10, 4.25, 10.375], "texture": "#0"},
				"west": {"uv": [5.5, 2, 7.125, 2.375], "texture": "#0"},
				"up": {"uv": [7.75, 6.625, 7.5, 5], "texture": "#0"},
				"down": {"uv": [7.75, 7, 7.5, 8.625], "texture": "#0"}
			}
		},
		{
			"from": [7.8, 24.31386, 5.66655],
			"to": [8.2, 25.11386, 8.86655],
			"rotation": {"angle": 0, "axis": "y", "origin": [8, 18.56386, 6.06655]},
			"faces": {
				"north": {"uv": [10, 4, 10.25, 4.375], "texture": "#0"},
				"east": {"uv": [2.5, 5.5, 4.125, 5.875], "texture": "#0"},
				"south": {"uv": [4.5, 10, 4.75, 10.375], "texture": "#0"},
				"west": {"uv": [5.5, 2.5, 7.125, 2.875], "texture": "#0"},
				"up": {"uv": [8.25, 3.125, 8, 1.5], "texture": "#0"},
				"down": {"uv": [2.75, 8, 2.5, 9.625], "texture": "#0"}
			}
		},
		{
			"from": [7.8, 25.11386, 6.46655],
			"to": [8.2, 25.91386, 8.86655],
			"rotation": {"angle": 0, "axis": "y", "origin": [8, 18.56386, 6.06655]},
			"faces": {
				"north": {"uv": [10, 4.5, 10.25, 4.875], "texture": "#0"},
				"east": {"uv": [6.5, 4, 7.75, 4.375], "texture": "#0"},
				"south": {"uv": [5, 10, 5.25, 10.375], "texture": "#0"},
				"west": {"uv": [7, 1, 8.25, 1.375], "texture": "#0"},
				"up": {"uv": [8.75, 9.25, 8.5, 8], "texture": "#0"},
				"down": {"uv": [9.25, 0, 9, 1.25], "texture": "#0"}
			}
		},
		{
			"from": [7.8, 25.91386, 7.16655],
			"to": [8.2, 26.51386, 8.86655],
			"rotation": {"angle": 0, "axis": "y", "origin": [8, 18.56386, 6.06655]},
			"faces": {
				"north": {"uv": [10, 5, 10.25, 5.25], "texture": "#0"},
				"east": {"uv": [9, 2, 9.875, 2.25], "texture": "#0"},
				"south": {"uv": [10, 5.5, 10.25, 5.75], "texture": "#0"},
				"west": {"uv": [9, 3.5, 9.875, 3.75], "texture": "#0"},
				"up": {"uv": [9.25, 4.875, 9, 4], "texture": "#0"},
				"down": {"uv": [5.25, 9, 5, 9.875], "texture": "#0"}
			}
		},
		{
			"from": [7.8, 26.51386, 7.86655],
			"to": [8.2, 27.11386, 10.56655],
			"rotation": {"angle": 0, "axis": "y", "origin": [8, 18.56386, 6.06655]},
			"faces": {
				"north": {"uv": [10, 6, 10.25, 6.25], "texture": "#0"},
				"east": {"uv": [8, 7, 9.375, 7.25], "texture": "#0"},
				"south": {"uv": [10, 6.5, 10.25, 6.75], "texture": "#0"},
				"west": {"uv": [8, 7.5, 9.375, 7.75], "texture": "#0"},
				"up": {"uv": [8.25, 9.375, 8, 8], "texture": "#0"},
				"down": {"uv": [8.75, 1, 8.5, 2.375], "texture": "#0"}
			}
		},
		{
			"from": [7.8, 27.11386, 8.36655],
			"to": [8.2, 27.71386, 10.56655],
			"rotation": {"angle": 0, "axis": "y", "origin": [8, 18.56386, 6.06655]},
			"faces": {
				"north": {"uv": [7, 10, 7.25, 10.25], "texture": "#0"},
				"east": {"uv": [8.5, 3, 9.625, 3.25], "texture": "#0"},
				"south": {"uv": [10, 7, 10.25, 7.25], "texture": "#0"},
				"west": {"uv": [9, 1.5, 10.125, 1.75], "texture": "#0"},
				"up": {"uv": [1.25, 10.125, 1, 9], "texture": "#0"},
				"down": {"uv": [1.75, 9, 1.5, 10.125], "texture": "#0"}
			}
		},
		{
			"from": [7.8, 27.71386, 8.96655],
			"to": [8.2, 28.31386, 10.56655],
			"rotation": {"angle": 0, "axis": "y", "origin": [8, 18.56386, 6.06655]},
			"faces": {
				"north": {"uv": [10, 7.5, 10.25, 7.75], "texture": "#0"},
				"east": {"uv": [9, 6.5, 9.75, 6.75], "texture": "#0"},
				"south": {"uv": [10, 8, 10.25, 8.25], "texture": "#0"},
				"west": {"uv": [9, 8, 9.75, 8.25], "texture": "#0"},
				"up": {"uv": [9.25, 9.25, 9, 8.5], "texture": "#0"},
				"down": {"uv": [9.75, 0, 9.5, 0.75], "texture": "#0"}
			}
		},
		{
			"from": [7.8, 28.31386, 9.56655],
			"to": [8.2, 28.91386, 10.56655],
			"rotation": {"angle": 0, "axis": "y", "origin": [8, 18.56386, 6.06655]},
			"faces": {
				"north": {"uv": [10, 8.5, 10.25, 8.75], "texture": "#0"},
				"east": {"uv": [9, 9.5, 9.5, 9.75], "texture": "#0"},
				"south": {"uv": [9, 10, 9.25, 10.25], "texture": "#0"},
				"west": {"uv": [9.5, 9.5, 10, 9.75], "texture": "#0"},
				"up": {"uv": [0.25, 10.5, 0, 10], "texture": "#0"},
				"down": {"uv": [10.25, 0, 10, 0.5], "texture": "#0"}
			}
		},
		{
			"from": [7.9, 11.07502, 5.66325],
			"to": [8.1, 20.67502, 6.46325],
			"rotation": {"angle": 0, "axis": "y", "origin": [8, 18.62502, 6.06325]},
			"faces": {
				"north": {"uv": [4.5, 5, 4.625, 9.75], "texture": "#0"},
				"east": {"uv": [4.5, 0, 4.875, 4.75], "texture": "#0"},
				"south": {"uv": [5.5, 3, 5.625, 7.75], "texture": "#0"},
				"west": {"uv": [0.5, 4.5, 0.875, 9.25], "texture": "#0"},
				"up": {"uv": [10.625, 3.375, 10.5, 3], "texture": "#0"},
				"down": {"uv": [3.625, 10.5, 3.5, 10.875], "texture": "#0"}
			}
		},
		{
			"from": [7.9, 22.02814, 6.42997],
			"to": [8.1, 24.52814, 7.22997],
			"rotation": {"angle": -45, "axis": "x", "origin": [8, 22.47814, 6.82997]},
			"faces": {
				"north": {"uv": [0.5, 9.5, 0.625, 10.75], "texture": "#0"},
				"east": {"uv": [7, 7, 7.375, 8.25], "texture": "#0"},
				"south": {"uv": [9.5, 4, 9.625, 5.25], "texture": "#0"},
				"west": {"uv": [7.5, 1.5, 7.875, 2.75], "texture": "#0"},
				"up": {"uv": [10.625, 3.875, 10.5, 3.5], "texture": "#0"},
				"down": {"uv": [4.125, 10.5, 4, 10.875], "texture": "#0"}
			}
		},
		{
			"from": [7.9, 20.87606, 5.57997],
			"to": [8.1, 21.67606, 8.07997],
			"rotation": {"angle": -45, "axis": "x", "origin": [8, 21.27606, 6.82997]},
			"faces": {
				"north": {"uv": [10.5, 4, 10.625, 4.375], "texture": "#0"},
				"east": {"uv": [2.5, 7.5, 3.75, 7.875], "texture": "#0"},
				"south": {"uv": [4.5, 10.5, 4.625, 10.875], "texture": "#0"},
				"west": {"uv": [7.5, 4.5, 8.75, 4.875], "texture": "#0"},
				"up": {"uv": [5.625, 10.75, 5.5, 9.5], "texture": "#0"},
				"down": {"uv": [8.125, 9.5, 8, 10.75], "texture": "#0"}
			}
		},
		{
			"from": [7.3, 10, 5],
			"to": [8.7, 11.2, 11.6],
			"faces": {
				"north": {"uv": [6, 7, 6.75, 7.625], "texture": "#1"},
				"east": {"uv": [3, 0, 6.25, 0.625], "texture": "#1"},
				"south": {"uv": [7, 7, 7.75, 7.625], "texture": "#1"},
				"west": {"uv": [3, 1, 6.25, 1.625], "texture": "#1"},
				"up": {"uv": [0.75, 5.75, 0, 2.5], "texture": "#1"},
				"down": {"uv": [1.75, 2.5, 1, 5.75], "texture": "#1"}
			}
		},
		{
			"from": [7.7, 10.1, 7.1],
			"to": [8.3, 14.5, 9.5],
			"faces": {
				"north": {"uv": [4, 7, 4.25, 9.25], "texture": "#1"},
				"east": {"uv": [0, 0, 1.25, 2.25], "texture": "#1"},
				"south": {"uv": [4.5, 7, 4.75, 9.25], "texture": "#1"},
				"west": {"uv": [1.5, 0, 2.75, 2.25], "texture": "#1"},
				"up": {"uv": [2.75, 8.75, 2.5, 7.5], "texture": "#1"},
				"down": {"uv": [7.25, 8, 7, 9.25], "texture": "#1"}
			}
		},
		{
			"from": [7.5, 10.1, 7.4],
			"to": [8.5, 13.6, 9.2],
			"faces": {
				"north": {"uv": [5, 2, 5.5, 3.75], "texture": "#1"},
				"east": {"uv": [4, 2, 4.875, 3.75], "texture": "#1"},
				"south": {"uv": [5, 4, 5.5, 5.75], "texture": "#1"},
				"west": {"uv": [4, 4, 4.875, 5.75], "texture": "#1"},
				"up": {"uv": [7, 1.875, 6.5, 1], "texture": "#1"},
				"down": {"uv": [0.5, 7.5, 0, 8.375], "texture": "#1"}
			}
		},
		{
			"from": [7.4, 8.83223, 3.68076],
			"to": [8.6, 10.03223, 5.98076],
			"rotation": {"angle": -45, "axis": "x", "origin": [8, 9.43223, 4.08076]},
			"faces": {
				"north": {"uv": [0.5, 7.5, 1.125, 8.125], "texture": "#1"},
				"east": {"uv": [4, 6, 5.125, 6.625], "texture": "#1"},
				"south": {"uv": [1.5, 7.5, 2.125, 8.125], "texture": "#1"},
				"west": {"uv": [6.5, 0, 7.625, 0.625], "texture": "#1"},
				"up": {"uv": [7.125, 5.125, 6.5, 4], "texture": "#1"},
				"down": {"uv": [7.125, 5.5, 6.5, 6.625], "texture": "#1"}
			}
		},
		{
			"from": [7.5, 7.5908, 3.76807],
			"to": [8.5, 9.8908, 4.96807],
			"rotation": {"angle": -22.5, "axis": "x", "origin": [8, 8.7408, 4.36807]},
			"faces": {
				"north": {"uv": [5, 7, 5.5, 8.125], "texture": "#1"},
				"east": {"uv": [7, 1, 7.625, 2.125], "texture": "#1"},
				"south": {"uv": [5.5, 7, 6, 8.125], "texture": "#1"},
				"west": {"uv": [7, 2.5, 7.625, 3.625], "texture": "#1"},
				"up": {"uv": [8.5, 7.625, 8, 7], "texture": "#1"},
				"down": {"uv": [8, 8, 7.5, 8.625], "texture": "#1"}
			}
		},
		{
			"from": [7.4, 11.52132, 10.47279],
			"to": [8.6, 12.72132, 13.17279],
			"rotation": {"angle": -45, "axis": "x", "origin": [8, 12.12132, 12.87279]},
			"faces": {
				"north": {"uv": [7.5, 4, 8.125, 4.625], "texture": "#1"},
				"east": {"uv": [5.5, 2, 6.875, 2.625], "texture": "#1"},
				"south": {"uv": [7.5, 5, 8.125, 5.625], "texture": "#1"},
				"west": {"uv": [5.5, 3, 6.875, 3.625], "texture": "#1"},
				"up": {"uv": [6.125, 5.375, 5.5, 4], "texture": "#1"},
				"down": {"uv": [6.125, 5.5, 5.5, 6.875], "texture": "#1"}
			}
		},
		{
			"from": [7.5, 11.90919, 12.30919],
			"to": [8.5, 14.60919, 13.50919],
			"rotation": {"angle": 0, "axis": "x", "origin": [8, 13.25919, 12.90919]},
			"faces": {
				"north": {"uv": [3, 7, 3.5, 8.375], "texture": "#1"},
				"east": {"uv": [0, 6, 0.625, 7.375], "texture": "#1"},
				"south": {"uv": [3.5, 7, 4, 8.375], "texture": "#1"},
				"west": {"uv": [1, 6, 1.625, 7.375], "texture": "#1"},
				"up": {"uv": [8.5, 8.625, 8, 8], "texture": "#1"},
				"down": {"uv": [0.5, 8.5, 0, 9.125], "texture": "#1"}
			}
		},
		{
			"from": [7.4, 9.2, 8.1],
			"to": [8.6, 10.5, 9.4],
			"rotation": {"angle": -45, "axis": "x", "origin": [8, 9.35, 8.3]},
			"faces": {
				"north": {"uv": [7.5, 6, 8.125, 6.625], "texture": "#1"},
				"east": {"uv": [8, 0, 8.625, 0.625], "texture": "#1"},
				"south": {"uv": [8, 1, 8.625, 1.625], "texture": "#1"},
				"west": {"uv": [8, 2, 8.625, 2.625], "texture": "#1"},
				"up": {"uv": [8.625, 3.625, 8, 3], "texture": "#1"},
				"down": {"uv": [6.625, 8, 6, 8.625], "texture": "#1"}
			}
		},
		{
			"from": [7.6, 0.77175, 7.81464],
			"to": [8.4, 10.17175, 8.71464],
			"rotation": {"angle": 0, "axis": "x", "origin": [8, 10.02175, 8.26464]},
			"faces": {
				"north": {"uv": [3, 2, 3.375, 6.75], "texture": "#1"},
				"east": {"uv": [2, 2.5, 2.5, 7.25], "texture": "#1"},
				"south": {"uv": [3.5, 2, 3.875, 6.75], "texture": "#1"},
				"west": {"uv": [2.5, 2.5, 3, 7.25], "texture": "#1"},
				"up": {"uv": [0.875, 9, 0.5, 8.5], "texture": "#1"},
				"down": {"uv": [1.375, 8.5, 1, 9], "texture": "#1"}
			}
		},
		{
			"from": [7.8, 23.01386, 9.96655],
			"to": [8.2, 25.61386, 12.56655],
			"rotation": {"angle": 0, "axis": "y", "origin": [8, 18.56386, 6.06655]},
			"faces": {
				"north": {"uv": [6, 0, 7, 5], "texture": "#2"},
				"east": {"uv": [0, 0, 5, 5], "texture": "#2"},
				"south": {"uv": [6, 6, 7, 11], "texture": "#2"},
				"west": {"uv": [0, 6, 5, 11], "texture": "#2"},
				"up": {"uv": [9, 5, 8, 0], "texture": "#2"},
				"down": {"uv": [9, 6, 8, 11], "texture": "#2"}
			}
		}
	],
	"display": {
		"thirdperson_righthand": {
			"translation": [0, -0.75, 1],
			"scale": [1.16, 1.16, 1.16]
		},
		"thirdperson_lefthand": {
			"translation": [0, -0.75, 1],
			"scale": [1.16, 1.16, 1.16]
		},
		"firstperson_righthand": {
			"scale": [1.16, 1.16, 1.16]
		},
		"firstperson_lefthand": {
			"scale": [1.16, 1.16, 1.16]
		},
		"gui": {
			"rotation": [99, 117, 102],
			"translation": [-3.5, 5.25, 0],
			"scale": [0.82, 0.82, 0.82]
		},
		"fixed": {
			"rotation": [0, -90, 0],
			"translation": [0, -8.5, -0.25]
		}
	},
	"groups": [
		{
			"name": "group",
			"origin": [8, 8, 8],
			"color": 0,
			"children": [0, 1, 2, 3, 4, 5, 6, 7, 8, 9, 10, 11, 12, 13, 14, 15, 16, 17, 18, 19, 20, 21, 22]
		},
		{
			"name": "group",
			"origin": [8, 8, 8],
			"color": 0,
			"children": [23, 24, 25, 26, 27, 28, 29, 30, 31]
		},
		{
			"name": "group",
			"origin": [8, 8, 8],
			"color": 0,
			"children": [32]
		}
	]
}